id	path	depth	start	end	size	source	line_defined	last_line_defined	ncode	nconst	nchild	maxstack	nloc	nupv	top_globals_get	top_globals_set	top_ops
1	0.0	1	0x144	0x1be4e7	1827747	tab_cha.lua	0	0	223480	3159	0	25	0	0	"[[""tab_cha"", 540], [""table"", 1]]"	"[[""tab_cha"", 1]]"	"{""NEWTABLE"": 12937, ""SETGLOBAL"": 1, ""GETGLOBAL"": 541, ""GETTABLE"": 1, ""LOADK"": 105220, ""CALL"": 1, ""SETLIST"": 6141, ""SETTABLE"": 98637, ""RETURN"": 1}"
2	0.1	1	0x1be4e7	0x1be58e	167	tab_terrain.lua	0	0	8	4	0	3	0	0	"[[""table"", 1], [""tab_terrain"", 1]]"	"[[""tab_terrain"", 1]]"	"{""NEWTABLE"": 1, ""SETGLOBAL"": 1, ""GETGLOBAL"": 2, ""GETTABLE"": 1, ""LOADK"": 1, ""CALL"": 1, ""RETURN"": 1}"
3	0.2	1	0x1be58e	0x1c4c16	26248	tab_sceneobj.lua	0	0	2316	468	0	5	0	0	"[[""tab_sceneobj"", 138], [""table"", 1]]"	"[[""tab_sceneobj"", 1]]"	"{""NEWTABLE"": 275, ""SETGLOBAL"": 1, ""GETGLOBAL"": 139, ""GETTABLE"": 1, ""LOADK"": 528, ""CALL"": 1, ""SETTABLE"": 1370, ""RETURN"": 1}"
4	0.3	1	0x1c4c16	0x1c5169	1363	tab_shadow.lua	0	0	89	36	0	3	0	0	"[[""tab_shadow"", 10], [""table"", 1]]"	"[[""tab_shadow"", 1]]"	"{""NEWTABLE"": 19, ""SETGLOBAL"": 1, ""GETGLOBAL"": 11, ""GETTABLE"": 1, ""LOADK"": 1, ""CALL"": 1, ""SETTABLE"": 54, ""RETURN"": 1}"
5	0.4	1	0x1c5169	0xe57189	13180960	tab_skill.lua	0	0	1616243	5477	0	25	0	0	"[[""tab_skill"", 1625], [""table"", 1]]"	"[[""tab_skill"", 1]]"	"{""NEWTABLE"": 196474, ""SETGLOBAL"": 1, ""GETGLOBAL"": 1626, ""GETTABLE"": 1, ""LOADK"": 757745, ""CALL"": 1, ""SETLIST"": 139090, ""SETTABLE"": 521304, ""RETURN"": 1}"
6	0.5	1	0xe57189	0x10ee97e	2717685	tab_skilleff.lua	0	0	335725	2495	0	55	0	0	"[[""tab_skilleff"", 1026], [""table"", 1]]"	"[[""tab_skilleff"", 1]]"	"{""NEWTABLE"": 34816, ""SETGLOBAL"": 1, ""GETGLOBAL"": 1027, ""GETTABLE"": 1, ""LOADK"": 158472, ""CALL"": 1, ""SETLIST"": 31731, ""SETTABLE"": 109675, ""RETURN"": 1}"
7	0.6	1	0x10ee97e	0x11dad1a	967580	tab_item.lua	0	0	109759	2258	0	16	0	0	"[[""tab_item"", 686], [""table"", 1]]"	"[[""tab_item"", 1]]"	"{""NEWTABLE"": 10776, ""SETGLOBAL"": 1, ""GETGLOBAL"": 687, ""GETTABLE"": 1, ""LOADK"": 46316, ""CALL"": 1, ""SETLIST"": 4026, ""SETTABLE"": 47950, ""RETURN"": 1}"
8	0.7	1	0x11dad1a	0x11e0c4c	24370	tab_sound.lua	0	0	2218	357	0	5	0	0	"[[""tab_sound"", 130], [""table"", 1]]"	"[[""tab_sound"", 1]]"	"{""NEWTABLE"": 259, ""SETGLOBAL"": 1, ""GETGLOBAL"": 131, ""GETTABLE"": 1, ""LOADK"": 147, ""CALL"": 1, ""SETTABLE"": 1677, ""RETURN"": 1}"
9	0.8	1	0x11e0c4c	0x1210711	195269	tab_effect.lua	0	0	19112	2239	0	5	0	0	"[[""tab_effect"", 769], [""table"", 1]]"	"[[""tab_effect"", 1]]"	"{""NEWTABLE"": 1537, ""SETGLOBAL"": 1, ""GETGLOBAL"": 770, ""GETTABLE"": 1, ""LOADK"": 7585, ""CALL"": 1, ""SETTABLE"": 9216, ""RETURN"": 1}"
10	0.9	1	0x1210711	0x1210f23	2066	tab_upgrade.lua	0	0	150	52	0	6	0	0	"[[""tab_upgrade"", 5], [""table"", 1]]"	"[[""tab_upgrade"", 1]]"	"{""NEWTABLE"": 16, ""SETGLOBAL"": 1, ""GETGLOBAL"": 6, ""GETTABLE"": 1, ""LOADK"": 9, ""CALL"": 1, ""SETTABLE"": 108, ""SETLIST"": 7, ""RETURN"": 1}"
11	0.10	1	0x1210f23	0x1212d7a	7767	tab_interface.lua	0	0	504	191	0	3	0	0	"[[""tab_interface"", 63], [""table"", 1]]"	"[[""tab_interface"", 1]]"	"{""NEWTABLE"": 125, ""SETGLOBAL"": 1, ""GETGLOBAL"": 64, ""GETTABLE"": 1, ""LOADK"": 1, ""CALL"": 1, ""SETTABLE"": 310, ""RETURN"": 1}"
12	0.11	1	0x1212d7a	0x1212e1d	163	tab_cliff.lua	0	0	8	4	0	3	0	0	"[[""table"", 1], [""tab_cliff"", 1]]"	"[[""tab_cliff"", 1]]"	"{""NEWTABLE"": 1, ""SETGLOBAL"": 1, ""GETGLOBAL"": 2, ""GETTABLE"": 1, ""LOADK"": 1, ""CALL"": 1, ""RETURN"": 1}"
13	0.12	1	0x1212e1d	0x12139f0	3027	tab_GlobalMapInfo.lua	0	0	197	108	0	39	0	0	"[[""tab_GlobalMapInfo"", 2], [""table"", 1]]"	"[[""tab_GlobalMapInfo"", 1]]"	"{""NEWTABLE"": 17, ""SETGLOBAL"": 1, ""GETGLOBAL"": 3, ""GETTABLE"": 1, ""LOADK"": 114, ""CALL"": 1, ""SETTABLE"": 45, ""SETLIST"": 14, ""RETURN"": 1}"
14	0.13	1	0x12139f0	0x1213a9b	171	tab_UserEvent.lua	0	0	8	4	0	3	0	0	"[[""table"", 1], [""tab_UserEvent"", 1]]"	"[[""tab_UserEvent"", 1]]"	"{""NEWTABLE"": 1, ""SETGLOBAL"": 1, ""GETGLOBAL"": 2, ""GETTABLE"": 1, ""LOADK"": 1, ""CALL"": 1, ""RETURN"": 1}"
15	0.14	1	0x1213a9b	0x1213b48	173	tab_UserAction.lua	0	0	8	4	0	3	0	0	"[[""table"", 1], [""tab_UserAction"", 1]]"	"[[""tab_UserAction"", 1]]"	"{""NEWTABLE"": 1, ""SETGLOBAL"": 1, ""GETGLOBAL"": 2, ""GETTABLE"": 1, ""LOADK"": 1, ""CALL"": 1, ""RETURN"": 1}"
16	0.15	1	0x1213b48	0x1213bf3	171	tab_condition.lua	0	0	8	4	0	3	0	0	"[[""table"", 1], [""tab_condition"", 1]]"	"[[""tab_condition"", 1]]"	"{""NEWTABLE"": 1, ""SETGLOBAL"": 1, ""GETGLOBAL"": 2, ""GETTABLE"": 1, ""LOADK"": 1, ""CALL"": 1, ""RETURN"": 1}"
17	0.16	1	0x1213bf3	0x1213c9a	167	tab_MapAttr.lua	0	0	8	4	0	3	0	0	"[[""table"", 1], [""tab_MapAttr"", 1]]"	"[[""tab_MapAttr"", 1]]"	"{""NEWTABLE"": 1, ""SETGLOBAL"": 1, ""GETGLOBAL"": 2, ""GETTABLE"": 1, ""LOADK"": 1, ""CALL"": 1, ""RETURN"": 1}"
18	0.17	1	0x1213c9a	0x12154a4	6154	tab_mission.lua	0	0	256	145	0	5	0	0	"[[""tab_mission"", 2], [""table"", 1]]"	"[[""tab_mission"", 1]]"	"{""NEWTABLE"": 48, ""SETGLOBAL"": 1, ""GETGLOBAL"": 3, ""GETTABLE"": 1, ""LOADK"": 35, ""CALL"": 1, ""SETTABLE"": 132, ""SETLIST"": 34, ""RETURN"": 1}"
19	0.18	1	0x12154a4	0x1216bb4	5904	tab_skillunit.lua	0	0	625	70	0	9	0	0	"[[""tab_skillunit"", 12], [""table"", 1]]"	"[[""tab_skillunit"", 1]]"	"{""NEWTABLE"": 100, ""SETGLOBAL"": 1, ""GETGLOBAL"": 13, ""GETTABLE"": 1, ""LOADK"": 211, ""CALL"": 1, ""SETLIST"": 77, ""SETTABLE"": 220, ""RETURN"": 1}"
20	0.19	1	0x1216bb4	0x1216f23	879	tab_skillunit_cdt.lua	0	0	68	20	0	5	0	0	"[[""tab_skillunit_cdt"", 5], [""table"", 1]]"	"[[""tab_skillunit_cdt"", 1]]"	"{""NEWTABLE"": 13, ""SETGLOBAL"": 1, ""GETGLOBAL"": 6, ""GETTABLE"": 1, ""LOADK"": 5, ""CALL"": 1, ""SETTABLE"": 36, ""SETLIST"": 4, ""RETURN"": 1}"
21	0.20	1	0x1216f23	0x1216fd4	177	tab_skillunit_do.lua	0	0	8	4	0	3	0	0	"[[""table"", 1], [""tab_skillunit_do"", 1]]"	"[[""tab_skillunit_do"", 1]]"	"{""NEWTABLE"": 1, ""SETGLOBAL"": 1, ""GETGLOBAL"": 2, ""GETTABLE"": 1, ""LOADK"": 1, ""CALL"": 1, ""RETURN"": 1}"
22	0.21	1	0x1216fd4	0x121736b	919	tab_ansList.lua	0	0	71	21	0	5	0	0	"[[""tab_ansList"", 4], [""table"", 1]]"	"[[""tab_ansList"", 1]]"	"{""NEWTABLE"": 16, ""SETGLOBAL"": 1, ""GETGLOBAL"": 5, ""GETTABLE"": 1, ""LOADK"": 10, ""CALL"": 1, ""SETTABLE"": 27, ""SETLIST"": 9, ""RETURN"": 1}"
23	0.22	1	0x121736b	0x121747e	275	tab_tget.lua	0	0	15	8	0	3	0	0	"[[""tab_tget"", 2], [""table"", 1]]"	"[[""tab_tget"", 1]]"	"{""NEWTABLE"": 3, ""SETGLOBAL"": 1, ""GETGLOBAL"": 3, ""GETTABLE"": 1, ""LOADK"": 1, ""CALL"": 1, ""SETTABLE"": 4, ""RETURN"": 1}"
24	0.23	1	0x121747e	0x121abb5	14135	tab_penpics.lua	0	0	979	259	0	10	0	0	"[[""tab_penpics"", 48], [""table"", 1]]"	"[[""tab_penpics"", 1]]"	"{""NEWTABLE"": 189, ""SETGLOBAL"": 1, ""GETGLOBAL"": 49, ""GETTABLE"": 1, ""LOADK"": 24, ""CALL"": 1, ""SETTABLE"": 705, ""SETLIST"": 8, ""RETURN"": 1}"
25	0.24	1	0x121abb5	0x121ac64	175	tab_UserTrigger.lua	0	0	8	4	0	3	0	0	"[[""table"", 1], [""tab_UserTrigger"", 1]]"	"[[""tab_UserTrigger"", 1]]"	"{""NEWTABLE"": 1, ""SETGLOBAL"": 1, ""GETGLOBAL"": 2, ""GETTABLE"": 1, ""LOADK"": 1, ""CALL"": 1, ""RETURN"": 1}"
26	0.25	1	0x121ac64	0x121ad13	175	tab_UserCatalog.lua	0	0	8	4	0	3	0	0	"[[""table"", 1], [""tab_UserCatalog"", 1]]"	"[[""tab_UserCatalog"", 1]]"	"{""NEWTABLE"": 1, ""SETGLOBAL"": 1, ""GETGLOBAL"": 2, ""GETTABLE"": 1, ""LOADK"": 1, ""CALL"": 1, ""RETURN"": 1}"
27	0.26	1	0x121ad13	0x121cf15	8706	ScoreItem.lua	0	0	978	74	0	27	0	0	"[[""ScoreItem"", 31], [""table"", 1]]"	"[[""ScoreItem"", 1]]"	"{""NEWTABLE"": 61, ""SETGLOBAL"": 1, ""GETGLOBAL"": 32, ""GETTABLE"": 1, ""LOADK"": 641, ""CALL"": 1, ""SETTABLE"": 210, ""SETLIST"": 30, ""RETURN"": 1}"
28	0.27	1	0x121cf15	0x121e208	4851	ScoreRule.lua	0	0	456	110	0	5	0	0	"[[""ScoreRule"", 33], [""table"", 1]]"	"[[""ScoreRule"", 1]]"	"{""NEWTABLE"": 121, ""SETGLOBAL"": 1, ""GETGLOBAL"": 34, ""GETTABLE"": 1, ""LOADK"": 1, ""CALL"": 1, ""SETTABLE"": 264, ""SETLIST"": 32, ""RETURN"": 1}"
29	0.28	1	0x121e208	0x121faf2	6378	tab_model.lua	0	0	647	86	0	8	0	0	"[[""tab_model"", 12], [""table"", 1]]"	"[[""tab_model"", 1]]"	"{""NEWTABLE"": 89, ""SETGLOBAL"": 1, ""GETGLOBAL"": 13, ""GETTABLE"": 1, ""LOADK"": 46, ""CALL"": 1, ""SETTABLE"": 473, ""SETLIST"": 22, ""RETURN"": 1}"
30	0.29	1	0x121faf2	0x1251c7d	205195	tab_icon.lua	0	0	22791	2145	0	5	0	0	"[[""tab_icon"", 1090], [""table"", 1]]"	"[[""tab_icon"", 1]]"	"{""NEWTABLE"": 2179, ""SETGLOBAL"": 1, ""GETGLOBAL"": 1091, ""GETTABLE"": 1, ""LOADK"": 8627, ""CALL"": 1, ""SETTABLE"": 10890, ""RETURN"": 1}"
31	0.30	1	0x1251c7d	0x1252cbc	4159	map_data00.o	0	0	344	133	0	3	0	0	"[[""tab_area"", 29], [""table"", 1]]"	"[[""tab_area"", 1]]"	"{""NEWTABLE"": 57, ""SETGLOBAL"": 1, ""GETGLOBAL"": 30, ""GETTABLE"": 1, ""LOADK"": 1, ""CALL"": 1, ""SETTABLE"": 252, ""RETURN"": 1}"
33	0.31.0	2	0x1252d42	0x1252d8b	73	10002_data01.o	1	1	3	1	0	2	0	0	[]	[]	"{""LOADK"": 1, ""RETURN"": 2}"
35	0.31.1.0	3	0x1252fee	0x125301e	48	10002_data01.o	10	10	1	0	0	2	0	0	[]	[]	"{""RETURN"": 1}"
36	0.31.1.1	3	0x125301e	0x125304e	48	10002_data01.o	10	10	1	0	0	2	0	0	[]	[]	"{""RETURN"": 1}"
37	0.31.1.2	3	0x125304e	0x125307e	48	10002_data01.o	12	12	1	0	0	2	0	0	[]	[]	"{""RETURN"": 1}"
34	0.31.1	2	0x1252d8b	0x12531bd	1074	10002_data01.o	2	13	66	24	3	4	3	0	"[[""g_map_init_0000"", 4], [""type"", 2], [""helper_get003"", 2], [""map_version"", 1], [""tab_cha"", 1], [""tab_item"", 1], [""tab_sceneobj"", 1], [""tab_area"", 1], [""tab_effect"", 1], [""tab_skill"", 1], [""AddSceneObj"", 1], [""AddCha"", 1]]"	"[[""g_map_init_0000"", 1], [""AddSceneObj"", 1], [""AddCha"", 1], [""tab_cha"", 1], [""tab_item"", 1], [""tab_sceneobj"", 1], [""tab_area"", 1], [""tab_effect"", 1], [""tab_skill"", 1], [""global_user_area_id_list"", 1]]"	"{""LOADK"": 1, ""GETGLOBAL"": 17, ""CALL"": 4, ""EQ"": 2, ""JMP"": 4, ""MOVE"": 2, ""LE"": 1, ""NEWTABLE"": 9, ""SETGLOBAL"": 10, ""SETTABLE"": 10, ""GETTABLE"": 2, ""CLOSURE"": 3, ""RETURN"": 1}"
38	0.31.2	2	0x12531bd	0x1253384	455	10002_data01.o	14	18	26	16	0	2	1	0	"[[""g_map_init_0000"", 3], [""type"", 2]]"	"[[""tab_cha"", 1], [""tab_item"", 1], [""tab_sceneobj"", 1], [""tab_area"", 1], [""tab_effect"", 1], [""tab_skill"", 1]]"	"{""GETGLOBAL"": 5, ""CALL"": 2, ""EQ"": 2, ""JMP"": 2, ""GETTABLE"": 8, ""SETGLOBAL"": 6, ""RETURN"": 1}"
32	0.31	1	0x1252cbc	0x12533b4	1784	10002_data01.o	0	0	9	3	3	2	0	0	"[[""map_init_0000"", 1]]"	"[[""map_version"", 1], [""map_init_0000"", 1], [""map_init_0004"", 1]]"	"{""CLOSURE"": 3, ""SETGLOBAL"": 3, ""GETGLOBAL"": 1, ""CALL"": 1, ""RETURN"": 1}"
40	0.32.0	2	0x1253557	0x125370e	439	10002_data02.o	5	41	23	11	0	2	0	0	"[[""texture_set"", 1], [""map_minimap"", 1], [""map_camera"", 1], [""map_init_allregion"", 1], [""player_station"", 1], [""player_mode_station"", 1], [""map_light"", 1], [""Map_optionInfo"", 1], [""before_add_object"", 1], [""map_addsceneobj"", 1], [""map_addchar"", 1]]"	[]	"{""GETGLOBAL"": 11, ""CALL"": 11, ""RETURN"": 1}"
41	0.32.1	2	0x125370e	0x125378a	124	10002_data02.o	44	47	5	3	0	2	0	0	[]	"[[""MnMap_Width"", 1], [""MnMap_Height"", 1]]"	"{""LOADK"": 2, ""SETGLOBAL"": 2, ""RETURN"": 1}"
42	0.32.2	2	0x125378a	0x1262abb	62257	10002_data02.o	50	905	5979	1598	0	6	0	0	"[[""AddCha"", 854]]"	[]	"{""GETGLOBAL"": 854, ""LOADK"": 4270, ""CALL"": 854, ""RETURN"": 1}"
43	0.32.3	2	0x1262abb	0x12dba41	495494	10002_data02.o	908	10800	60047	1669	0	7	1	0	"[[""AddSceneObj"", 5298], [""SetCliffTex"", 4592]]"	[]	"{""GETGLOBAL"": 9890, ""LOADK"": 31082, ""CALL"": 9890, ""MOVE"": 9184, ""RETURN"": 1}"
44	0.32.4	2	0x12dba41	0x12dbbef	430	10002_data02.o	10803	10812	25	14	0	5	0	0	"[[""camSetRangeXY"", 1], [""camSetRangeZ"", 1], [""camSetRangeFOV"", 1], [""camUpdateRange"", 1], [""camSetMapNavRange"", 1], [""camSetCenter"", 1]]"	[]	"{""GETGLOBAL"": 6, ""LOADK"": 12, ""CALL"": 6, ""RETURN"": 1}"
45	0.32.5	2	0x12dbbef	0x12dbe26	567	10002_data02.o	10815	10823	32	14	0	4	0	0	"[[""sceSetGlobalAmbient"", 1], [""sceSetGlobalLightDiffuseColor"", 1], [""sceSetGlobalLightAmbientColor"", 1], [""sceSetExtraAmbient"", 1], [""sceSetTerrainLightDiffuseColor"", 1], [""sceSetTerrainLightPosition"", 1], [""sceSetCharLight"", 1]]"	[]	"{""GETGLOBAL"": 7, ""LOADK"": 17, ""CALL"": 7, ""RETURN"": 1}"
46	0.32.6	2	0x12dbe26	0x12dc581	1883	10002_data02.o	10826	10853	161	52	0	7	0	0	"[[""SetPlayer"", 24], [""SetSide"", 2]]"	[]	"{""GETGLOBAL"": 26, ""LOADK"": 108, ""CALL"": 26, ""RETURN"": 1}"
47	0.32.7	2	0x12dc581	0x12dc7e0	607	10002_data02.o	10856	10870	51	17	0	2	0	0	"[[""bar"", 12]]"	"[[""bar"", 1]]"	"{""NEWTABLE"": 13, ""SETGLOBAL"": 1, ""GETGLOBAL"": 12, ""SETTABLE"": 24, ""RETURN"": 1}"
48	0.32.8	2	0x12dc7e0	0x12dc86e	142	10002_data02.o	10873	10876	7	4	0	2	0	0	"[[""player_mode"", 1]]"	"[[""player_mode"", 1]]"	"{""NEWTABLE"": 2, ""SETGLOBAL"": 1, ""GETGLOBAL"": 1, ""SETTABLE"": 2, ""RETURN"": 1}"
49	0.32.9	2	0x12dc86e	0x12dd015	1959	10002_data02.o	10879	10902	111	46	0	4	0	0	"[[""TerrainTexture3D"", 22]]"	[]	"{""GETGLOBAL"": 22, ""LOADK"": 66, ""CALL"": 22, ""RETURN"": 1}"
50	0.32.10	2	0x12dd015	0x12dd352	829	10002_data02.o	10905	10923	69	17	0	5	0	0	"[[""SetMapInfoItem"", 7], [""SetMapInfoRow"", 3], [""SetMapInfoItemLength"", 3], [""SetMapInfoRowLength"", 1]]"	[]	"{""GETGLOBAL"": 14, ""LOADK"": 40, ""CALL"": 14, ""RETURN"": 1}"
39	0.32	1	0x12533b4	0x12dd3ce	565274	10002_data02.o	0	0	28	15	11	4	0	0	"[[""SetMapBaseInfo"", 1]]"	"[[""map_init"", 1], [""map_minimap"", 1], [""map_addchar"", 1], [""map_addsceneobj"", 1], [""map_camera"", 1], [""map_light"", 1], [""player_station"", 1], [""player_bar_station"", 1], [""player_mode_station"", 1], [""texture_set"", 1], [""Map_optionInfo"", 1]]"	"{""GETGLOBAL"": 1, ""LOADK"": 3, ""CALL"": 1, ""CLOSURE"": 11, ""SETGLOBAL"": 11, ""RETURN"": 1}"
52	0.33.0	2	0x12f7c63	0x12f7d42	223	10002_data03.o	62	72	14	6	0	3	0	0	"[[""UI_Show"", 2], [""CreateBagSys"", 2], [""Vote_BTN"", 1], [""Vote_label"", 1]]"	[]	"{""GETGLOBAL"": 6, ""LOADK"": 2, ""CALL"": 3, ""EQ"": 1, ""JMP"": 1, ""RETURN"": 1}"
53	0.33.1	2	0x12f7d42	0x12f7d72	48	10002_data03.o	74	74	1	0	0	2	0	0	[]	[]	"{""RETURN"": 1}"
54	0.33.2	2	0x12f7d72	0x12f7da2	48	10002_data03.o	75	75	1	0	0	2	0	0	[]	[]	"{""RETURN"": 1}"
55	0.33.3	2	0x12f7da2	0x12f7dd2	48	10002_data03.o	1167	1168	1	0	0	2	0	0	[]	[]	"{""RETURN"": 1}"
56	0.33.4	2	0x12f7dd2	0x12f7e12	64	10002_data03.o	1195	1197	3	0	0	2	0	0	[]	[]	"{""LOADBOOL"": 1, ""RETURN"": 2}"
57	0.33.5	2	0x12f7e12	0x12f9610	6142	10002_data03.o	1199	1449	668	34	0	14	7	0	"[[""CONTROL_PLAYER"", 54], [""tgr_PlayerGetResource"", 54], [""_template_data_0001"", 8], [""Map_OptionInfo_tab"", 3], [""TriggerShowHint"", 3], [""tgr_cha"", 3], [""AddCha"", 2]]"	[]	"{""GETGLOBAL"": 127, ""GETTABLE"": 119, ""TEST"": 3, ""JMP"": 77, ""LOADK"": 206, ""SETTABLE"": 3, ""EQ"": 69, ""LOADNIL"": 2, ""CALL"": 59, ""MOVE"": 2, ""RETURN"": 1}"
58	0.33.6	2	0x12f9610	0x12f977c	364	10002_data03.o	1463	1474	27	7	0	3	0	0	"[[""tgr_cha"", 3], [""objGetSubType"", 1], [""CONTROL_PLAYER"", 1], [""objGetControl"", 1], [""cha_GetPType"", 1]]"	[]	"{""GETGLOBAL"": 7, ""CALL"": 3, ""EQ"": 3, ""JMP"": 3, ""LOADBOOL"": 4, ""RETURN"": 5, ""GETTABLE"": 2}"
59	0.33.7	2	0x12f977c	0x12f9c72	1270	10002_data03.o	1476	1516	124	16	0	7	3	0	"[[""tgr_cha"", 15], [""objGetAttr"", 12], [""Cha_InventoryTakeItem"", 9], [""Cha_ReBirth"", 3], [""TriggerAddUnitAttr"", 3]]"	[]	"{""LOADK"": 16, ""EQ"": 19, ""JMP"": 22, ""GETGLOBAL"": 42, ""GETTABLE"": 9, ""CALL"": 15, ""RETURN"": 1}"
60	0.33.8	2	0x12f9c72	0x12f9cb2	64	10002_data03.o	1530	1532	3	0	0	2	0	0	[]	[]	"{""LOADBOOL"": 1, ""RETURN"": 2}"
61	0.33.9	2	0x12f9cb2	0x12f9e50	414	10002_data03.o	1534	1545	25	11	0	4	0	0	"[[""tgr_cha"", 5], [""IsMoveByTrack"", 1], [""objSetPos"", 1], [""GameOp_StopCha"", 1], [""tgr_SetPlayerCamera"", 1], [""objGetControl"", 1], [""tgr_RemoveItemFromCha"", 1]]"	[]	"{""GETGLOBAL"": 11, ""CALL"": 6, ""EQ"": 1, ""JMP"": 1, ""LOADK"": 5, ""RETURN"": 1}"
62	0.33.10	2	0x12f9e50	0x12f9e90	64	10002_data03.o	1559	1561	3	0	0	2	0	0	[]	[]	"{""LOADBOOL"": 1, ""RETURN"": 2}"
63	0.33.11	2	0x12f9e90	0x12f9f90	256	10002_data03.o	1563	1571	13	8	0	5	0	0	"[[""tgr_cha"", 2], [""TriggerAddUnitAttr"", 1], [""TriggerAddEffectAndTimes"", 1]]"	[]	"{""GETGLOBAL"": 4, ""LOADK"": 6, ""CALL"": 2, ""RETURN"": 1}"
64	0.33.12	2	0x12f9f90	0x12f9fd0	64	10002_data03.o	1585	1587	3	0	0	2	0	0	[]	[]	"{""LOADBOOL"": 1, ""RETURN"": 2}"
65	0.33.13	2	0x12f9fd0	0x12fa209	569	10002_data03.o	1589	1609	36	15	0	10	1	0	"[[""tgr_cha"", 4], [""objGetAttr"", 1], [""Attr_Mxhp"", 1], [""TriggerAddUnitAttr"", 1], [""TriggerAddEffectAndTimes"", 1], [""TriggerShowHint"", 1]]"	[]	"{""LOADK"": 15, ""EQ"": 2, ""JMP"": 4, ""GETGLOBAL"": 9, ""CALL"": 4, ""LT"": 1, ""RETURN"": 1}"
66	0.33.14	2	0x12fa209	0x12fa249	64	10002_data03.o	1623	1625	3	0	0	2	0	0	[]	[]	"{""LOADBOOL"": 1, ""RETURN"": 2}"
67	0.33.15	2	0x12fa249	0x12fa482	569	10002_data03.o	1627	1647	36	15	0	10	1	0	"[[""tgr_cha"", 4], [""objGetAttr"", 1], [""Attr_Mxsp"", 1], [""TriggerAddUnitAttr"", 1], [""TriggerAddEffectAndTimes"", 1], [""TriggerShowHint"", 1]]"	[]	"{""LOADK"": 15, ""EQ"": 2, ""JMP"": 4, ""GETGLOBAL"": 9, ""CALL"": 4, ""LT"": 1, ""RETURN"": 1}"
68	0.33.16	2	0x12fa482	0x12fa4c2	64	10002_data03.o	1661	1663	3	0	0	2	0	0	[]	[]	"{""LOADBOOL"": 1, ""RETURN"": 2}"
69	0.33.17	2	0x12fa4c2	0x12fa660	414	10002_data03.o	1665	1676	25	11	0	4	0	0	"[[""tgr_cha"", 5], [""IsMoveByTrack"", 1], [""objSetPos"", 1], [""GameOp_StopCha"", 1], [""tgr_SetPlayerCamera"", 1], [""objGetControl"", 1], [""tgr_RemoveItemFromCha"", 1]]"	[]	"{""GETGLOBAL"": 11, ""CALL"": 6, ""EQ"": 1, ""JMP"": 1, ""LOADK"": 5, ""RETURN"": 1}"
70	0.33.18	2	0x12fa660	0x12fa809	425	10002_data03.o	1690	1698	31	11	0	3	0	0	"[[""_template_data_0001"", 3], [""TriggerCheckChatypeID"", 2], [""tgr_cha"", 2]]"	[]	"{""GETGLOBAL"": 7, ""LOADK"": 2, ""CALL"": 2, ""TEST"": 2, ""JMP"": 5, ""LOADBOOL"": 3, ""RETURN"": 4, ""GETTABLE"": 3, ""LT"": 3}"
71	0.33.19	2	0x12fa809	0x12faad0	711	10002_data03.o	1700	1737	51	12	0	8	7	0	"[[""_template_data_0001"", 10], [""Game_End"", 1]]"	[]	"{""LOADK"": 9, ""GETGLOBAL"": 11, ""GETTABLE"": 7, ""MUL"": 6, ""ADD"": 6, ""SETTABLE"": 3, ""EQ"": 3, ""JMP"": 4, ""CALL"": 1, ""RETURN"": 1}"
72	0.33.20	2	0x12faad0	0x12fab10	64	10002_data03.o	1751	1753	3	0	0	2	0	0	[]	[]	"{""LOADBOOL"": 1, ""RETURN"": 2}"
73	0.33.21	2	0x12fab10	0x12facae	414	10002_data03.o	1755	1766	25	11	0	4	0	0	"[[""tgr_cha"", 5], [""IsMoveByTrack"", 1], [""objSetPos"", 1], [""GameOp_StopCha"", 1], [""tgr_SetPlayerCamera"", 1], [""objGetControl"", 1], [""tgr_RemoveItemFromCha"", 1]]"	[]	"{""GETGLOBAL"": 11, ""CALL"": 6, ""EQ"": 1, ""JMP"": 1, ""LOADK"": 5, ""RETURN"": 1}"
74	0.33.22	2	0x12facae	0x12facee	64	10002_data03.o	1780	1782	3	0	0	2	0	0	[]	[]	"{""LOADBOOL"": 1, ""RETURN"": 2}"
75	0.33.23	2	0x12facee	0x12fae8c	414	10002_data03.o	1784	1795	25	11	0	4	0	0	"[[""tgr_cha"", 5], [""IsMoveByTrack"", 1], [""objSetPos"", 1], [""GameOp_StopCha"", 1], [""tgr_SetPlayerCamera"", 1], [""objGetControl"", 1], [""tgr_RemoveItemFromCha"", 1]]"	[]	"{""GETGLOBAL"": 11, ""CALL"": 6, ""EQ"": 1, ""JMP"": 1, ""LOADK"": 5, ""RETURN"": 1}"
76	0.33.24	2	0x12fae8c	0x12faecc	64	10002_data03.o	1809	1811	3	0	0	2	0	0	[]	[]	"{""LOADBOOL"": 1, ""RETURN"": 2}"
77	0.33.25	2	0x12faecc	0x12fb06a	414	10002_data03.o	1813	1824	25	11	0	4	0	0	"[[""tgr_cha"", 5], [""IsMoveByTrack"", 1], [""objSetPos"", 1], [""GameOp_StopCha"", 1], [""tgr_SetPlayerCamera"", 1], [""objGetControl"", 1], [""tgr_RemoveItemFromCha"", 1]]"	[]	"{""GETGLOBAL"": 11, ""CALL"": 6, ""EQ"": 1, ""JMP"": 1, ""LOADK"": 5, ""RETURN"": 1}"
78	0.33.26	2	0x12fb06a	0x12fb10b	161	10002_data03.o	1838	1843	10	3	0	2	0	0	"[[""objGetSubType"", 1], [""tgr_cha"", 1]]"	[]	"{""GETGLOBAL"": 2, ""CALL"": 1, ""EQ"": 1, ""JMP"": 1, ""LOADBOOL"": 2, ""RETURN"": 3}"
79	0.33.27	2	0x12fb10b	0x12fb415	778	10002_data03.o	1845	1868	48	14	0	16	7	0	"[[""TriggerCheckChatypeID"", 2], [""sceGetAIChaNum"", 1], [""sceGetAICha"", 1], [""TriggerDamageArmor"", 1], [""_template_data_0001"", 1], [""TriggerShowHint"", 1]]"	[]	"{""GETGLOBAL"": 7, ""CALL"": 6, ""EQ"": 3, ""JMP"": 5, ""LOADK"": 15, ""SUB"": 1, ""FORPREP"": 1, ""MOVE"": 5, ""TEST"": 2, ""GETTABLE"": 1, ""FORLOOP"": 1, ""RETURN"": 1}"
80	0.33.28	2	0x12fb415	0x12fb455	64	10002_data03.o	1882	1884	3	0	0	2	0	0	[]	[]	"{""LOADBOOL"": 1, ""RETURN"": 2}"
81	0.33.29	2	0x12fb455	0x12fb5f3	414	10002_data03.o	1886	1897	25	11	0	4	0	0	"[[""tgr_cha"", 5], [""IsMoveByTrack"", 1], [""objSetPos"", 1], [""GameOp_StopCha"", 1], [""tgr_SetPlayerCamera"", 1], [""objGetControl"", 1], [""tgr_RemoveItemFromCha"", 1]]"	[]	"{""GETGLOBAL"": 11, ""CALL"": 6, ""EQ"": 1, ""JMP"": 1, ""LOADK"": 5, ""RETURN"": 1}"
82	0.33.30	2	0x12fb5f3	0x12fb633	64	10002_data03.o	1911	1913	3	0	0	2	0	0	[]	[]	"{""LOADBOOL"": 1, ""RETURN"": 2}"
83	0.33.31	2	0x12fb633	0x12fb7d1	414	10002_data03.o	1915	1926	25	11	0	4	0	0	"[[""tgr_cha"", 5], [""IsMoveByTrack"", 1], [""objSetPos"", 1], [""GameOp_StopCha"", 1], [""tgr_SetPlayerCamera"", 1], [""objGetControl"", 1], [""tgr_RemoveItemFromCha"", 1]]"	[]	"{""GETGLOBAL"": 11, ""CALL"": 6, ""EQ"": 1, ""JMP"": 1, ""LOADK"": 5, ""RETURN"": 1}"
84	0.33.32	2	0x12fb7d1	0x12fb811	64	10002_data03.o	1940	1942	3	0	0	2	0	0	[]	[]	"{""LOADBOOL"": 1, ""RETURN"": 2}"
85	0.33.33	2	0x12fb811	0x12fb9af	414	10002_data03.o	1944	1955	25	11	0	4	0	0	"[[""tgr_cha"", 5], [""IsMoveByTrack"", 1], [""objSetPos"", 1], [""GameOp_StopCha"", 1], [""tgr_SetPlayerCamera"", 1], [""objGetControl"", 1], [""tgr_RemoveItemFromCha"", 1]]"	[]	"{""GETGLOBAL"": 11, ""CALL"": 6, ""EQ"": 1, ""JMP"": 1, ""LOADK"": 5, ""RETURN"": 1}"
86	0.33.34	2	0x12fb9af	0x12fba78	201	10002_data03.o	1969	1974	12	4	0	3	0	0	"[[""TriggerCheckChatypeID"", 1], [""tgr_NormalAtkObj"", 1]]"	[]	"{""GETGLOBAL"": 2, ""LOADK"": 1, ""GETTABLE"": 1, ""CALL"": 1, ""TEST"": 1, ""JMP"": 1, ""LOADBOOL"": 2, ""RETURN"": 3}"
87	0.33.35	2	0x12fba78	0x12fc1a3	1835	10002_data03.o	1976	2027	179	25	0	9	3	0	"[[""tgr_NormalAtkObj"", 20], [""objGetAttr"", 13], [""Cha_InventoryTakeItem"", 9], [""CREAT_SUMMERUNIT"", 4], [""TriggerAddUnitAttr"", 3], [""TriggerPopupText"", 2], [""objGetSubType"", 1], [""cha_GetPType"", 1]]"	[]	"{""LOADK"": 27, ""EQ"": 23, ""JMP"": 26, ""GETGLOBAL"": 53, ""GETTABLE"": 29, ""CALL"": 20, ""RETURN"": 1}"
88	0.33.36	2	0x12fc1a3	0x12fc1e3	64	10002_data03.o	2041	2043	3	0	0	2	0	0	[]	[]	"{""LOADBOOL"": 1, ""RETURN"": 2}"
89	0.33.37	2	0x12fc1e3	0x12fc381	414	10002_data03.o	2045	2056	25	11	0	4	0	0	"[[""tgr_cha"", 5], [""IsMoveByTrack"", 1], [""objSetPos"", 1], [""GameOp_StopCha"", 1], [""tgr_SetPlayerCamera"", 1], [""objGetControl"", 1], [""tgr_RemoveItemFromCha"", 1]]"	[]	"{""GETGLOBAL"": 11, ""CALL"": 6, ""EQ"": 1, ""JMP"": 1, ""LOADK"": 5, ""RETURN"": 1}"
90	0.33.38	2	0x12fc381	0x12fc44a	201	10002_data03.o	2070	2075	12	4	0	3	0	0	"[[""TriggerCheckChatypeID"", 1], [""tgr_NormalAtkObj"", 1]]"	[]	"{""GETGLOBAL"": 2, ""LOADK"": 1, ""GETTABLE"": 1, ""CALL"": 1, ""TEST"": 1, ""JMP"": 1, ""LOADBOOL"": 2, ""RETURN"": 3}"
91	0.33.39	2	0x12fc44a	0x12fc697	589	10002_data03.o	2077	2100	41	15	0	8	1	0	"[[""tgr_NormalAtkObj"", 3], [""_template_data_0001"", 2], [""TriggerAddUnitAttr"", 2], [""tgr_GetRandomNum"", 1], [""TriggerPopupText"", 1]]"	[]	"{""GETGLOBAL"": 9, ""LOADK"": 15, ""CALL"": 4, ""SETTABLE"": 1, ""EQ"": 2, ""JMP"": 4, ""GETTABLE"": 4, ""LT"": 1, ""RETURN"": 1}"
92	0.33.40	2	0x12fc697	0x12fc6d7	64	10002_data03.o	2114	2116	3	0	0	2	0	0	[]	[]	"{""LOADBOOL"": 1, ""RETURN"": 2}"
93	0.33.41	2	0x12fc6d7	0x12fc7ce	247	10002_data03.o	2118	2126	13	7	0	5	0	0	"[[""tgr_cha"", 2], [""TriggerAddUnitAttr"", 1], [""TriggerAddEffectAndTimes"", 1]]"	[]	"{""GETGLOBAL"": 4, ""LOADK"": 6, ""CALL"": 2, ""RETURN"": 1}"
94	0.33.42	2	0x12fc7ce	0x12fc80e	64	10002_data03.o	2140	2142	3	0	0	2	0	0	[]	[]	"{""LOADBOOL"": 1, ""RETURN"": 2}"
95	0.33.43	2	0x12fc80e	0x12fc9ac	414	10002_data03.o	2144	2155	25	11	0	4	0	0	"[[""tgr_cha"", 5], [""IsMoveByTrack"", 1], [""objSetPos"", 1], [""GameOp_StopCha"", 1], [""tgr_SetPlayerCamera"", 1], [""objGetControl"", 1], [""tgr_RemoveItemFromCha"", 1]]"	[]	"{""GETGLOBAL"": 11, ""CALL"": 6, ""EQ"": 1, ""JMP"": 1, ""LOADK"": 5, ""RETURN"": 1}"
96	0.33.44	2	0x12fc9ac	0x12fc9ec	64	10002_data03.o	2169	2171	3	0	0	2	0	0	[]	[]	"{""LOADBOOL"": 1, ""RETURN"": 2}"
97	0.33.45	2	0x12fc9ec	0x12fcb8a	414	10002_data03.o	2173	2184	25	11	0	4	0	0	"[[""tgr_cha"", 5], [""IsMoveByTrack"", 1], [""objSetPos"", 1], [""GameOp_StopCha"", 1], [""tgr_SetPlayerCamera"", 1], [""objGetControl"", 1], [""tgr_RemoveItemFromCha"", 1]]"	[]	"{""GETGLOBAL"": 11, ""CALL"": 6, ""EQ"": 1, ""JMP"": 1, ""LOADK"": 5, ""RETURN"": 1}"
98	0.33.46	2	0x12fcb8a	0x12fcbca	64	10002_data03.o	2198	2200	3	0	0	2	0	0	[]	[]	"{""LOADBOOL"": 1, ""RETURN"": 2}"
99	0.33.47	2	0x12fcbca	0x12fced2	776	10002_data03.o	2202	2251	73	16	0	5	0	0	"[[""SetConstFog"", 12]]"	[]	"{""GETGLOBAL"": 12, ""LOADK"": 48, ""CALL"": 12, ""RETURN"": 1}"
100	0.33.48	2	0x12fced2	0x12fd22d	859	10002_data03.o	2265	2273	78	17	0	3	0	0	"[[""tgr_cha"", 12], [""TriggerCheckChatypeID"", 10], [""objGetSubType"", 1], [""IsChaInRegion"", 1]]"	[]	"{""GETGLOBAL"": 24, ""CALL"": 12, ""EQ"": 2, ""JMP"": 12, ""LOADBOOL"": 3, ""RETURN"": 4, ""LOADK"": 11, ""TEST"": 10}"
101	0.33.49	2	0x12fd22d	0x12fd2c2	149	10002_data03.o	2275	2279	6	4	0	4	0	0	"[[""TriggerChaApplyTimedLife"", 1], [""tgr_cha"", 1]]"	[]	"{""GETGLOBAL"": 2, ""LOADK"": 2, ""CALL"": 1, ""RETURN"": 1}"
102	0.33.50	2	0x12fd2c2	0x12fd399	215	10002_data03.o	2293	2298	13	5	0	3	0	0	"[[""CONTROL_PLAYER"", 1], [""objGetControl"", 1], [""tgr_cha"", 1]]"	[]	"{""GETGLOBAL"": 3, ""CALL"": 1, ""GETTABLE"": 2, ""EQ"": 1, ""JMP"": 1, ""LOADBOOL"": 2, ""RETURN"": 3}"
103	0.33.51	2	0x12fd399	0x12fd567	462	10002_data03.o	2300	2325	33	11	0	6	2	0	"[[""_template_data_0001"", 2], [""tgr_LearnSkill"", 2], [""tgr_cha"", 2]]"	[]	"{""LOADK"": 8, ""EQ"": 6, ""JMP"": 8, ""GETGLOBAL"": 6, ""GETTABLE"": 2, ""CALL"": 2, ""RETURN"": 1}"
104	0.33.52	2	0x12fd567	0x12fd61b	180	10002_data03.o	2339	2344	11	4	0	3	0	0	"[[""CheckSkillExist"", 1], [""tgr_cha"", 1]]"	[]	"{""GETGLOBAL"": 2, ""LOADK"": 1, ""CALL"": 1, ""EQ"": 1, ""JMP"": 1, ""LOADBOOL"": 2, ""RETURN"": 3}"
105	0.33.53	2	0x12fd61b	0x12fd992	887	10002_data03.o	2346	2395	81	12	0	9	4	0	"[[""tgr_cha"", 8], [""TriggerCheckSkillLV"", 4], [""TriggerAddUnitAttr"", 4]]"	[]	"{""LOADK"": 28, ""EQ"": 8, ""JMP"": 16, ""GETGLOBAL"": 16, ""CALL"": 8, ""TEST"": 4, ""RETURN"": 1}"
106	0.33.54	2	0x12fd992	0x12fdacd	315	10002_data03.o	2409	2417	21	7	0	3	0	0	"[[""tgr_cha"", 2], [""objGetAttr"", 1], [""Cha_SkillPoint"", 1], [""CONTROL_PLAYER"", 1], [""objGetControl"", 1]]"	[]	"{""GETGLOBAL"": 6, ""CALL"": 2, ""LE"": 1, ""JMP"": 2, ""LOADBOOL"": 3, ""RETURN"": 4, ""GETTABLE"": 2, ""EQ"": 1}"
107	0.33.55	2	0x12fdacd	0x12fdc06	313	10002_data03.o	2419	2430	19	9	0	5	0	0	"[[""tgr_cha"", 3], [""TriggerAddUnitAttr"", 2], [""TriggerAddEffectAndTimes"", 1]]"	[]	"{""GETGLOBAL"": 6, ""LOADK"": 9, ""CALL"": 3, ""RETURN"": 1}"
108	0.33.56	2	0x12fdc06	0x12fdc46	64	10002_data03.o	2444	2446	3	0	0	2	0	0	[]	[]	"{""LOADBOOL"": 1, ""RETURN"": 2}"
109	0.33.57	2	0x12fdc46	0x12fdd34	238	10002_data03.o	2448	2457	12	7	0	5	0	0	"[[""tgr_disseff"", 2], [""Skill_Refresh"", 1], [""TriggerAddEffectAndTimes"", 1]]"	[]	"{""GETGLOBAL"": 4, ""GETTABLE"": 2, ""CALL"": 2, ""LOADK"": 3, ""RETURN"": 1}"
110	0.33.58	2	0x12fdd34	0x12fdd74	64	10002_data03.o	2471	2473	3	0	0	2	0	0	[]	[]	"{""LOADBOOL"": 1, ""RETURN"": 2}"
111	0.33.59	2	0x12fdd74	0x12fdece	346	10002_data03.o	2475	2483	21	9	0	4	0	0	"[[""tgr_cha"", 4], [""IsMoveByTrack"", 1], [""objSetPos"", 1], [""GameOp_StopCha"", 1], [""tgr_SetPlayerCamera"", 1], [""objGetControl"", 1]]"	[]	"{""GETGLOBAL"": 9, ""CALL"": 5, ""EQ"": 1, ""JMP"": 1, ""LOADK"": 4, ""RETURN"": 1}"
112	0.33.60	2	0x12fdece	0x12fdf82	180	10002_data03.o	2497	2502	11	4	0	3	0	0	"[[""CheckSkillExist"", 1], [""tgr_cha"", 1]]"	[]	"{""GETGLOBAL"": 2, ""LOADK"": 1, ""CALL"": 1, ""EQ"": 1, ""JMP"": 1, ""LOADBOOL"": 2, ""RETURN"": 3}"
113	0.33.61	2	0x12fdf82	0x12fe3ae	1068	10002_data03.o	2504	2569	101	13	0	9	4	0	"[[""tgr_cha"", 8], [""TriggerCheckSkillLV"", 4], [""GetRandomNumber"", 4], [""TriggerAddUnitAttr"", 4]]"	[]	"{""LOADK"": 32, ""EQ"": 8, ""JMP"": 20, ""GETGLOBAL"": 20, ""CALL"": 12, ""TEST"": 4, ""LE"": 4, ""RETURN"": 1}"
114	0.33.62	2	0x12fe3ae	0x12fe3ee	64	10002_data03.o	2583	2585	3	0	0	2	0	0	[]	[]	"{""LOADBOOL"": 1, ""RETURN"": 2}"
115	0.33.63	2	0x12fe3ee	0x12fe7a1	947	10002_data03.o	2587	2600	87	17	0	6	1	0	"[[""tgr_KEobj"", 10], [""objGetAttr"", 9], [""Cha_InventoryTakeItem"", 9], [""TriggerAddUnitAttr"", 1]]"	[]	"{""LOADK"": 5, ""EQ"": 11, ""JMP"": 12, ""GETGLOBAL"": 29, ""GETTABLE"": 19, ""CALL"": 10, ""RETURN"": 1}"
116	0.33.64	2	0x12fe7a1	0x12fe7e1	64	10002_data03.o	2614	2616	3	0	0	2	0	0	[]	[]	"{""LOADBOOL"": 1, ""RETURN"": 2}"
117	0.33.65	2	0x12fe7e1	0x12feb94	947	10002_data03.o	2618	2631	87	17	0	6	1	0	"[[""tgr_KEobj"", 10], [""objGetAttr"", 9], [""Cha_InventoryTakeItem"", 9], [""TriggerAddUnitAttr"", 1]]"	[]	"{""LOADK"": 5, ""EQ"": 11, ""JMP"": 12, ""GETGLOBAL"": 29, ""GETTABLE"": 19, ""CALL"": 10, ""RETURN"": 1}"
118	0.33.66	2	0x12feb94	0x12fec45	177	10002_data03.o	2645	2650	11	3	0	3	0	0	"[[""TriggerCheckChatypeID"", 1], [""tgr_cha"", 1]]"	[]	"{""GETGLOBAL"": 2, ""LOADK"": 1, ""CALL"": 1, ""TEST"": 1, ""JMP"": 1, ""LOADBOOL"": 2, ""RETURN"": 3}"
119	0.33.67	2	0x12fec45	0x12fedff	442	10002_data03.o	2652	2670	34	11	0	5	0	0	"[[""GetRandomNumber"", 3], [""TriggerAddUnitAttr"", 3], [""tgr_cha"", 3]]"	[]	"{""GETGLOBAL"": 9, ""LOADK"": 12, ""CALL"": 6, ""LE"": 3, ""JMP"": 3, ""RETURN"": 1}"
120	0.33.68	2	0x12fedff	0x12feecb	204	10002_data03.o	2684	2689	12	5	0	3	0	0	"[[""CheckSkillExist"", 1], [""tgr_NormalAtkObj"", 1]]"	[]	"{""GETGLOBAL"": 2, ""GETTABLE"": 1, ""LOADK"": 1, ""CALL"": 1, ""EQ"": 1, ""JMP"": 1, ""LOADBOOL"": 2, ""RETURN"": 3}"
121	0.33.69	2	0x12feecb	0x12ff921	2646	10002_data03.o	2691	2752	273	28	0	9	4	0	"[[""tgr_NormalAtkObj"", 32], [""CheckSkillExist"", 8], [""TriggerCheckSkillLV"", 4], [""objGetSubType"", 4], [""CONTROL_PLAYER"", 4], [""objGetControl"", 4], [""TriggerCheckChatypeID"", 4], [""objGetAttr"", 4], [""Attr_Def"", 4], [""TriggerAddUnitAttr"", 4]]"	[]	"{""LOADK"": 44, ""EQ"": 28, ""JMP"": 44, ""GETGLOBAL"": 72, ""GETTABLE"": 40, ""CALL"": 32, ""TEST"": 8, ""LT"": 4, ""RETURN"": 1}"
122	0.33.70	2	0x12ff921	0x12ff9d2	177	10002_data03.o	2766	2771	11	3	0	3	0	0	"[[""TriggerCheckChatypeID"", 1], [""tgr_cha"", 1]]"	[]	"{""GETGLOBAL"": 2, ""LOADK"": 1, ""CALL"": 1, ""TEST"": 1, ""JMP"": 1, ""LOADBOOL"": 2, ""RETURN"": 3}"
123	0.33.71	2	0x12ff9d2	0x12ffb5c	394	10002_data03.o	2773	2789	24	11	0	6	0	0	"[[""tgr_cha"", 4], [""TriggerRefreshSKCD"", 2], [""_template_data_0001"", 2], [""TriggerAddUnitAttr"", 1], [""TriggerAddEffect"", 1]]"	[]	"{""GETGLOBAL"": 10, ""LOADK"": 7, ""CALL"": 4, ""GETTABLE"": 2, ""RETURN"": 1}"
124	0.33.72	2	0x12ffb5c	0x12ffc28	204	10002_data03.o	2803	2808	12	5	0	3	0	0	"[[""CheckSkillExist"", 1], [""tgr_NormalAtkObj"", 1]]"	[]	"{""GETGLOBAL"": 2, ""GETTABLE"": 1, ""LOADK"": 1, ""CALL"": 1, ""EQ"": 1, ""JMP"": 1, ""LOADBOOL"": 2, ""RETURN"": 3}"
125	0.33.73	2	0x12ffc28	0x13000a4	1148	10002_data03.o	2810	2875	109	14	0	9	4	0	"[[""tgr_NormalAtkObj"", 8], [""TriggerCheckSkillLV"", 4], [""GetRandomNumber"", 4], [""TriggerAddUnitAttr"", 4]]"	[]	"{""LOADK"": 32, ""EQ"": 8, ""JMP"": 20, ""GETGLOBAL"": 20, ""GETTABLE"": 8, ""CALL"": 12, ""TEST"": 4, ""LE"": 4, ""RETURN"": 1}"
126	0.33.74	2	0x13000a4	0x13002e9	581	10002_data03.o	2889	2900	46	15	0	3	0	0	"[[""_template_data_0001"", 4], [""TriggerCheckChatypeID"", 3], [""tgr_KEobj"", 3]]"	[]	"{""GETGLOBAL"": 10, ""GETTABLE"": 7, ""EQ"": 1, ""JMP"": 7, ""LOADBOOL"": 4, ""RETURN"": 5, ""LOADK"": 3, ""CALL"": 3, ""TEST"": 3, ""LT"": 3}"
127	0.33.75	2	0x13002e9	0x130071f	1078	10002_data03.o	2902	2965	85	15	0	8	11	0	"[[""_template_data_0001"", 15], [""Game_End"", 1]]"	[]	"{""LOADK"": 15, ""EQ"": 9, ""JMP"": 12, ""GETGLOBAL"": 16, ""GETTABLE"": 11, ""MUL"": 8, ""ADD"": 8, ""SETTABLE"": 4, ""CALL"": 1, ""RETURN"": 1}"
128	0.33.76	2	0x130071f	0x13007c0	161	10002_data03.o	2979	2984	10	3	0	2	0	0	"[[""objGetSubType"", 1], [""tgr_cha"", 1]]"	[]	"{""GETGLOBAL"": 2, ""CALL"": 1, ""EQ"": 1, ""JMP"": 1, ""LOADBOOL"": 2, ""RETURN"": 3}"
129	0.33.77	2	0x13007c0	0x13008e6	294	10002_data03.o	2986	2997	16	9	0	5	0	0	"[[""tgr_cha"", 2], [""tgr_RemoveItemFromCha"", 1], [""GetRandomNumber"", 1], [""tgr_getNewItem"", 1]]"	[]	"{""GETGLOBAL"": 5, ""LOADK"": 5, ""CALL"": 3, ""LE"": 1, ""JMP"": 1, ""RETURN"": 1}"
130	0.33.78	2	0x13008e6	0x1300926	64	10002_data03.o	3011	3013	3	0	0	2	0	0	[]	[]	"{""LOADBOOL"": 1, ""RETURN"": 2}"
131	0.33.79	2	0x1300926	0x130141f	2809	10002_data03.o	3015	3133	228	49	0	25	23	0	"[[""TriggerSetDialogBubble"", 11], [""AddCha"", 9], [""sceGetAIChaNum"", 2], [""sceGetAICha"", 2], [""TriggerCheckChatypeID"", 2]]"	[]	"{""GETGLOBAL"": 26, ""LOADK"": 121, ""CALL"": 26, ""MOVE"": 24, ""LOADNIL"": 8, ""EQ"": 6, ""JMP"": 8, ""SUB"": 2, ""FORPREP"": 2, ""TEST"": 2, ""FORLOOP"": 2, ""RETURN"": 1}"
132	0.33.80	2	0x130141f	0x13014d3	180	10002_data03.o	3147	3152	11	4	0	3	0	0	"[[""CheckSkillExist"", 1], [""tgr_cha"", 1]]"	[]	"{""GETGLOBAL"": 2, ""LOADK"": 1, ""CALL"": 1, ""EQ"": 1, ""JMP"": 1, ""LOADBOOL"": 2, ""RETURN"": 3}"
133	0.33.81	2	0x13014d3	0x1301bb6	1763	10002_data03.o	3154	3250	159	16	0	11	14	0	"[[""_template_data_0001"", 14], [""tgr_cha"", 8], [""TriggerCheckSkillLV"", 4], [""TriggerAddUnitAttr"", 4]]"	[]	"{""LOADK"": 42, ""GETGLOBAL"": 30, ""GETTABLE"": 9, ""MUL"": 10, ""ADD"": 10, ""SETTABLE"": 5, ""EQ"": 12, ""JMP"": 24, ""LE"": 4, ""CALL"": 8, ""TEST"": 4, ""RETURN"": 1}"
134	0.33.82	2	0x1301bb6	0x1301d47	401	10002_data03.o	3264	3275	28	9	0	3	0	0	"[[""tgr_cha"", 3], [""objGetSubType"", 1], [""CONTROL_PLAYER"", 1], [""objGetControl"", 1], [""objGetAttr"", 1], [""CREAT_SUMMERUNIT"", 1]]"	[]	"{""GETGLOBAL"": 8, ""CALL"": 3, ""EQ"": 3, ""JMP"": 3, ""LOADBOOL"": 4, ""RETURN"": 5, ""GETTABLE"": 2}"
135	0.33.83	2	0x1301d47	0x1302301	1466	10002_data03.o	3277	3329	124	24	0	12	3	0	"[[""tgr_cha"", 15], [""objGetAttr"", 7], [""Attr_Lv"", 7], [""TriggerShowHint"", 3], [""tgr_getNewItem"", 3], [""TriggerAddUnitAttr"", 2]]"	[]	"{""LOADK"": 42, ""EQ"": 13, ""JMP"": 16, ""GETGLOBAL"": 37, ""CALL"": 15, ""RETURN"": 1}"
136	0.33.84	2	0x1302301	0x13023b2	177	10002_data03.o	3343	3348	11	3	0	3	0	0	"[[""TriggerCheckChatypeID"", 1], [""tgr_cha"", 1]]"	[]	"{""GETGLOBAL"": 2, ""LOADK"": 1, ""CALL"": 1, ""TEST"": 1, ""JMP"": 1, ""LOADBOOL"": 2, ""RETURN"": 3}"
137	0.33.85	2	0x13023b2	0x13024eb	313	10002_data03.o	3350	3363	19	9	0	4	0	0	"[[""_template_data_0001"", 3], [""TriggerGetPropertyValue"", 3], [""tgr_cha"", 3]]"	[]	"{""GETGLOBAL"": 9, ""LOADK"": 3, ""CALL"": 3, ""SETTABLE"": 3, ""RETURN"": 1}"
138	0.33.86	2	0x13024eb	0x1302626	315	10002_data03.o	3377	3385	21	7	0	3	0	0	"[[""tgr_cha"", 2], [""TriggerCheckChatypeID"", 1], [""CONTROL_PLAYER"", 1], [""objGetControl"", 1]]"	[]	"{""GETGLOBAL"": 5, ""LOADK"": 1, ""CALL"": 2, ""TEST"": 1, ""JMP"": 2, ""LOADBOOL"": 3, ""RETURN"": 4, ""GETTABLE"": 2, ""EQ"": 1}"
139	0.33.87	2	0x1302626	0x130277b	341	10002_data03.o	3387	3397	22	10	0	5	0	0	"[[""TriggerAddUnitAttr"", 3], [""tgr_cha"", 3], [""_template_data_0001"", 3]]"	[]	"{""GETGLOBAL"": 9, ""LOADK"": 6, ""GETTABLE"": 3, ""CALL"": 3, ""RETURN"": 1}"
140	0.33.88	2	0x130277b	0x130282c	177	10002_data03.o	3411	3416	11	3	0	3	0	0	"[[""TriggerCheckChatypeID"", 1], [""tgr_cha"", 1]]"	[]	"{""GETGLOBAL"": 2, ""LOADK"": 1, ""CALL"": 1, ""TEST"": 1, ""JMP"": 1, ""LOADBOOL"": 2, ""RETURN"": 3}"
141	0.33.89	2	0x130282c	0x1302965	313	10002_data03.o	3418	3431	19	9	0	4	0	0	"[[""_template_data_0001"", 3], [""TriggerGetPropertyValue"", 3], [""tgr_cha"", 3]]"	[]	"{""GETGLOBAL"": 9, ""LOADK"": 3, ""CALL"": 3, ""SETTABLE"": 3, ""RETURN"": 1}"
142	0.33.90	2	0x1302965	0x1302aa0	315	10002_data03.o	3445	3453	21	7	0	3	0	0	"[[""tgr_cha"", 2], [""TriggerCheckChatypeID"", 1], [""CONTROL_PLAYER"", 1], [""objGetControl"", 1]]"	[]	"{""GETGLOBAL"": 5, ""LOADK"": 1, ""CALL"": 2, ""TEST"": 1, ""JMP"": 2, ""LOADBOOL"": 3, ""RETURN"": 4, ""GETTABLE"": 2, ""EQ"": 1}"
143	0.33.91	2	0x1302aa0	0x1302bf5	341	10002_data03.o	3455	3465	22	10	0	5	0	0	"[[""TriggerAddUnitAttr"", 3], [""tgr_cha"", 3], [""_template_data_0001"", 3]]"	[]	"{""GETGLOBAL"": 9, ""LOADK"": 6, ""GETTABLE"": 3, ""CALL"": 3, ""RETURN"": 1}"
144	0.33.92	2	0x1302bf5	0x1302ca6	177	10002_data03.o	3479	3484	11	3	0	3	0	0	"[[""TriggerCheckChatypeID"", 1], [""tgr_cha"", 1]]"	[]	"{""GETGLOBAL"": 2, ""LOADK"": 1, ""CALL"": 1, ""TEST"": 1, ""JMP"": 1, ""LOADBOOL"": 2, ""RETURN"": 3}"
145	0.33.93	2	0x1302ca6	0x1302ddf	313	10002_data03.o	3486	3499	19	9	0	4	0	0	"[[""_template_data_0001"", 3], [""TriggerGetPropertyValue"", 3], [""tgr_cha"", 3]]"	[]	"{""GETGLOBAL"": 9, ""LOADK"": 3, ""CALL"": 3, ""SETTABLE"": 3, ""RETURN"": 1}"
146	0.33.94	2	0x1302ddf	0x1302f1a	315	10002_data03.o	3513	3521	21	7	0	3	0	0	"[[""tgr_cha"", 2], [""TriggerCheckChatypeID"", 1], [""CONTROL_PLAYER"", 1], [""objGetControl"", 1]]"	[]	"{""GETGLOBAL"": 5, ""LOADK"": 1, ""CALL"": 2, ""TEST"": 1, ""JMP"": 2, ""LOADBOOL"": 3, ""RETURN"": 4, ""GETTABLE"": 2, ""EQ"": 1}"
147	0.33.95	2	0x1302f1a	0x130306f	341	10002_data03.o	3523	3533	22	10	0	5	0	0	"[[""TriggerAddUnitAttr"", 3], [""tgr_cha"", 3], [""_template_data_0001"", 3]]"	[]	"{""GETGLOBAL"": 9, ""LOADK"": 6, ""GETTABLE"": 3, ""CALL"": 3, ""RETURN"": 1}"
148	0.33.96	2	0x130306f	0x1303120	177	10002_data03.o	3547	3552	11	3	0	3	0	0	"[[""TriggerCheckChatypeID"", 1], [""tgr_cha"", 1]]"	[]	"{""GETGLOBAL"": 2, ""LOADK"": 1, ""CALL"": 1, ""TEST"": 1, ""JMP"": 1, ""LOADBOOL"": 2, ""RETURN"": 3}"
149	0.33.97	2	0x1303120	0x1303217	247	10002_data03.o	3554	3563	13	7	0	4	0	0	"[[""_template_data_0001"", 2], [""TriggerGetPropertyValue"", 2], [""tgr_cha"", 2]]"	[]	"{""GETGLOBAL"": 6, ""LOADK"": 2, ""CALL"": 2, ""SETTABLE"": 2, ""RETURN"": 1}"
150	0.33.98	2	0x1303217	0x1303352	315	10002_data03.o	3577	3585	21	7	0	3	0	0	"[[""tgr_cha"", 2], [""TriggerCheckChatypeID"", 1], [""CONTROL_PLAYER"", 1], [""objGetControl"", 1]]"	[]	"{""GETGLOBAL"": 5, ""LOADK"": 1, ""CALL"": 2, ""TEST"": 1, ""JMP"": 2, ""LOADBOOL"": 3, ""RETURN"": 4, ""GETTABLE"": 2, ""EQ"": 1}"
151	0.33.99	2	0x1303352	0x130345d	267	10002_data03.o	3587	3594	15	8	0	5	0	0	"[[""TriggerAddUnitAttr"", 2], [""tgr_cha"", 2], [""_template_data_0001"", 2]]"	[]	"{""GETGLOBAL"": 6, ""LOADK"": 4, ""GETTABLE"": 2, ""CALL"": 2, ""RETURN"": 1}"
152	0.33.100	2	0x130345d	0x13034fe	161	10002_data03.o	3608	3613	10	3	0	2	0	0	"[[""objGetSubType"", 1], [""tgr_cha"", 1]]"	[]	"{""GETGLOBAL"": 2, ""CALL"": 1, ""EQ"": 1, ""JMP"": 1, ""LOADBOOL"": 2, ""RETURN"": 3}"
153	0.33.101	2	0x13034fe	0x1303adc	1502	10002_data03.o	3615	3676	117	31	0	13	4	0	"[[""_template_data_0001"", 11], [""tgr_cha"", 8], [""GetInt"", 3], [""TriggerGetAttrFromUnit"", 2], [""TriggerAddUnitAttr"", 2], [""TriggerShowHint"", 2], [""tgr_RemoveItemFromCha"", 1], [""tgr_GetRandomNum"", 1], [""tgr_getNewItem"", 1], [""Game_End"", 1]]"	[]	"{""GETGLOBAL"": 32, ""LOADK"": 35, ""CALL"": 13, ""SETTABLE"": 4, ""EQ"": 5, ""JMP"": 10, ""GETTABLE"": 8, ""LE"": 2, ""MUL"": 3, ""ADD"": 3, ""LT"": 1, ""RETURN"": 1}"
154	0.33.102	2	0x1303adc	0x1303b8d	177	10002_data03.o	3690	3695	11	3	0	3	0	0	"[[""TriggerCheckChatypeID"", 1], [""tgr_cha"", 1]]"	[]	"{""GETGLOBAL"": 2, ""LOADK"": 1, ""CALL"": 1, ""TEST"": 1, ""JMP"": 1, ""LOADBOOL"": 2, ""RETURN"": 3}"
155	0.33.103	2	0x1303b8d	0x1303c42	181	10002_data03.o	3697	3702	7	5	0	4	0	0	"[[""_template_data_0001"", 1], [""TriggerGetPropertyValue"", 1], [""tgr_cha"", 1]]"	[]	"{""GETGLOBAL"": 3, ""LOADK"": 1, ""CALL"": 1, ""SETTABLE"": 1, ""RETURN"": 1}"
156	0.33.104	2	0x1303c42	0x1303d19	215	10002_data03.o	3716	3721	13	5	0	3	0	0	"[[""CONTROL_PLAYER"", 1], [""objGetControl"", 1], [""tgr_cha"", 1]]"	[]	"{""GETGLOBAL"": 3, ""CALL"": 1, ""GETTABLE"": 2, ""EQ"": 1, ""JMP"": 1, ""LOADBOOL"": 2, ""RETURN"": 3}"
157	0.33.105	2	0x1303d19	0x13042d4	1467	10002_data03.o	3723	3804	129	14	0	11	12	0	"[[""_template_data_0001"", 16], [""tgr_cha"", 8], [""TriggerCheckChatypeID"", 4], [""TriggerAddUnitAttr"", 4]]"	[]	"{""LOADK"": 28, ""EQ"": 8, ""JMP"": 16, ""GETGLOBAL"": 32, ""CALL"": 8, ""TEST"": 4, ""GETTABLE"": 12, ""MUL"": 8, ""ADD"": 8, ""SETTABLE"": 4, ""RETURN"": 1}"
158	0.33.106	2	0x13042d4	0x1304386	178	10002_data03.o	3818	3823	11	4	0	2	0	0	"[[""objGetSubType"", 1], [""tgr_KEobj"", 1]]"	[]	"{""GETGLOBAL"": 2, ""GETTABLE"": 1, ""CALL"": 1, ""EQ"": 1, ""JMP"": 1, ""LOADBOOL"": 2, ""RETURN"": 3}"
159	0.33.107	2	0x1304386	0x130657b	8693	10002_data03.o	3825	4006	1011	39	0	15	10	0	"[[""tgr_KEobj"", 120], [""objGetAttr"", 90], [""Cha_InventoryTakeItem"", 90], [""TriggerCheckChatypeID"", 10], [""tgr_RemoveItemFromCha"", 10], [""tgr_getNewItem"", 10]]"	[]	"{""LOADK"": 80, ""EQ"": 120, ""JMP"": 140, ""GETGLOBAL"": 330, ""GETTABLE"": 210, ""CALL"": 120, ""TEST"": 10, ""RETURN"": 1}"
160	0.33.108	2	0x130657b	0x13065bb	64	10002_data03.o	4020	4022	3	0	0	2	0	0	[]	[]	"{""LOADBOOL"": 1, ""RETURN"": 2}"
161	0.33.109	2	0x13065bb	0x1306949	910	10002_data03.o	4024	4057	61	21	0	10	4	0	"[[""tgr_cha"", 5], [""_template_data_0001"", 3], [""IsMoveByTrack"", 1], [""objSetPos"", 1], [""GameOp_StopCha"", 1], [""tgr_SetPlayerCamera"", 1], [""objGetControl"", 1], [""AddCha"", 1], [""TriggerShowHint"", 1]]"	[]	"{""LOADK"": 20, ""EQ"": 4, ""JMP"": 5, ""GETGLOBAL"": 15, ""GETTABLE"": 2, ""CALL"": 7, ""LOADNIL"": 1, ""MOVE"": 1, ""MUL"": 2, ""ADD"": 2, ""SETTABLE"": 1, ""RETURN"": 1}"
162	0.33.110	2	0x1306949	0x1306a6e	293	10002_data03.o	4071	4079	20	7	0	3	0	0	"[[""tgr_KEobj"", 2], [""TriggerCheckChatypeID"", 1], [""objGetSubType"", 1]]"	[]	"{""GETGLOBAL"": 4, ""LOADK"": 1, ""GETTABLE"": 2, ""CALL"": 2, ""TEST"": 1, ""JMP"": 2, ""LOADBOOL"": 3, ""RETURN"": 4, ""EQ"": 1}"
163	0.33.111	2	0x1306a6e	0x1306e60	1010	10002_data03.o	4081	4097	92	18	0	6	1	0	"[[""tgr_KEobj"", 11], [""objGetAttr"", 9], [""Cha_InventoryTakeItem"", 9], [""tgr_RemoveItemFromCha"", 1], [""tgr_getNewItem"", 1]]"	[]	"{""LOADK"": 6, ""EQ"": 11, ""JMP"": 12, ""GETGLOBAL"": 31, ""GETTABLE"": 20, ""CALL"": 11, ""RETURN"": 1}"
164	0.33.112	2	0x1306e60	0x1306efb	155	10002_data03.o	4111	4116	9	3	0	2	0	0	"[[""_template_data_0001"", 1]]"	[]	"{""GETGLOBAL"": 1, ""GETTABLE"": 1, ""EQ"": 1, ""JMP"": 1, ""LOADBOOL"": 2, ""RETURN"": 3}"
165	0.33.113	2	0x1306efb	0x130727b	896	10002_data03.o	4118	4148	83	13	0	7	3	0	"[[""AddCha"", 9], [""_template_data_0001"", 2]]"	[]	"{""GETGLOBAL"": 11, ""LOADK"": 47, ""CALL"": 9, ""MOVE"": 9, ""GETTABLE"": 1, ""MUL"": 2, ""ADD"": 2, ""SETTABLE"": 1, ""RETURN"": 1}"
166	0.33.114	2	0x130727b	0x1307347	204	10002_data03.o	4162	4167	12	5	0	3	0	0	"[[""CheckSkillExist"", 1], [""tgr_NormalAtkObj"", 1]]"	[]	"{""GETGLOBAL"": 2, ""GETTABLE"": 1, ""LOADK"": 1, ""CALL"": 1, ""EQ"": 1, ""JMP"": 1, ""LOADBOOL"": 2, ""RETURN"": 3}"
167	0.33.115	2	0x1307347	0x1307d8a	2627	10002_data03.o	4169	4314	242	28	0	17	16	0	"[[""_template_data_0001"", 26], [""tgr_NormalAtkObj"", 10], [""TriggerCheckSkillLV"", 4], [""GetRandomNumber"", 4], [""TriggerDoAreaDamage"", 4], [""TriggerAddEffectAtPara"", 4], [""TriggerGetUnitPosition"", 1], [""TriggerGetPropertyValue"", 1]]"	[]	"{""GETGLOBAL"": 54, ""GETTABLE"": 30, ""CALL"": 18, ""SETTABLE"": 6, ""LOADK"": 61, ""EQ"": 12, ""JMP"": 28, ""TEST"": 4, ""LE"": 4, ""MUL"": 8, ""ADD"": 8, ""NEWTABLE"": 4, ""SETLIST"": 4, ""RETURN"": 1}"
168	0.33.116	2	0x1307d8a	0x1307dca	64	10002_data03.o	4328	4330	3	0	0	2	0	0	[]	[]	"{""LOADBOOL"": 1, ""RETURN"": 2}"
169	0.33.117	2	0x1307dca	0x13091b6	5100	10002_data03.o	4332	4461	528	50	0	12	14	0	"[[""tgr_SendSignal"", 44], [""_template_data_0001"", 15], [""AddCha"", 2], [""TriggerShowHint"", 2], [""tgr_cha"", 2]]"	[]	"{""LOADK"": 349, ""EQ"": 7, ""JMP"": 14, ""GETGLOBAL"": 65, ""GETTABLE"": 10, ""LE"": 5, ""LOADNIL"": 2, ""CALL"": 48, ""MOVE"": 2, ""MUL"": 10, ""ADD"": 10, ""SETTABLE"": 5, ""RETURN"": 1}"
170	0.33.118	2	0x13091b6	0x1309267	177	10002_data03.o	4475	4480	11	3	0	3	0	0	"[[""TriggerCheckChatypeID"", 1], [""tgr_cha"", 1]]"	[]	"{""GETGLOBAL"": 2, ""LOADK"": 1, ""CALL"": 1, ""TEST"": 1, ""JMP"": 1, ""LOADBOOL"": 2, ""RETURN"": 3}"
171	0.33.119	2	0x1309267	0x130943c	469	10002_data03.o	4482	4504	31	5	0	9	6	0	"[[""_template_data_0001"", 6]]"	[]	"{""LOADK"": 6, ""GETGLOBAL"": 6, ""GETTABLE"": 3, ""MUL"": 6, ""ADD"": 6, ""SETTABLE"": 3, ""RETURN"": 1}"
172	0.33.120	2	0x130943c	0x130947c	64	10002_data03.o	4518	4520	3	0	0	2	0	0	[]	[]	"{""LOADBOOL"": 1, ""RETURN"": 2}"
173	0.33.121	2	0x130947c	0x13094fd	129	10002_data03.o	4522	4526	5	3	0	3	0	0	"[[""tgr_RemoveItemFromCha"", 1], [""tgr_cha"", 1]]"	[]	"{""GETGLOBAL"": 2, ""LOADK"": 1, ""CALL"": 1, ""RETURN"": 1}"
174	0.33.122	2	0x13094fd	0x130953d	64	10002_data03.o	4540	4542	3	0	0	2	0	0	[]	[]	"{""LOADBOOL"": 1, ""RETURN"": 2}"
175	0.33.123	2	0x130953d	0x1309d6f	2098	10002_data03.o	4544	4673	177	20	0	13	24	0	"[[""_template_data_0001"", 16], [""objGetControl"", 8], [""tgr_cha"", 8]]"	[]	"{""LOADK"": 32, ""EQ"": 24, ""JMP"": 32, ""GETGLOBAL"": 32, ""CALL"": 8, ""GETTABLE"": 8, ""MUL"": 16, ""ADD"": 16, ""SETTABLE"": 8, ""RETURN"": 1}"
176	0.33.124	2	0x1309d6f	0x1309daf	64	10002_data03.o	4687	4689	3	0	0	2	0	0	[]	[]	"{""LOADBOOL"": 1, ""RETURN"": 2}"
177	0.33.125	2	0x1309daf	0x130a5e1	2098	10002_data03.o	4691	4820	177	20	0	13	24	0	"[[""_template_data_0001"", 16], [""objGetControl"", 8], [""tgr_cha"", 8]]"	[]	"{""LOADK"": 32, ""EQ"": 24, ""JMP"": 32, ""GETGLOBAL"": 32, ""CALL"": 8, ""GETTABLE"": 8, ""MUL"": 16, ""ADD"": 16, ""SETTABLE"": 8, ""RETURN"": 1}"
178	0.33.126	2	0x130a5e1	0x130a621	64	10002_data03.o	4834	4836	3	0	0	2	0	0	[]	[]	"{""LOADBOOL"": 1, ""RETURN"": 2}"
179	0.33.127	2	0x130a621	0x130ac89	1640	10002_data03.o	4838	4913	116	26	0	14	20	0	"[[""_template_data_0001"", 8], [""AddCha"", 2], [""tab_item"", 2], [""sceGetAIChaNum"", 1], [""sceGetAICha"", 1], [""objGetControl"", 1], [""objGetSubType"", 1], [""tgr_RemoveUnit"", 1]]"	[]	"{""LOADK"": 25, ""EQ"": 13, ""JMP"": 16, ""GETGLOBAL"": 17, ""GETTABLE"": 11, ""MOVE"": 8, ""CALL"": 7, ""SUB"": 1, ""FORPREP"": 1, ""MUL"": 6, ""ADD"": 6, ""SETTABLE"": 3, ""FORLOOP"": 1, ""RETURN"": 1}"
180	0.33.128	2	0x130ac89	0x130acc9	64	10002_data03.o	4927	4929	3	0	0	2	0	0	[]	[]	"{""LOADBOOL"": 1, ""RETURN"": 2}"
181	0.33.129	2	0x130acc9	0x130b33a	1649	10002_data03.o	4931	5006	116	27	0	14	20	0	"[[""_template_data_0001"", 8], [""AddCha"", 2], [""tab_item"", 2], [""sceGetAIChaNum"", 1], [""sceGetAICha"", 1], [""objGetControl"", 1], [""objGetSubType"", 1], [""tgr_RemoveUnit"", 1]]"	[]	"{""LOADK"": 25, ""EQ"": 13, ""JMP"": 16, ""GETGLOBAL"": 17, ""GETTABLE"": 11, ""MOVE"": 8, ""CALL"": 7, ""SUB"": 1, ""FORPREP"": 1, ""MUL"": 6, ""ADD"": 6, ""SETTABLE"": 3, ""FORLOOP"": 1, ""RETURN"": 1}"
182	0.33.130	2	0x130b33a	0x130b37a	64	10002_data03.o	5020	5022	3	0	0	2	0	0	[]	[]	"{""LOADBOOL"": 1, ""RETURN"": 2}"
183	0.33.131	2	0x130b37a	0x130b9eb	1649	10002_data03.o	5024	5099	116	27	0	14	20	0	"[[""_template_data_0001"", 8], [""AddCha"", 2], [""tab_item"", 2], [""sceGetAIChaNum"", 1], [""sceGetAICha"", 1], [""objGetControl"", 1], [""objGetSubType"", 1], [""tgr_RemoveUnit"", 1]]"	[]	"{""LOADK"": 25, ""EQ"": 13, ""JMP"": 16, ""GETGLOBAL"": 17, ""GETTABLE"": 11, ""MOVE"": 8, ""CALL"": 7, ""SUB"": 1, ""FORPREP"": 1, ""MUL"": 6, ""ADD"": 6, ""SETTABLE"": 3, ""FORLOOP"": 1, ""RETURN"": 1}"
184	0.33.132	2	0x130b9eb	0x130ba2b	64	10002_data03.o	5113	5115	3	0	0	2	0	0	[]	[]	"{""LOADBOOL"": 1, ""RETURN"": 2}"
185	0.33.133	2	0x130ba2b	0x130c093	1640	10002_data03.o	5117	5192	116	26	0	14	20	0	"[[""_template_data_0001"", 8], [""AddCha"", 2], [""tab_item"", 2], [""sceGetAIChaNum"", 1], [""sceGetAICha"", 1], [""objGetControl"", 1], [""objGetSubType"", 1], [""tgr_RemoveUnit"", 1]]"	[]	"{""LOADK"": 25, ""EQ"": 13, ""JMP"": 16, ""GETGLOBAL"": 17, ""GETTABLE"": 11, ""MOVE"": 8, ""CALL"": 7, ""SUB"": 1, ""FORPREP"": 1, ""MUL"": 6, ""ADD"": 6, ""SETTABLE"": 3, ""FORLOOP"": 1, ""RETURN"": 1}"
186	0.33.134	2	0x130c093	0x130c0d3	64	10002_data03.o	5206	5208	3	0	0	2	0	0	[]	[]	"{""LOADBOOL"": 1, ""RETURN"": 2}"
187	0.33.135	2	0x130c0d3	0x130c744	1649	10002_data03.o	5210	5285	116	27	0	14	20	0	"[[""_template_data_0001"", 8], [""AddCha"", 2], [""tab_item"", 2], [""sceGetAIChaNum"", 1], [""sceGetAICha"", 1], [""objGetControl"", 1], [""objGetSubType"", 1], [""tgr_RemoveUnit"", 1]]"	[]	"{""LOADK"": 25, ""EQ"": 13, ""JMP"": 16, ""GETGLOBAL"": 17, ""GETTABLE"": 11, ""MOVE"": 8, ""CALL"": 7, ""SUB"": 1, ""FORPREP"": 1, ""MUL"": 6, ""ADD"": 6, ""SETTABLE"": 3, ""FORLOOP"": 1, ""RETURN"": 1}"
188	0.33.136	2	0x130c744	0x130c784	64	10002_data03.o	5299	5301	3	0	0	2	0	0	[]	[]	"{""LOADBOOL"": 1, ""RETURN"": 2}"
189	0.33.137	2	0x130c784	0x130cdf5	1649	10002_data03.o	5303	5378	116	27	0	14	20	0	"[[""_template_data_0001"", 8], [""AddCha"", 2], [""tab_item"", 2], [""sceGetAIChaNum"", 1], [""sceGetAICha"", 1], [""objGetControl"", 1], [""objGetSubType"", 1], [""tgr_RemoveUnit"", 1]]"	[]	"{""LOADK"": 25, ""EQ"": 13, ""JMP"": 16, ""GETGLOBAL"": 17, ""GETTABLE"": 11, ""MOVE"": 8, ""CALL"": 7, ""SUB"": 1, ""FORPREP"": 1, ""MUL"": 6, ""ADD"": 6, ""SETTABLE"": 3, ""FORLOOP"": 1, ""RETURN"": 1}"
190	0.33.138	2	0x130cdf5	0x130ce35	64	10002_data03.o	5392	5394	3	0	0	2	0	0	[]	[]	"{""LOADBOOL"": 1, ""RETURN"": 2}"
191	0.33.139	2	0x130ce35	0x130d4a6	1649	10002_data03.o	5396	5471	116	27	0	14	20	0	"[[""_template_data_0001"", 8], [""AddCha"", 2], [""tab_item"", 2], [""sceGetAIChaNum"", 1], [""sceGetAICha"", 1], [""objGetControl"", 1], [""objGetSubType"", 1], [""tgr_RemoveUnit"", 1]]"	[]	"{""LOADK"": 25, ""EQ"": 13, ""JMP"": 16, ""GETGLOBAL"": 17, ""GETTABLE"": 11, ""MOVE"": 8, ""CALL"": 7, ""SUB"": 1, ""FORPREP"": 1, ""MUL"": 6, ""ADD"": 6, ""SETTABLE"": 3, ""FORLOOP"": 1, ""RETURN"": 1}"
192	0.33.140	2	0x130d4a6	0x130d4e6	64	10002_data03.o	5485	5487	3	0	0	2	0	0	[]	[]	"{""LOADBOOL"": 1, ""RETURN"": 2}"
193	0.33.141	2	0x130d4e6	0x130db57	1649	10002_data03.o	5489	5564	116	27	0	14	20	0	"[[""_template_data_0001"", 8], [""AddCha"", 2], [""tab_item"", 2], [""sceGetAIChaNum"", 1], [""sceGetAICha"", 1], [""objGetControl"", 1], [""objGetSubType"", 1], [""tgr_RemoveUnit"", 1]]"	[]	"{""LOADK"": 25, ""EQ"": 13, ""JMP"": 16, ""GETGLOBAL"": 17, ""GETTABLE"": 11, ""MOVE"": 8, ""CALL"": 7, ""SUB"": 1, ""FORPREP"": 1, ""MUL"": 6, ""ADD"": 6, ""SETTABLE"": 3, ""FORLOOP"": 1, ""RETURN"": 1}"
194	0.33.142	2	0x130db57	0x130db97	64	10002_data03.o	5578	5580	3	0	0	2	0	0	[]	[]	"{""LOADBOOL"": 1, ""RETURN"": 2}"
195	0.33.143	2	0x130db97	0x130e3c9	2098	10002_data03.o	5582	5711	177	20	0	13	24	0	"[[""_template_data_0001"", 16], [""objGetControl"", 8], [""tgr_cha"", 8]]"	[]	"{""LOADK"": 32, ""EQ"": 24, ""JMP"": 32, ""GETGLOBAL"": 32, ""CALL"": 8, ""GETTABLE"": 8, ""MUL"": 16, ""ADD"": 16, ""SETTABLE"": 8, ""RETURN"": 1}"
196	0.33.144	2	0x130e3c9	0x130e409	64	10002_data03.o	5725	5727	3	0	0	2	0	0	[]	[]	"{""LOADBOOL"": 1, ""RETURN"": 2}"
197	0.33.145	2	0x130e409	0x130ec3b	2098	10002_data03.o	5729	5858	177	20	0	13	24	0	"[[""_template_data_0001"", 16], [""objGetControl"", 8], [""tgr_cha"", 8]]"	[]	"{""LOADK"": 32, ""EQ"": 24, ""JMP"": 32, ""GETGLOBAL"": 32, ""CALL"": 8, ""GETTABLE"": 8, ""MUL"": 16, ""ADD"": 16, ""SETTABLE"": 8, ""RETURN"": 1}"
198	0.33.146	2	0x130ec3b	0x130ed04	201	10002_data03.o	5872	5877	12	4	0	3	0	0	"[[""TriggerCheckChatypeID"", 1], [""tgr_NormalAtkObj"", 1]]"	[]	"{""GETGLOBAL"": 2, ""LOADK"": 1, ""GETTABLE"": 1, ""CALL"": 1, ""TEST"": 1, ""JMP"": 1, ""LOADBOOL"": 2, ""RETURN"": 3}"
199	0.33.147	2	0x130ed04	0x130f249	1349	10002_data03.o	5879	5930	102	27	0	16	7	0	"[[""_template_data_0001"", 15], [""tgr_NormalAtkObj"", 5], [""GetInt"", 2], [""CheckSkillExist"", 1], [""TriggerGetUnitPosition"", 1], [""TriggerGetPropertyValue"", 1], [""TriggerDoAreaDamage"", 1], [""TriggerAddEffectAndTimes"", 1]]"	[]	"{""LOADK"": 19, ""EQ"": 4, ""JMP"": 6, ""GETGLOBAL"": 27, ""GETTABLE"": 15, ""LT"": 1, ""CALL"": 7, ""SETTABLE"": 5, ""MUL"": 8, ""ADD"": 6, ""MOVE"": 1, ""NEWTABLE"": 1, ""SETLIST"": 1, ""RETURN"": 1}"
200	0.33.148	2	0x130f249	0x130f289	64	10002_data03.o	5944	5946	3	0	0	2	0	0	[]	[]	"{""LOADBOOL"": 1, ""RETURN"": 2}"
201	0.33.149	2	0x130f289	0x130f40c	387	10002_data03.o	5948	5965	24	7	0	6	3	0	"[[""_template_data_0001"", 2], [""TriggerCheckChatypeID"", 1], [""tgr_cha"", 1]]"	[]	"{""LOADK"": 5, ""EQ"": 2, ""JMP"": 4, ""GETGLOBAL"": 4, ""CALL"": 1, ""TEST"": 1, ""GETTABLE"": 1, ""MUL"": 2, ""ADD"": 2, ""SETTABLE"": 1, ""RETURN"": 1}"
202	0.33.150	2	0x130f40c	0x130f4d8	204	10002_data03.o	5979	5984	12	5	0	3	0	0	"[[""CheckSkillExist"", 1], [""tgr_NormalAtkObj"", 1]]"	[]	"{""GETGLOBAL"": 2, ""GETTABLE"": 1, ""LOADK"": 1, ""CALL"": 1, ""EQ"": 1, ""JMP"": 1, ""LOADBOOL"": 2, ""RETURN"": 3}"
203	0.33.151	2	0x130f4d8	0x130f7e1	777	10002_data03.o	5986	6008	53	22	0	12	1	0	"[[""_template_data_0001"", 6], [""tgr_NormalAtkObj"", 4], [""GetInt"", 2], [""Check_SkilleffNum_Bit"", 1], [""TriggerGetUnitPosition"", 1], [""TriggerGetPropertyValue"", 1], [""TriggerDoAreaDamage"", 1]]"	[]	"{""LOADK"": 9, ""EQ"": 3, ""JMP"": 4, ""GETGLOBAL"": 16, ""GETTABLE"": 8, ""CALL"": 6, ""SETTABLE"": 2, ""MUL"": 2, ""NEWTABLE"": 1, ""SETLIST"": 1, ""RETURN"": 1}"
204	0.33.152	2	0x130f7e1	0x130f8b3	210	10002_data03.o	6022	6027	12	5	0	3	0	0	"[[""Check_SkilleffNum_Bit"", 1], [""tgr_NormalAtkObj"", 1]]"	[]	"{""GETGLOBAL"": 2, ""GETTABLE"": 1, ""LOADK"": 1, ""CALL"": 1, ""EQ"": 1, ""JMP"": 1, ""LOADBOOL"": 2, ""RETURN"": 3}"
205	0.33.153	2	0x130f8b3	0x130fad7	548	10002_data03.o	6029	6056	37	9	0	8	5	0	"[[""_template_data_0001"", 5], [""Rem_Cha_State"", 1], [""tgr_NormalAtkObj"", 1]]"	[]	"{""LOADK"": 7, ""GETGLOBAL"": 7, ""GETTABLE"": 4, ""MUL"": 4, ""ADD"": 4, ""SETTABLE"": 2, ""EQ"": 2, ""JMP"": 4, ""LE"": 1, ""CALL"": 1, ""RETURN"": 1}"
206	0.33.154	2	0x130fad7	0x130fb17	64	10002_data03.o	6070	6072	3	0	0	2	0	0	[]	[]	"{""LOADBOOL"": 1, ""RETURN"": 2}"
207	0.33.155	2	0x130fb17	0x130fbea	211	10002_data03.o	6074	6082	11	3	0	5	2	0	"[[""_template_data_0001"", 2]]"	[]	"{""LOADK"": 2, ""GETGLOBAL"": 2, ""GETTABLE"": 1, ""MUL"": 2, ""ADD"": 2, ""SETTABLE"": 1, ""RETURN"": 1}"
208	0.33.156	2	0x130fbea	0x130fc9b	177	10002_data03.o	6096	6101	11	3	0	3	0	0	"[[""TriggerCheckChatypeID"", 1], [""tgr_cha"", 1]]"	[]	"{""GETGLOBAL"": 2, ""LOADK"": 1, ""CALL"": 1, ""TEST"": 1, ""JMP"": 1, ""LOADBOOL"": 2, ""RETURN"": 3}"
209	0.33.157	2	0x130fc9b	0x130fd77	220	10002_data03.o	6103	6111	11	4	0	5	2	0	"[[""_template_data_0001"", 2]]"	[]	"{""LOADK"": 2, ""GETGLOBAL"": 2, ""GETTABLE"": 1, ""MUL"": 2, ""ADD"": 2, ""SETTABLE"": 1, ""RETURN"": 1}"
210	0.33.158	2	0x130fd77	0x130fe9f	296	10002_data03.o	6125	6133	20	8	0	3	0	0	"[[""tgr_KEobj"", 2], [""CheckSkillExist"", 1], [""objGetSubType"", 1]]"	[]	"{""GETGLOBAL"": 4, ""GETTABLE"": 2, ""LOADK"": 1, ""CALL"": 2, ""EQ"": 2, ""JMP"": 2, ""LOADBOOL"": 3, ""RETURN"": 4}"
211	0.33.159	2	0x130fe9f	0x131037a	1243	10002_data03.o	6135	6189	100	19	0	16	9	0	"[[""_template_data_0001"", 14], [""tgr_KEobj"", 4], [""TriggerAddUnitAttr"", 3], [""GetInt"", 2], [""TriggerPopupText"", 1]]"	[]	"{""LOADK"": 22, ""GETGLOBAL"": 24, ""GETTABLE"": 14, ""MUL"": 9, ""ADD"": 9, ""SETTABLE"": 4, ""EQ"": 3, ""JMP"": 6, ""LE"": 1, ""CALL"": 6, ""LT"": 1, ""RETURN"": 1}"
212	0.33.160	2	0x131037a	0x131043c	194	10002_data03.o	6203	6208	12	4	0	3	0	0	"[[""TriggerCheckChatypeID"", 1], [""tgr_KEobj"", 1]]"	[]	"{""GETGLOBAL"": 2, ""LOADK"": 1, ""GETTABLE"": 1, ""CALL"": 1, ""TEST"": 1, ""JMP"": 1, ""LOADBOOL"": 2, ""RETURN"": 3}"
213	0.33.161	2	0x131043c	0x13106c2	646	10002_data03.o	6210	6230	35	19	0	10	1	0	"[[""_template_data_0001"", 1], [""TriggerShowHint"", 1], [""tgr_cha"", 1], [""TriggerAddEffect"", 1], [""tgr_KEobj"", 1], [""TriggerSetTgrOnOff"", 1], [""_template_data_0000"", 1]]"	[]	"{""LOADK"": 14, ""EQ"": 3, ""JMP"": 4, ""GETGLOBAL"": 7, ""GETTABLE"": 3, ""CALL"": 3, ""RETURN"": 1}"
214	0.33.162	2	0x13106c2	0x131078e	204	10002_data03.o	6244	6249	12	5	0	3	0	0	"[[""CheckSkillExist"", 1], [""tgr_NormalAtkObj"", 1]]"	[]	"{""GETGLOBAL"": 2, ""GETTABLE"": 1, ""LOADK"": 1, ""CALL"": 1, ""EQ"": 1, ""JMP"": 1, ""LOADBOOL"": 2, ""RETURN"": 3}"
215	0.33.163	2	0x131078e	0x1310e28	1690	10002_data03.o	6251	6324	159	25	0	14	4	0	"[[""_template_data_0001"", 13], [""tgr_NormalAtkObj"", 13], [""TriggerCheckSkillLV"", 4], [""TriggerDoAreaDamage"", 4], [""TriggerAddEffectAndTimes"", 4], [""TriggerGetUnitPosition"", 1]]"	[]	"{""GETGLOBAL"": 39, ""GETTABLE"": 25, ""CALL"": 13, ""SETTABLE"": 1, ""LOADK"": 44, ""EQ"": 8, ""JMP"": 16, ""TEST"": 4, ""NEWTABLE"": 4, ""SETLIST"": 4, ""RETURN"": 1}"
216	0.33.164	2	0x1310e28	0x1310e68	64	10002_data03.o	6338	6340	3	0	0	2	0	0	[]	[]	"{""LOADBOOL"": 1, ""RETURN"": 2}"
217	0.33.165	2	0x1310e68	0x131141c	1460	10002_data03.o	6342	6374	135	24	0	8	4	0	"[[""tgr_cha"", 17], [""TriggerCheckChatypeID"", 15], [""_template_data_0001"", 4], [""TriggerAddUnitAttr"", 2], [""GetInt"", 2]]"	[]	"{""LOADK"": 25, ""EQ"": 4, ""JMP"": 21, ""GETGLOBAL"": 40, ""CALL"": 19, ""TEST"": 15, ""GETTABLE"": 3, ""MUL"": 4, ""ADD"": 2, ""SETTABLE"": 1, ""RETURN"": 1}"
218	0.33.166	2	0x131141c	0x131145c	64	10002_data03.o	6388	6390	3	0	0	2	0	0	[]	[]	"{""LOADBOOL"": 1, ""RETURN"": 2}"
219	0.33.167	2	0x131145c	0x1311541	229	10002_data03.o	6392	6400	11	5	0	5	2	0	"[[""_template_data_0001"", 2]]"	[]	"{""LOADK"": 2, ""GETGLOBAL"": 2, ""GETTABLE"": 1, ""MUL"": 2, ""ADD"": 2, ""SETTABLE"": 1, ""RETURN"": 1}"
220	0.33.168	2	0x1311541	0x1311581	64	10002_data03.o	6414	6416	3	0	0	2	0	0	[]	[]	"{""LOADBOOL"": 1, ""RETURN"": 2}"
221	0.33.169	2	0x1311581	0x1311cd1	1872	10002_data03.o	6418	6474	165	35	0	14	3	0	"[[""_template_data_0001"", 20], [""tgr_NormalAtkObj"", 11], [""GetInt"", 7], [""TriggerCheckChatypeID"", 3], [""TriggerGetControlChaFace"", 2], [""TriggerDoAreaDamage"", 2], [""CheckSkillExist"", 1], [""TriggerGetPropertyValue"", 1], [""TriggerGetUnitPosition"", 1], [""TriggerAddEffectAndTimes"", 1]]"	[]	"{""LOADK"": 24, ""EQ"": 7, ""JMP"": 17, ""GETGLOBAL"": 49, ""GETTABLE"": 27, ""CALL"": 18, ""SETTABLE"": 4, ""SUB"": 4, ""LT"": 4, ""TEST"": 3, ""MUL"": 3, ""NEWTABLE"": 2, ""SETLIST"": 2, ""RETURN"": 1}"
222	0.33.170	2	0x1311cd1	0x1311d11	64	10002_data03.o	6488	6490	3	0	0	2	0	0	[]	[]	"{""LOADBOOL"": 1, ""RETURN"": 2}"
223	0.33.171	2	0x1311d11	0x1312295	1412	10002_data03.o	6492	6549	101	17	0	15	18	0	"[[""_template_data_0001"", 6], [""table"", 2], [""objGetUniqueID"", 2], [""TriggerCheckChatypeID"", 2], [""TriggerCastSkillArea"", 2]]"	[]	"{""GETGLOBAL"": 14, ""GETTABLE"": 16, ""CALL"": 8, ""LT"": 2, ""JMP"": 16, ""LOADK"": 20, ""MOVE"": 8, ""FORPREP"": 2, ""TEST"": 4, ""EQ"": 8, ""FORLOOP"": 2, ""RETURN"": 1}"
224	0.33.172	2	0x1312295	0x13122d5	64	10002_data03.o	6563	6565	3	0	0	2	0	0	[]	[]	"{""LOADBOOL"": 1, ""RETURN"": 2}"
225	0.33.173	2	0x13122d5	0x1312662	909	10002_data03.o	6567	6616	72	18	0	14	8	0	"[[""AddCha"", 8]]"	[]	"{""GETGLOBAL"": 8, ""LOADK"": 40, ""CALL"": 8, ""MOVE"": 8, ""LOADNIL"": 7, ""RETURN"": 1}"
226	0.33.174	2	0x1312662	0x13126a2	64	10002_data03.o	6630	6632	3	0	0	2	0	0	[]	[]	"{""LOADBOOL"": 1, ""RETURN"": 2}"
227	0.33.175	2	0x13126a2	0x1312d2c	1674	10002_data03.o	6634	6711	137	24	0	13	16	0	"[[""tgr_cha"", 12], [""TriggerCheckChatypeID"", 4], [""TriggerSetDialogBubble"", 4], [""objGetPos"", 4], [""AddCha"", 4]]"	[]	"{""LOADK"": 48, ""EQ"": 8, ""JMP"": 16, ""GETGLOBAL"": 28, ""CALL"": 16, ""TEST"": 4, ""LOADNIL"": 4, ""MOVE"": 12, ""RETURN"": 1}"
228	0.33.176	2	0x1312d2c	0x1312e37	267	10002_data03.o	6725	6733	19	5	0	2	0	0	"[[""tgr_NormalAtkObj"", 2], [""objGetSubType"", 1], [""cha_GetPType"", 1]]"	[]	"{""GETGLOBAL"": 4, ""GETTABLE"": 2, ""CALL"": 2, ""EQ"": 2, ""JMP"": 2, ""LOADBOOL"": 3, ""RETURN"": 4}"
229	0.33.177	2	0x1312e37	0x131406c	4661	10002_data03.o	6735	6992	433	59	0	15	32	0	"[[""_template_data_0001"", 40], [""tgr_NormalAtkObj"", 16], [""TriggerCheckChatypeID"", 8], [""TriggerGetPropertyValue"", 8], [""AddCha"", 8]]"	[]	"{""LOADK"": 104, ""EQ"": 40, ""JMP"": 64, ""GETGLOBAL"": 80, ""GETTABLE"": 40, ""CALL"": 24, ""TEST"": 8, ""LT"": 8, ""SETTABLE"": 16, ""LOADNIL"": 8, ""MOVE"": 8, ""MUL"": 16, ""ADD"": 16, ""RETURN"": 1}"
230	0.33.178	2	0x131406c	0x13140ac	64	10002_data03.o	7006	7008	3	0	0	2	0	0	[]	[]	"{""LOADBOOL"": 1, ""RETURN"": 2}"
231	0.33.179	2	0x13140ac	0x1314e50	3492	10002_data03.o	7010	7203	385	23	0	13	8	0	"[[""tgr_cha"", 48], [""TriggerAddUnitAttr"", 40], [""_template_data_0001"", 40], [""TriggerCheckChatypeID"", 8]]"	[]	"{""LOADK"": 104, ""EQ"": 16, ""JMP"": 32, ""GETGLOBAL"": 136, ""CALL"": 48, ""TEST"": 8, ""GETTABLE"": 40, ""RETURN"": 1}"
232	0.33.180	2	0x1314e50	0x1314e90	64	10002_data03.o	7217	7219	3	0	0	2	0	0	[]	[]	"{""LOADBOOL"": 1, ""RETURN"": 2}"
233	0.33.181	2	0x1314e90	0x1316501	5745	10002_data03.o	7221	7446	649	36	0	14	8	0	"[[""_template_data_0001"", 96], [""type"", 40], [""tgr_GetRandomNum"", 16], [""TriggerCheckChatypeID"", 8], [""tgr_cha"", 8], [""TriggerAddChaFromCoordinate"", 8]]"	[]	"{""LOADK"": 104, ""EQ"": 56, ""JMP"": 88, ""GETGLOBAL"": 176, ""CALL"": 72, ""TEST"": 24, ""SETTABLE"": 32, ""GETTABLE"": 96, ""RETURN"": 1}"
234	0.33.182	2	0x1316501	0x13165a2	161	10002_data03.o	7460	7465	10	3	0	2	0	0	"[[""objGetSubType"", 1], [""tgr_cha"", 1]]"	[]	"{""GETGLOBAL"": 2, ""CALL"": 1, ""EQ"": 1, ""JMP"": 1, ""LOADBOOL"": 2, ""RETURN"": 3}"
235	0.33.183	2	0x13165a2	0x13167b8	534	10002_data03.o	7467	7479	46	12	0	4	0	0	"[[""lua_ChaBindRegion"", 9], [""tgr_cha"", 9]]"	[]	"{""GETGLOBAL"": 18, ""LOADK"": 18, ""CALL"": 9, ""RETURN"": 1}"
236	0.33.184	2	0x13167b8	0x13167f8	64	10002_data03.o	7493	7495	3	0	0	2	0	0	[]	[]	"{""LOADBOOL"": 1, ""RETURN"": 2}"
237	0.33.185	2	0x13167f8	0x1316fa9	1969	10002_data03.o	7497	7618	201	18	0	8	8	0	"[[""_template_data_0001"", 20], [""TriggerSetTgrOnOff"", 8], [""_template_data_0000"", 8]]"	[]	"{""LOADK"": 32, ""EQ"": 24, ""JMP"": 52, ""GETGLOBAL"": 36, ""GETTABLE"": 28, ""LE"": 20, ""CALL"": 8, ""RETURN"": 1}"
238	0.33.186	2	0x1316fa9	0x1316fe9	64	10002_data03.o	7632	7634	3	0	0	2	0	0	[]	[]	"{""LOADBOOL"": 1, ""RETURN"": 2}"
239	0.33.187	2	0x1316fe9	0x131756d	1412	10002_data03.o	7636	7693	101	17	0	15	18	0	"[[""_template_data_0001"", 6], [""table"", 2], [""objGetUniqueID"", 2], [""TriggerCheckChatypeID"", 2], [""TriggerCastSkillArea"", 2]]"	[]	"{""GETGLOBAL"": 14, ""GETTABLE"": 16, ""CALL"": 8, ""LT"": 2, ""JMP"": 16, ""LOADK"": 20, ""MOVE"": 8, ""FORPREP"": 2, ""TEST"": 4, ""EQ"": 8, ""FORLOOP"": 2, ""RETURN"": 1}"
240	0.33.188	2	0x131756d	0x13175ad	64	10002_data03.o	7707	7709	3	0	0	2	0	0	[]	[]	"{""LOADBOOL"": 1, ""RETURN"": 2}"
241	0.33.189	2	0x13175ad	0x1317b31	1412	10002_data03.o	7711	7768	101	17	0	15	18	0	"[[""_template_data_0001"", 6], [""table"", 2], [""objGetUniqueID"", 2], [""TriggerCheckChatypeID"", 2], [""TriggerCastSkillArea"", 2]]"	[]	"{""GETGLOBAL"": 14, ""GETTABLE"": 16, ""CALL"": 8, ""LT"": 2, ""JMP"": 16, ""LOADK"": 20, ""MOVE"": 8, ""FORPREP"": 2, ""TEST"": 4, ""EQ"": 8, ""FORLOOP"": 2, ""RETURN"": 1}"
242	0.33.190	2	0x1317b31	0x1317b71	64	10002_data03.o	7782	7784	3	0	0	2	0	0	[]	[]	"{""LOADBOOL"": 1, ""RETURN"": 2}"
243	0.33.191	2	0x1317b71	0x13180f5	1412	10002_data03.o	7786	7843	101	17	0	15	18	0	"[[""_template_data_0001"", 6], [""table"", 2], [""objGetUniqueID"", 2], [""TriggerCheckChatypeID"", 2], [""TriggerCastSkillArea"", 2]]"	[]	"{""GETGLOBAL"": 14, ""GETTABLE"": 16, ""CALL"": 8, ""LT"": 2, ""JMP"": 16, ""LOADK"": 20, ""MOVE"": 8, ""FORPREP"": 2, ""TEST"": 4, ""EQ"": 8, ""FORLOOP"": 2, ""RETURN"": 1}"
244	0.33.192	2	0x13180f5	0x1318196	161	10002_data03.o	7857	7862	10	3	0	2	0	0	"[[""objGetSubType"", 1], [""tgr_cha"", 1]]"	[]	"{""GETGLOBAL"": 2, ""CALL"": 1, ""EQ"": 1, ""JMP"": 1, ""LOADBOOL"": 2, ""RETURN"": 3}"
245	0.33.193	2	0x1318196	0x131852a	916	10002_data03.o	7864	7906	60	11	0	15	12	0	"[[""_template_data_0001"", 5], [""sceGetAIChaNum"", 1], [""sceGetAICha"", 1], [""TriggerCheckChatypeID"", 1], [""tgr_RemoveUnit"", 1]]"	[]	"{""LOADK"": 12, ""GETGLOBAL"": 9, ""GETTABLE"": 3, ""MUL"": 4, ""ADD"": 4, ""SETTABLE"": 2, ""EQ"": 6, ""JMP"": 8, ""CALL"": 4, ""SUB"": 1, ""FORPREP"": 1, ""MOVE"": 3, ""TEST"": 1, ""FORLOOP"": 1, ""RETURN"": 1}"
246	0.33.194	2	0x131852a	0x13185cb	161	10002_data03.o	7920	7925	10	3	0	2	0	0	"[[""objGetSubType"", 1], [""tgr_cha"", 1]]"	[]	"{""GETGLOBAL"": 2, ""CALL"": 1, ""EQ"": 1, ""JMP"": 1, ""LOADBOOL"": 2, ""RETURN"": 3}"
247	0.33.195	2	0x13185cb	0x131895f	916	10002_data03.o	7927	7969	60	11	0	15	12	0	"[[""_template_data_0001"", 5], [""sceGetAIChaNum"", 1], [""sceGetAICha"", 1], [""TriggerCheckChatypeID"", 1], [""tgr_RemoveUnit"", 1]]"	[]	"{""LOADK"": 12, ""GETGLOBAL"": 9, ""GETTABLE"": 3, ""MUL"": 4, ""ADD"": 4, ""SETTABLE"": 2, ""EQ"": 6, ""JMP"": 8, ""CALL"": 4, ""SUB"": 1, ""FORPREP"": 1, ""MOVE"": 3, ""TEST"": 1, ""FORLOOP"": 1, ""RETURN"": 1}"
248	0.33.196	2	0x131895f	0x1318a00	161	10002_data03.o	7983	7988	10	3	0	2	0	0	"[[""objGetSubType"", 1], [""tgr_cha"", 1]]"	[]	"{""GETGLOBAL"": 2, ""CALL"": 1, ""EQ"": 1, ""JMP"": 1, ""LOADBOOL"": 2, ""RETURN"": 3}"
249	0.33.197	2	0x1318a00	0x1318d94	916	10002_data03.o	7990	8032	60	11	0	15	12	0	"[[""_template_data_0001"", 5], [""sceGetAIChaNum"", 1], [""sceGetAICha"", 1], [""TriggerCheckChatypeID"", 1], [""tgr_RemoveUnit"", 1]]"	[]	"{""LOADK"": 12, ""GETGLOBAL"": 9, ""GETTABLE"": 3, ""MUL"": 4, ""ADD"": 4, ""SETTABLE"": 2, ""EQ"": 6, ""JMP"": 8, ""CALL"": 4, ""SUB"": 1, ""FORPREP"": 1, ""MOVE"": 3, ""TEST"": 1, ""FORLOOP"": 1, ""RETURN"": 1}"
250	0.33.198	2	0x1318d94	0x1318e35	161	10002_data03.o	8046	8051	10	3	0	2	0	0	"[[""objGetSubType"", 1], [""tgr_cha"", 1]]"	[]	"{""GETGLOBAL"": 2, ""CALL"": 1, ""EQ"": 1, ""JMP"": 1, ""LOADBOOL"": 2, ""RETURN"": 3}"
251	0.33.199	2	0x1318e35	0x13191c9	916	10002_data03.o	8053	8095	60	11	0	15	12	0	"[[""_template_data_0001"", 5], [""sceGetAIChaNum"", 1], [""sceGetAICha"", 1], [""TriggerCheckChatypeID"", 1], [""tgr_RemoveUnit"", 1]]"	[]	"{""LOADK"": 12, ""GETGLOBAL"": 9, ""GETTABLE"": 3, ""MUL"": 4, ""ADD"": 4, ""SETTABLE"": 2, ""EQ"": 6, ""JMP"": 8, ""CALL"": 4, ""SUB"": 1, ""FORPREP"": 1, ""MOVE"": 3, ""TEST"": 1, ""FORLOOP"": 1, ""RETURN"": 1}"
252	0.33.200	2	0x13191c9	0x131926a	161	10002_data03.o	8109	8114	10	3	0	2	0	0	"[[""objGetSubType"", 1], [""tgr_cha"", 1]]"	[]	"{""GETGLOBAL"": 2, ""CALL"": 1, ""EQ"": 1, ""JMP"": 1, ""LOADBOOL"": 2, ""RETURN"": 3}"
253	0.33.201	2	0x131926a	0x13195fe	916	10002_data03.o	8116	8158	60	11	0	15	12	0	"[[""_template_data_0001"", 5], [""sceGetAIChaNum"", 1], [""sceGetAICha"", 1], [""TriggerCheckChatypeID"", 1], [""tgr_RemoveUnit"", 1]]"	[]	"{""LOADK"": 12, ""GETGLOBAL"": 9, ""GETTABLE"": 3, ""MUL"": 4, ""ADD"": 4, ""SETTABLE"": 2, ""EQ"": 6, ""JMP"": 8, ""CALL"": 4, ""SUB"": 1, ""FORPREP"": 1, ""MOVE"": 3, ""TEST"": 1, ""FORLOOP"": 1, ""RETURN"": 1}"
254	0.33.202	2	0x13195fe	0x131969f	161	10002_data03.o	8172	8177	10	3	0	2	0	0	"[[""objGetSubType"", 1], [""tgr_cha"", 1]]"	[]	"{""GETGLOBAL"": 2, ""CALL"": 1, ""EQ"": 1, ""JMP"": 1, ""LOADBOOL"": 2, ""RETURN"": 3}"
255	0.33.203	2	0x131969f	0x1319a33	916	10002_data03.o	8179	8221	60	11	0	15	12	0	"[[""_template_data_0001"", 5], [""sceGetAIChaNum"", 1], [""sceGetAICha"", 1], [""TriggerCheckChatypeID"", 1], [""tgr_RemoveUnit"", 1]]"	[]	"{""LOADK"": 12, ""GETGLOBAL"": 9, ""GETTABLE"": 3, ""MUL"": 4, ""ADD"": 4, ""SETTABLE"": 2, ""EQ"": 6, ""JMP"": 8, ""CALL"": 4, ""SUB"": 1, ""FORPREP"": 1, ""MOVE"": 3, ""TEST"": 1, ""FORLOOP"": 1, ""RETURN"": 1}"
256	0.33.204	2	0x1319a33	0x1319ad4	161	10002_data03.o	8235	8240	10	3	0	2	0	0	"[[""objGetSubType"", 1], [""tgr_cha"", 1]]"	[]	"{""GETGLOBAL"": 2, ""CALL"": 1, ""EQ"": 1, ""JMP"": 1, ""LOADBOOL"": 2, ""RETURN"": 3}"
257	0.33.205	2	0x1319ad4	0x1319e68	916	10002_data03.o	8242	8284	60	11	0	15	12	0	"[[""_template_data_0001"", 5], [""sceGetAIChaNum"", 1], [""sceGetAICha"", 1], [""TriggerCheckChatypeID"", 1], [""tgr_RemoveUnit"", 1]]"	[]	"{""LOADK"": 12, ""GETGLOBAL"": 9, ""GETTABLE"": 3, ""MUL"": 4, ""ADD"": 4, ""SETTABLE"": 2, ""EQ"": 6, ""JMP"": 8, ""CALL"": 4, ""SUB"": 1, ""FORPREP"": 1, ""MOVE"": 3, ""TEST"": 1, ""FORLOOP"": 1, ""RETURN"": 1}"
258	0.33.206	2	0x1319e68	0x1319f09	161	10002_data03.o	8298	8303	10	3	0	2	0	0	"[[""objGetSubType"", 1], [""tgr_cha"", 1]]"	[]	"{""GETGLOBAL"": 2, ""CALL"": 1, ""EQ"": 1, ""JMP"": 1, ""LOADBOOL"": 2, ""RETURN"": 3}"
259	0.33.207	2	0x1319f09	0x131a29d	916	10002_data03.o	8305	8347	60	11	0	15	12	0	"[[""_template_data_0001"", 5], [""sceGetAIChaNum"", 1], [""sceGetAICha"", 1], [""TriggerCheckChatypeID"", 1], [""tgr_RemoveUnit"", 1]]"	[]	"{""LOADK"": 12, ""GETGLOBAL"": 9, ""GETTABLE"": 3, ""MUL"": 4, ""ADD"": 4, ""SETTABLE"": 2, ""EQ"": 6, ""JMP"": 8, ""CALL"": 4, ""SUB"": 1, ""FORPREP"": 1, ""MOVE"": 3, ""TEST"": 1, ""FORLOOP"": 1, ""RETURN"": 1}"
260	0.33.208	2	0x131a29d	0x131a33e	161	10002_data03.o	8361	8366	10	3	0	2	0	0	"[[""objGetSubType"", 1], [""tgr_cha"", 1]]"	[]	"{""GETGLOBAL"": 2, ""CALL"": 1, ""EQ"": 1, ""JMP"": 1, ""LOADBOOL"": 2, ""RETURN"": 3}"
261	0.33.209	2	0x131a33e	0x131a41a	220	10002_data03.o	8368	8376	11	4	0	5	2	0	"[[""_template_data_0001"", 2]]"	[]	"{""LOADK"": 2, ""GETGLOBAL"": 2, ""GETTABLE"": 1, ""MUL"": 2, ""ADD"": 2, ""SETTABLE"": 1, ""RETURN"": 1}"
262	0.33.210	2	0x131a41a	0x131a4bb	161	10002_data03.o	8390	8395	10	3	0	2	0	0	"[[""objGetSubType"", 1], [""tgr_cha"", 1]]"	[]	"{""GETGLOBAL"": 2, ""CALL"": 1, ""EQ"": 1, ""JMP"": 1, ""LOADBOOL"": 2, ""RETURN"": 3}"
263	0.33.211	2	0x131a4bb	0x131a597	220	10002_data03.o	8397	8405	11	4	0	5	2	0	"[[""_template_data_0001"", 2]]"	[]	"{""LOADK"": 2, ""GETGLOBAL"": 2, ""GETTABLE"": 1, ""MUL"": 2, ""ADD"": 2, ""SETTABLE"": 1, ""RETURN"": 1}"
264	0.33.212	2	0x131a597	0x131a638	161	10002_data03.o	8419	8424	10	3	0	2	0	0	"[[""objGetSubType"", 1], [""tgr_cha"", 1]]"	[]	"{""GETGLOBAL"": 2, ""CALL"": 1, ""EQ"": 1, ""JMP"": 1, ""LOADBOOL"": 2, ""RETURN"": 3}"
265	0.33.213	2	0x131a638	0x131a714	220	10002_data03.o	8426	8434	11	4	0	5	2	0	"[[""_template_data_0001"", 2]]"	[]	"{""LOADK"": 2, ""GETGLOBAL"": 2, ""GETTABLE"": 1, ""MUL"": 2, ""ADD"": 2, ""SETTABLE"": 1, ""RETURN"": 1}"
266	0.33.214	2	0x131a714	0x131a7b5	161	10002_data03.o	8448	8453	10	3	0	2	0	0	"[[""objGetSubType"", 1], [""tgr_cha"", 1]]"	[]	"{""GETGLOBAL"": 2, ""CALL"": 1, ""EQ"": 1, ""JMP"": 1, ""LOADBOOL"": 2, ""RETURN"": 3}"
267	0.33.215	2	0x131a7b5	0x131a891	220	10002_data03.o	8455	8463	11	4	0	5	2	0	"[[""_template_data_0001"", 2]]"	[]	"{""LOADK"": 2, ""GETGLOBAL"": 2, ""GETTABLE"": 1, ""MUL"": 2, ""ADD"": 2, ""SETTABLE"": 1, ""RETURN"": 1}"
268	0.33.216	2	0x131a891	0x131a932	161	10002_data03.o	8477	8482	10	3	0	2	0	0	"[[""objGetSubType"", 1], [""tgr_cha"", 1]]"	[]	"{""GETGLOBAL"": 2, ""CALL"": 1, ""EQ"": 1, ""JMP"": 1, ""LOADBOOL"": 2, ""RETURN"": 3}"
269	0.33.217	2	0x131a932	0x131aa0e	220	10002_data03.o	8484	8492	11	4	0	5	2	0	"[[""_template_data_0001"", 2]]"	[]	"{""LOADK"": 2, ""GETGLOBAL"": 2, ""GETTABLE"": 1, ""MUL"": 2, ""ADD"": 2, ""SETTABLE"": 1, ""RETURN"": 1}"
270	0.33.218	2	0x131aa0e	0x131aaaf	161	10002_data03.o	8506	8511	10	3	0	2	0	0	"[[""objGetSubType"", 1], [""tgr_cha"", 1]]"	[]	"{""GETGLOBAL"": 2, ""CALL"": 1, ""EQ"": 1, ""JMP"": 1, ""LOADBOOL"": 2, ""RETURN"": 3}"
271	0.33.219	2	0x131aaaf	0x131ab8b	220	10002_data03.o	8513	8521	11	4	0	5	2	0	"[[""_template_data_0001"", 2]]"	[]	"{""LOADK"": 2, ""GETGLOBAL"": 2, ""GETTABLE"": 1, ""MUL"": 2, ""ADD"": 2, ""SETTABLE"": 1, ""RETURN"": 1}"
272	0.33.220	2	0x131ab8b	0x131ac2c	161	10002_data03.o	8535	8540	10	3	0	2	0	0	"[[""objGetSubType"", 1], [""tgr_cha"", 1]]"	[]	"{""GETGLOBAL"": 2, ""CALL"": 1, ""EQ"": 1, ""JMP"": 1, ""LOADBOOL"": 2, ""RETURN"": 3}"
273	0.33.221	2	0x131ac2c	0x131ad08	220	10002_data03.o	8542	8550	11	4	0	5	2	0	"[[""_template_data_0001"", 2]]"	[]	"{""LOADK"": 2, ""GETGLOBAL"": 2, ""GETTABLE"": 1, ""MUL"": 2, ""ADD"": 2, ""SETTABLE"": 1, ""RETURN"": 1}"
274	0.33.222	2	0x131ad08	0x131ada9	161	10002_data03.o	8564	8569	10	3	0	2	0	0	"[[""objGetSubType"", 1], [""tgr_cha"", 1]]"	[]	"{""GETGLOBAL"": 2, ""CALL"": 1, ""EQ"": 1, ""JMP"": 1, ""LOADBOOL"": 2, ""RETURN"": 3}"
275	0.33.223	2	0x131ada9	0x131ae85	220	10002_data03.o	8571	8579	11	4	0	5	2	0	"[[""_template_data_0001"", 2]]"	[]	"{""LOADK"": 2, ""GETGLOBAL"": 2, ""GETTABLE"": 1, ""MUL"": 2, ""ADD"": 2, ""SETTABLE"": 1, ""RETURN"": 1}"
276	0.33.224	2	0x131ae85	0x131af71	236	10002_data03.o	8593	8601	17	4	0	2	0	0	"[[""tgr_cha"", 2], [""objGetSubType"", 1], [""objGetControl"", 1]]"	[]	"{""GETGLOBAL"": 4, ""CALL"": 2, ""EQ"": 2, ""JMP"": 2, ""LOADBOOL"": 3, ""RETURN"": 4}"
277	0.33.225	2	0x131af71	0x131b1c7	598	10002_data03.o	8603	8631	38	13	0	7	3	0	"[[""_template_data_0001"", 4], [""TriggerGetChaToPara"", 1], [""tgr_cha"", 1], [""TriggerSetTgrOnOff"", 1], [""_template_data_0000"", 1], [""tgr_SetPlayerCamera"", 1]]"	[]	"{""LOADK"": 9, ""GETGLOBAL"": 9, ""GETTABLE"": 4, ""MUL"": 2, ""ADD"": 2, ""SETTABLE"": 1, ""CALL"": 3, ""EQ"": 3, ""JMP"": 4, ""RETURN"": 1}"
278	0.33.226	2	0x131b1c7	0x131b2bc	245	10002_data03.o	8645	8653	17	5	0	2	0	0	"[[""tgr_cha"", 2], [""objGetSubType"", 1], [""objGetControl"", 1]]"	[]	"{""GETGLOBAL"": 4, ""CALL"": 2, ""EQ"": 2, ""JMP"": 2, ""LOADBOOL"": 3, ""RETURN"": 4}"
279	0.33.227	2	0x131b2bc	0x131b51b	607	10002_data03.o	8655	8683	38	14	0	7	3	0	"[[""_template_data_0001"", 4], [""TriggerGetChaToPara"", 1], [""tgr_cha"", 1], [""TriggerSetTgrOnOff"", 1], [""_template_data_0000"", 1], [""tgr_SetPlayerCamera"", 1]]"	[]	"{""LOADK"": 9, ""GETGLOBAL"": 9, ""GETTABLE"": 4, ""MUL"": 2, ""ADD"": 2, ""SETTABLE"": 1, ""CALL"": 3, ""EQ"": 3, ""JMP"": 4, ""RETURN"": 1}"
280	0.33.228	2	0x131b51b	0x131b610	245	10002_data03.o	8697	8705	17	5	0	2	0	0	"[[""tgr_cha"", 2], [""objGetSubType"", 1], [""objGetControl"", 1]]"	[]	"{""GETGLOBAL"": 4, ""CALL"": 2, ""EQ"": 2, ""JMP"": 2, ""LOADBOOL"": 3, ""RETURN"": 4}"
281	0.33.229	2	0x131b610	0x131b86f	607	10002_data03.o	8707	8735	38	14	0	7	3	0	"[[""_template_data_0001"", 4], [""TriggerGetChaToPara"", 1], [""tgr_cha"", 1], [""TriggerSetTgrOnOff"", 1], [""_template_data_0000"", 1], [""tgr_SetPlayerCamera"", 1]]"	[]	"{""LOADK"": 9, ""GETGLOBAL"": 9, ""GETTABLE"": 4, ""MUL"": 2, ""ADD"": 2, ""SETTABLE"": 1, ""CALL"": 3, ""EQ"": 3, ""JMP"": 4, ""RETURN"": 1}"
282	0.33.230	2	0x131b86f	0x131b964	245	10002_data03.o	8749	8757	17	5	0	2	0	0	"[[""tgr_cha"", 2], [""objGetSubType"", 1], [""objGetControl"", 1]]"	[]	"{""GETGLOBAL"": 4, ""CALL"": 2, ""EQ"": 2, ""JMP"": 2, ""LOADBOOL"": 3, ""RETURN"": 4}"
283	0.33.231	2	0x131b964	0x131bbc3	607	10002_data03.o	8759	8787	38	14	0	7	3	0	"[[""_template_data_0001"", 4], [""TriggerGetChaToPara"", 1], [""tgr_cha"", 1], [""TriggerSetTgrOnOff"", 1], [""_template_data_0000"", 1], [""tgr_SetPlayerCamera"", 1]]"	[]	"{""LOADK"": 9, ""GETGLOBAL"": 9, ""GETTABLE"": 4, ""MUL"": 2, ""ADD"": 2, ""SETTABLE"": 1, ""CALL"": 3, ""EQ"": 3, ""JMP"": 4, ""RETURN"": 1}"
284	0.33.232	2	0x131bbc3	0x131bcb8	245	10002_data03.o	8801	8809	17	5	0	2	0	0	"[[""tgr_cha"", 2], [""objGetSubType"", 1], [""objGetControl"", 1]]"	[]	"{""GETGLOBAL"": 4, ""CALL"": 2, ""EQ"": 2, ""JMP"": 2, ""LOADBOOL"": 3, ""RETURN"": 4}"
285	0.33.233	2	0x131bcb8	0x131bf17	607	10002_data03.o	8811	8839	38	14	0	7	3	0	"[[""_template_data_0001"", 4], [""TriggerGetChaToPara"", 1], [""tgr_cha"", 1], [""TriggerSetTgrOnOff"", 1], [""_template_data_0000"", 1], [""tgr_SetPlayerCamera"", 1]]"	[]	"{""LOADK"": 9, ""GETGLOBAL"": 9, ""GETTABLE"": 4, ""MUL"": 2, ""ADD"": 2, ""SETTABLE"": 1, ""CALL"": 3, ""EQ"": 3, ""JMP"": 4, ""RETURN"": 1}"
286	0.33.234	2	0x131bf17	0x131c00c	245	10002_data03.o	8853	8861	17	5	0	2	0	0	"[[""tgr_cha"", 2], [""objGetSubType"", 1], [""objGetControl"", 1]]"	[]	"{""GETGLOBAL"": 4, ""CALL"": 2, ""EQ"": 2, ""JMP"": 2, ""LOADBOOL"": 3, ""RETURN"": 4}"
287	0.33.235	2	0x131c00c	0x131c26b	607	10002_data03.o	8863	8891	38	14	0	7	3	0	"[[""_template_data_0001"", 4], [""TriggerGetChaToPara"", 1], [""tgr_cha"", 1], [""TriggerSetTgrOnOff"", 1], [""_template_data_0000"", 1], [""tgr_SetPlayerCamera"", 1]]"	[]	"{""LOADK"": 9, ""GETGLOBAL"": 9, ""GETTABLE"": 4, ""MUL"": 2, ""ADD"": 2, ""SETTABLE"": 1, ""CALL"": 3, ""EQ"": 3, ""JMP"": 4, ""RETURN"": 1}"
288	0.33.236	2	0x131c26b	0x131c360	245	10002_data03.o	8905	8913	17	5	0	2	0	0	"[[""tgr_cha"", 2], [""objGetSubType"", 1], [""objGetControl"", 1]]"	[]	"{""GETGLOBAL"": 4, ""CALL"": 2, ""EQ"": 2, ""JMP"": 2, ""LOADBOOL"": 3, ""RETURN"": 4}"
289	0.33.237	2	0x131c360	0x131c5bf	607	10002_data03.o	8915	8943	38	14	0	7	3	0	"[[""_template_data_0001"", 4], [""TriggerGetChaToPara"", 1], [""tgr_cha"", 1], [""TriggerSetTgrOnOff"", 1], [""_template_data_0000"", 1], [""tgr_SetPlayerCamera"", 1]]"	[]	"{""LOADK"": 9, ""GETGLOBAL"": 9, ""GETTABLE"": 4, ""MUL"": 2, ""ADD"": 2, ""SETTABLE"": 1, ""CALL"": 3, ""EQ"": 3, ""JMP"": 4, ""RETURN"": 1}"
290	0.33.238	2	0x131c5bf	0x131c6b4	245	10002_data03.o	8957	8965	17	5	0	2	0	0	"[[""tgr_cha"", 2], [""objGetSubType"", 1], [""objGetControl"", 1]]"	[]	"{""GETGLOBAL"": 4, ""CALL"": 2, ""EQ"": 2, ""JMP"": 2, ""LOADBOOL"": 3, ""RETURN"": 4}"
291	0.33.239	2	0x131c6b4	0x131c913	607	10002_data03.o	8967	8995	38	14	0	7	3	0	"[[""_template_data_0001"", 4], [""TriggerGetChaToPara"", 1], [""tgr_cha"", 1], [""TriggerSetTgrOnOff"", 1], [""_template_data_0000"", 1], [""tgr_SetPlayerCamera"", 1]]"	[]	"{""LOADK"": 9, ""GETGLOBAL"": 9, ""GETTABLE"": 4, ""MUL"": 2, ""ADD"": 2, ""SETTABLE"": 1, ""CALL"": 3, ""EQ"": 3, ""JMP"": 4, ""RETURN"": 1}"
292	0.33.240	2	0x131c913	0x131c953	64	10002_data03.o	9009	9011	3	0	0	2	0	0	[]	[]	"{""LOADBOOL"": 1, ""RETURN"": 2}"
293	0.33.241	2	0x131c953	0x131f653	11520	10002_data03.o	9013	9646	977	70	0	29	152	0	"[[""_template_data_0001"", 152], [""TriggerGetPropertyValue"", 40], [""table"", 8], [""objGetUniqueID"", 8]]"	[]	"{""GETGLOBAL"": 208, ""GETTABLE"": 112, ""CALL"": 56, ""LT"": 8, ""JMP"": 64, ""LOADK"": 168, ""MOVE"": 56, ""FORPREP"": 8, ""TEST"": 8, ""EQ"": 32, ""LE"": 8, ""SETTABLE"": 80, ""MUL"": 80, ""ADD"": 80, ""FORLOOP"": 8, ""RETURN"": 1}"
294	0.33.242	2	0x131f653	0x131f7ea	407	10002_data03.o	9660	9671	29	9	0	3	0	0	"[[""tgr_cha"", 3], [""objGetSubType"", 1], [""CONTROL_PLAYER"", 1], [""objGetControl"", 1], [""TriggerCheckChatypeID"", 1]]"	[]	"{""GETGLOBAL"": 7, ""CALL"": 3, ""EQ"": 2, ""JMP"": 3, ""LOADBOOL"": 4, ""RETURN"": 5, ""GETTABLE"": 2, ""LOADK"": 1, ""NOT"": 1, ""TEST"": 1}"
295	0.33.243	2	0x131f7ea	0x131f88a	160	10002_data03.o	9673	9677	7	5	0	5	0	0	"[[""TriggerAddUnitAttr"", 1], [""tgr_cha"", 1]]"	[]	"{""GETGLOBAL"": 2, ""LOADK"": 3, ""CALL"": 1, ""RETURN"": 1}"
296	0.33.244	2	0x131f88a	0x131f967	221	10002_data03.o	9691	9699	15	5	0	2	0	0	"[[""_template_data_0001"", 2]]"	[]	"{""GETGLOBAL"": 2, ""GETTABLE"": 2, ""EQ"": 2, ""JMP"": 2, ""LOADBOOL"": 3, ""RETURN"": 4}"
297	0.33.245	2	0x131f967	0x131fc96	815	10002_data03.o	9701	9735	66	19	0	9	3	0	"[[""AddChaPoint"", 6], [""AddCha"", 3], [""lua_objSetAttr"", 3], [""NEXTPOINT"", 3]]"	[]	"{""GETGLOBAL"": 15, ""LOADK"": 24, ""CALL"": 12, ""MOVE"": 12, ""LOADNIL"": 2, ""RETURN"": 1}"
298	0.33.246	2	0x131fc96	0x131fcd6	64	10002_data03.o	9749	9751	3	0	0	2	0	0	[]	[]	"{""LOADBOOL"": 1, ""RETURN"": 2}"
299	0.33.247	2	0x131fcd6	0x131fda9	211	10002_data03.o	9753	9761	11	3	0	5	2	0	"[[""_template_data_0001"", 2]]"	[]	"{""LOADK"": 2, ""GETGLOBAL"": 2, ""GETTABLE"": 1, ""MUL"": 2, ""ADD"": 2, ""SETTABLE"": 1, ""RETURN"": 1}"
300	0.33.248	2	0x131fda9	0x131fde9	64	10002_data03.o	9775	9777	3	0	0	2	0	0	[]	[]	"{""LOADBOOL"": 1, ""RETURN"": 2}"
301	0.33.249	2	0x131fde9	0x131fec5	220	10002_data03.o	9779	9787	11	4	0	5	2	0	"[[""_template_data_0001"", 2]]"	[]	"{""LOADK"": 2, ""GETGLOBAL"": 2, ""GETTABLE"": 1, ""MUL"": 2, ""ADD"": 2, ""SETTABLE"": 1, ""RETURN"": 1}"
302	0.33.250	2	0x131fec5	0x131ff05	64	10002_data03.o	9801	9803	3	0	0	2	0	0	[]	[]	"{""LOADBOOL"": 1, ""RETURN"": 2}"
303	0.33.251	2	0x131ff05	0x1320b88	3203	10002_data03.o	9805	9990	297	26	0	17	24	0	"[[""_template_data_0001"", 32], [""tgr_cha"", 24], [""TriggerAddSkillState"", 8], [""TriggerPopupText"", 8]]"	[]	"{""LOADK"": 88, ""EQ"": 24, ""JMP"": 32, ""GETGLOBAL"": 72, ""GETTABLE"": 24, ""CALL"": 16, ""MUL"": 16, ""ADD"": 16, ""SETTABLE"": 8, ""RETURN"": 1}"
304	0.33.252	2	0x1320b88	0x1320bc8	64	10002_data03.o	10004	10006	3	0	0	2	0	0	[]	[]	"{""LOADBOOL"": 1, ""RETURN"": 2}"
305	0.33.253	2	0x1320bc8	0x1320ca4	220	10002_data03.o	10008	10016	11	4	0	5	2	0	"[[""_template_data_0001"", 2]]"	[]	"{""LOADK"": 2, ""GETGLOBAL"": 2, ""GETTABLE"": 1, ""MUL"": 2, ""ADD"": 2, ""SETTABLE"": 1, ""RETURN"": 1}"
306	0.33.254	2	0x1320ca4	0x1320d70	204	10002_data03.o	10030	10035	12	5	0	3	0	0	"[[""CheckSkillExist"", 1], [""tgr_NormalAtkObj"", 1]]"	[]	"{""GETGLOBAL"": 2, ""GETTABLE"": 1, ""LOADK"": 1, ""CALL"": 1, ""EQ"": 1, ""JMP"": 1, ""LOADBOOL"": 2, ""RETURN"": 3}"
307	0.33.255	2	0x1320d70	0x1320fea	634	10002_data03.o	10037	10055	41	19	0	12	1	0	"[[""_template_data_0001"", 4], [""tgr_NormalAtkObj"", 3], [""Check_SkilleffNum_Bit"", 1], [""TriggerGetUnitPosition"", 1], [""TriggerDoAreaDamage"", 1], [""GetInt"", 1]]"	[]	"{""LOADK"": 8, ""EQ"": 3, ""JMP"": 4, ""GETGLOBAL"": 11, ""GETTABLE"": 6, ""CALL"": 4, ""SETTABLE"": 1, ""MUL"": 1, ""NEWTABLE"": 1, ""SETLIST"": 1, ""RETURN"": 1}"
308	0.33.256	2	0x1320fea	0x132102a	64	10002_data03.o	10069	10071	3	0	0	2	0	0	[]	[]	"{""LOADBOOL"": 1, ""RETURN"": 2}"
309	0.33.257	2	0x132102a	0x13216a7	1661	10002_data03.o	10073	10150	137	23	0	13	16	0	"[[""tgr_cha"", 12], [""TriggerCheckChatypeID"", 4], [""TriggerSetDialogBubble"", 4], [""objGetPos"", 4], [""AddCha"", 4]]"	[]	"{""LOADK"": 48, ""EQ"": 8, ""JMP"": 16, ""GETGLOBAL"": 28, ""CALL"": 16, ""TEST"": 4, ""LOADNIL"": 4, ""MOVE"": 12, ""RETURN"": 1}"
310	0.33.258	2	0x13216a7	0x1321784	221	10002_data03.o	10164	10172	15	5	0	2	0	0	"[[""_template_data_0001"", 2]]"	[]	"{""GETGLOBAL"": 2, ""GETTABLE"": 2, ""EQ"": 2, ""JMP"": 2, ""LOADBOOL"": 3, ""RETURN"": 4}"
311	0.33.259	2	0x1321784	0x13219cf	587	10002_data03.o	10174	10197	44	15	0	8	2	0	"[[""AddChaPoint"", 4], [""AddCha"", 2], [""lua_objSetAttr"", 2], [""NEXTPOINT"", 2]]"	[]	"{""GETGLOBAL"": 10, ""LOADK"": 16, ""CALL"": 8, ""MOVE"": 8, ""LOADNIL"": 1, ""RETURN"": 1}"
312	0.33.260	2	0x13219cf	0x1321a0f	64	10002_data03.o	10211	10213	3	0	0	2	0	0	[]	[]	"{""LOADBOOL"": 1, ""RETURN"": 2}"
313	0.33.261	2	0x1321a0f	0x132498b	12156	10002_data03.o	10215	10459	1301	80	0	20	51	0	"[[""_template_data_0001"", 254], [""GetInt"", 185], [""Divide"", 10]]"	[]	"{""LOADK"": 61, ""EQ"": 19, ""JMP"": 38, ""GETGLOBAL"": 449, ""GETTABLE"": 233, ""ADD"": 222, ""CALL"": 195, ""MUL"": 47, ""LT"": 7, ""MOVE"": 5, ""SETTABLE"": 21, ""LE"": 3, ""RETURN"": 1}"
314	0.33.262	2	0x132498b	0x1324b41	438	10002_data03.o	10473	10487	35	11	0	4	0	0	"[[""_template_data_0001"", 5], [""GetInt"", 2]]"	[]	"{""GETGLOBAL"": 7, ""GETTABLE"": 5, ""MUL"": 1, ""CALL"": 2, ""ADD"": 1, ""LT"": 1, ""JMP"": 4, ""LOADBOOL"": 5, ""RETURN"": 6, ""LE"": 1, ""EQ"": 2}"
315	0.33.263	2	0x1324b41	0x1324f94	1107	10002_data03.o	10489	10527	94	20	0	9	5	0	"[[""_template_data_0001"", 8], [""AddChaPoint"", 6], [""AddCha"", 3], [""GetInt"", 3], [""lua_objSetAttr"", 3], [""NEXTPOINT"", 3]]"	[]	"{""GETGLOBAL"": 26, ""GETTABLE"": 10, ""CALL"": 15, ""LOADK"": 23, ""MOVE"": 12, ""LOADNIL"": 2, ""MUL"": 2, ""ADD"": 2, ""SETTABLE"": 1, ""RETURN"": 1}"
316	0.33.264	2	0x1324f94	0x13250b3	287	10002_data03.o	10541	10552	21	7	0	2	0	0	"[[""_template_data_0001"", 3]]"	[]	"{""GETGLOBAL"": 3, ""GETTABLE"": 3, ""LT"": 1, ""JMP"": 3, ""LOADBOOL"": 4, ""RETURN"": 5, ""EQ"": 2}"
317	0.33.265	2	0x13250b3	0x1325c6a	2999	10002_data03.o	10554	10616	310	33	0	14	6	0	"[[""tgr_SendSignal"", 24], [""_template_data_0001"", 20], [""GetInt"", 7], [""TriggerStringConcat"", 2], [""TriggerShowHint"", 1], [""tgr_cha"", 1]]"	[]	"{""LOADK"": 180, ""GETGLOBAL"": 55, ""GETTABLE"": 15, ""MUL"": 6, ""ADD"": 13, ""SETTABLE"": 5, ""CALL"": 34, ""MOVE"": 1, ""RETURN"": 1}"
318	0.33.266	2	0x1325c6a	0x1325d0b	161	10002_data03.o	10630	10635	10	3	0	2	0	0	"[[""objGetSubType"", 1], [""tgr_cha"", 1]]"	[]	"{""GETGLOBAL"": 2, ""CALL"": 1, ""EQ"": 1, ""JMP"": 1, ""LOADBOOL"": 2, ""RETURN"": 3}"
319	0.33.267	2	0x1325d0b	0x1325de7	220	10002_data03.o	10637	10645	11	4	0	5	2	0	"[[""_template_data_0001"", 2]]"	[]	"{""LOADK"": 2, ""GETGLOBAL"": 2, ""GETTABLE"": 1, ""MUL"": 2, ""ADD"": 2, ""SETTABLE"": 1, ""RETURN"": 1}"
320	0.33.268	2	0x1325de7	0x1325e88	161	10002_data03.o	10659	10664	10	3	0	2	0	0	"[[""objGetSubType"", 1], [""tgr_cha"", 1]]"	[]	"{""GETGLOBAL"": 2, ""CALL"": 1, ""EQ"": 1, ""JMP"": 1, ""LOADBOOL"": 2, ""RETURN"": 3}"
321	0.33.269	2	0x1325e88	0x1325f6d	229	10002_data03.o	10666	10674	11	5	0	5	2	0	"[[""_template_data_0001"", 2]]"	[]	"{""LOADK"": 2, ""GETGLOBAL"": 2, ""GETTABLE"": 1, ""MUL"": 2, ""ADD"": 2, ""SETTABLE"": 1, ""RETURN"": 1}"
322	0.33.270	2	0x1325f6d	0x1326008	155	10002_data03.o	10688	10693	9	3	0	2	0	0	"[[""_template_data_0001"", 1]]"	[]	"{""GETGLOBAL"": 1, ""GETTABLE"": 1, ""EQ"": 1, ""JMP"": 1, ""LOADBOOL"": 2, ""RETURN"": 3}"
323	0.33.271	2	0x1326008	0x1326136	302	10002_data03.o	10695	10702	21	7	0	3	0	0	"[[""TriggerSetTgrOnOff"", 4], [""_template_data_0000"", 4]]"	[]	"{""GETGLOBAL"": 8, ""GETTABLE"": 4, ""LOADK"": 4, ""CALL"": 4, ""RETURN"": 1}"
324	0.33.272	2	0x1326136	0x13261d7	161	10002_data03.o	10716	10721	10	3	0	2	0	0	"[[""objGetSubType"", 1], [""tgr_cha"", 1]]"	[]	"{""GETGLOBAL"": 2, ""CALL"": 1, ""EQ"": 1, ""JMP"": 1, ""LOADBOOL"": 2, ""RETURN"": 3}"
325	0.33.273	2	0x13261d7	0x1326b4a	2419	10002_data03.o	10723	10781	231	47	0	8	3	0	"[[""tgr_cha"", 33], [""TriggerCheckChatypeID"", 21], [""TriggerAddUnitAttr"", 10], [""_template_data_0001"", 10], [""objGetControl"", 2], [""GetInt"", 1]]"	[]	"{""LOADK"": 47, ""EQ"": 8, ""JMP"": 32, ""GETGLOBAL"": 77, ""CALL"": 34, ""TEST"": 21, ""GETTABLE"": 10, ""MUL"": 1, ""RETURN"": 1}"
326	0.33.274	2	0x1326b4a	0x1326b8a	64	10002_data03.o	10795	10797	3	0	0	2	0	0	[]	[]	"{""LOADBOOL"": 1, ""RETURN"": 2}"
327	0.33.275	2	0x1326b8a	0x1326f06	892	10002_data03.o	10799	10852	77	14	0	8	4	0	"[[""tgr_cha"", 8], [""TriggerCheckChatypeID"", 4], [""TriggerGetChaToPara"", 4], [""_template_data_0001"", 4]]"	[]	"{""LOADK"": 16, ""EQ"": 8, ""JMP"": 16, ""GETGLOBAL"": 20, ""CALL"": 8, ""TEST"": 4, ""GETTABLE"": 4, ""RETURN"": 1}"
328	0.33.276	2	0x1326f06	0x1326f46	64	10002_data03.o	10866	10868	3	0	0	2	0	0	[]	[]	"{""LOADBOOL"": 1, ""RETURN"": 2}"
329	0.33.277	2	0x1326f46	0x13272c2	892	10002_data03.o	10870	10923	77	14	0	8	4	0	"[[""tgr_cha"", 8], [""TriggerCheckChatypeID"", 4], [""TriggerGetChaToPara"", 4], [""_template_data_0001"", 4]]"	[]	"{""LOADK"": 16, ""EQ"": 8, ""JMP"": 16, ""GETGLOBAL"": 20, ""CALL"": 8, ""TEST"": 4, ""GETTABLE"": 4, ""RETURN"": 1}"
330	0.33.278	2	0x13272c2	0x13273e0	286	10002_data03.o	10937	10945	20	6	0	3	0	0	"[[""tgr_KEobj"", 2], [""TriggerCheckChatypeID"", 1], [""objGetSubType"", 1]]"	[]	"{""GETGLOBAL"": 4, ""LOADK"": 1, ""GETTABLE"": 2, ""CALL"": 2, ""TEST"": 1, ""JMP"": 2, ""LOADBOOL"": 3, ""RETURN"": 4, ""EQ"": 1}"
331	0.33.279	2	0x13273e0	0x13274c5	229	10002_data03.o	10947	10955	11	5	0	5	2	0	"[[""_template_data_0001"", 2]]"	[]	"{""LOADK"": 2, ""GETGLOBAL"": 2, ""GETTABLE"": 1, ""MUL"": 2, ""ADD"": 2, ""SETTABLE"": 1, ""RETURN"": 1}"
332	0.33.280	2	0x13274c5	0x1327560	155	10002_data03.o	10969	10974	9	3	0	2	0	0	"[[""_template_data_0001"", 1]]"	[]	"{""GETGLOBAL"": 1, ""GETTABLE"": 1, ""EQ"": 1, ""JMP"": 1, ""LOADBOOL"": 2, ""RETURN"": 3}"
333	0.33.281	2	0x1327560	0x132a5e9	12425	10002_data03.o	10976	11337	1409	59	0	15	32	0	"[[""_template_data_0001"", 200], [""AddCha"", 80], [""GetInt"", 80]]"	[]	"{""LOADK"": 368, ""EQ"": 32, ""JMP"": 64, ""GETGLOBAL"": 360, ""GETTABLE"": 272, ""LE"": 24, ""LOADNIL"": 8, ""CALL"": 160, ""MOVE"": 80, ""MUL"": 16, ""ADD"": 16, ""SETTABLE"": 8, ""RETURN"": 1}"
334	0.33.282	2	0x132a5e9	0x132a68a	161	10002_data03.o	11351	11356	10	3	0	2	0	0	"[[""objGetSubType"", 1], [""tgr_cha"", 1]]"	[]	"{""GETGLOBAL"": 2, ""CALL"": 1, ""EQ"": 1, ""JMP"": 1, ""LOADBOOL"": 2, ""RETURN"": 3}"
335	0.33.283	2	0x132a68a	0x132a86f	485	10002_data03.o	11358	11369	41	11	0	4	0	0	"[[""lua_ChaBindRegion"", 8], [""tgr_cha"", 8]]"	[]	"{""GETGLOBAL"": 16, ""LOADK"": 16, ""CALL"": 8, ""RETURN"": 1}"
336	0.33.284	2	0x132a86f	0x132a910	161	10002_data03.o	11383	11388	10	3	0	2	0	0	"[[""objGetSubType"", 1], [""tgr_cha"", 1]]"	[]	"{""GETGLOBAL"": 2, ""CALL"": 1, ""EQ"": 1, ""JMP"": 1, ""LOADBOOL"": 2, ""RETURN"": 3}"
337	0.33.285	2	0x132a910	0x132a9ec	220	10002_data03.o	11390	11398	11	4	0	5	2	0	"[[""_template_data_0001"", 2]]"	[]	"{""LOADK"": 2, ""GETGLOBAL"": 2, ""GETTABLE"": 1, ""MUL"": 2, ""ADD"": 2, ""SETTABLE"": 1, ""RETURN"": 1}"
338	0.33.286	2	0x132a9ec	0x132aa8d	161	10002_data03.o	11412	11417	10	3	0	2	0	0	"[[""objGetSubType"", 1], [""tgr_cha"", 1]]"	[]	"{""GETGLOBAL"": 2, ""CALL"": 1, ""EQ"": 1, ""JMP"": 1, ""LOADBOOL"": 2, ""RETURN"": 3}"
339	0.33.287	2	0x132aa8d	0x132ae21	916	10002_data03.o	11419	11461	60	11	0	15	12	0	"[[""_template_data_0001"", 5], [""sceGetAIChaNum"", 1], [""sceGetAICha"", 1], [""Check_SkilleffNum_Bit"", 1], [""tgr_RemoveUnit"", 1]]"	[]	"{""LOADK"": 12, ""GETGLOBAL"": 9, ""GETTABLE"": 3, ""MUL"": 4, ""ADD"": 4, ""SETTABLE"": 2, ""EQ"": 7, ""JMP"": 8, ""CALL"": 4, ""SUB"": 1, ""FORPREP"": 1, ""MOVE"": 3, ""FORLOOP"": 1, ""RETURN"": 1}"
340	0.33.288	2	0x132ae21	0x132aec2	161	10002_data03.o	11475	11480	10	3	0	2	0	0	"[[""objGetSubType"", 1], [""tgr_cha"", 1]]"	[]	"{""GETGLOBAL"": 2, ""CALL"": 1, ""EQ"": 1, ""JMP"": 1, ""LOADBOOL"": 2, ""RETURN"": 3}"
341	0.33.289	2	0x132aec2	0x132b3e1	1311	10002_data03.o	11482	11543	125	18	0	10	4	0	"[[""tgr_cha"", 16], [""IsChaInRegion"", 4], [""CONTROL_PLAYER"", 4], [""objGetControl"", 4], [""TriggerAddSkillState"", 4]]"	[]	"{""LOADK"": 28, ""EQ"": 20, ""JMP"": 24, ""GETGLOBAL"": 32, ""CALL"": 12, ""GETTABLE"": 8, ""RETURN"": 1}"
342	0.33.290	2	0x132b3e1	0x132b482	161	10002_data03.o	11557	11562	10	3	0	2	0	0	"[[""objGetSubType"", 1], [""tgr_cha"", 1]]"	[]	"{""GETGLOBAL"": 2, ""CALL"": 1, ""EQ"": 1, ""JMP"": 1, ""LOADBOOL"": 2, ""RETURN"": 3}"
343	0.33.291	2	0x132b482	0x132baa0	1566	10002_data03.o	11564	11641	137	18	0	9	12	0	"[[""tgr_cha"", 8], [""_template_data_0001"", 8], [""IsChaInRegion"", 4], [""CONTROL_PLAYER"", 4], [""objGetControl"", 4]]"	[]	"{""LOADK"": 24, ""EQ"": 20, ""JMP"": 24, ""GETGLOBAL"": 28, ""CALL"": 8, ""GETTABLE"": 12, ""MUL"": 8, ""ADD"": 8, ""SETTABLE"": 4, ""RETURN"": 1}"
344	0.33.292	2	0x132baa0	0x132bb7d	221	10002_data03.o	11655	11663	15	5	0	2	0	0	"[[""_template_data_0001"", 2]]"	[]	"{""GETGLOBAL"": 2, ""GETTABLE"": 2, ""LT"": 1, ""JMP"": 2, ""LOADBOOL"": 3, ""RETURN"": 4, ""EQ"": 1}"
345	0.33.293	2	0x132bb7d	0x132bc59	220	10002_data03.o	11665	11673	11	4	0	5	2	0	"[[""_template_data_0001"", 2]]"	[]	"{""LOADK"": 2, ""GETGLOBAL"": 2, ""GETTABLE"": 1, ""MUL"": 2, ""ADD"": 2, ""SETTABLE"": 1, ""RETURN"": 1}"
346	0.33.294	2	0x132bc59	0x132bcfa	161	10002_data03.o	11687	11692	10	3	0	2	0	0	"[[""objGetSubType"", 1], [""tgr_cha"", 1]]"	[]	"{""GETGLOBAL"": 2, ""CALL"": 1, ""EQ"": 1, ""JMP"": 1, ""LOADBOOL"": 2, ""RETURN"": 3}"
347	0.33.295	2	0x132bcfa	0x132bdd6	220	10002_data03.o	11694	11702	11	4	0	5	2	0	"[[""_template_data_0001"", 2]]"	[]	"{""LOADK"": 2, ""GETGLOBAL"": 2, ""GETTABLE"": 1, ""MUL"": 2, ""ADD"": 2, ""SETTABLE"": 1, ""RETURN"": 1}"
348	0.33.296	2	0x132bdd6	0x132be77	161	10002_data03.o	11716	11721	10	3	0	2	0	0	"[[""objGetSubType"", 1], [""tgr_cha"", 1]]"	[]	"{""GETGLOBAL"": 2, ""CALL"": 1, ""EQ"": 1, ""JMP"": 1, ""LOADBOOL"": 2, ""RETURN"": 3}"
349	0.33.297	2	0x132be77	0x132c20b	916	10002_data03.o	11723	11765	60	11	0	15	12	0	"[[""_template_data_0001"", 5], [""sceGetAIChaNum"", 1], [""sceGetAICha"", 1], [""Check_SkilleffNum_Bit"", 1], [""tgr_RemoveUnit"", 1]]"	[]	"{""LOADK"": 12, ""GETGLOBAL"": 9, ""GETTABLE"": 3, ""MUL"": 4, ""ADD"": 4, ""SETTABLE"": 2, ""EQ"": 7, ""JMP"": 8, ""CALL"": 4, ""SUB"": 1, ""FORPREP"": 1, ""MOVE"": 3, ""FORLOOP"": 1, ""RETURN"": 1}"
350	0.33.298	2	0x132c20b	0x132c2ac	161	10002_data03.o	11779	11784	10	3	0	2	0	0	"[[""objGetSubType"", 1], [""tgr_cha"", 1]]"	[]	"{""GETGLOBAL"": 2, ""CALL"": 1, ""EQ"": 1, ""JMP"": 1, ""LOADBOOL"": 2, ""RETURN"": 3}"
351	0.33.299	2	0x132c2ac	0x132c388	220	10002_data03.o	11786	11794	11	4	0	5	2	0	"[[""_template_data_0001"", 2]]"	[]	"{""LOADK"": 2, ""GETGLOBAL"": 2, ""GETTABLE"": 1, ""MUL"": 2, ""ADD"": 2, ""SETTABLE"": 1, ""RETURN"": 1}"
352	0.33.300	2	0x132c388	0x132c429	161	10002_data03.o	11808	11813	10	3	0	2	0	0	"[[""objGetSubType"", 1], [""tgr_cha"", 1]]"	[]	"{""GETGLOBAL"": 2, ""CALL"": 1, ""EQ"": 1, ""JMP"": 1, ""LOADBOOL"": 2, ""RETURN"": 3}"
353	0.33.301	2	0x132c429	0x132c7bd	916	10002_data03.o	11815	11857	60	11	0	15	12	0	"[[""_template_data_0001"", 5], [""sceGetAIChaNum"", 1], [""sceGetAICha"", 1], [""Check_SkilleffNum_Bit"", 1], [""tgr_RemoveUnit"", 1]]"	[]	"{""LOADK"": 12, ""GETGLOBAL"": 9, ""GETTABLE"": 3, ""MUL"": 4, ""ADD"": 4, ""SETTABLE"": 2, ""EQ"": 7, ""JMP"": 8, ""CALL"": 4, ""SUB"": 1, ""FORPREP"": 1, ""MOVE"": 3, ""FORLOOP"": 1, ""RETURN"": 1}"
354	0.33.302	2	0x132c7bd	0x132c85e	161	10002_data03.o	11871	11876	10	3	0	2	0	0	"[[""objGetSubType"", 1], [""tgr_cha"", 1]]"	[]	"{""GETGLOBAL"": 2, ""CALL"": 1, ""EQ"": 1, ""JMP"": 1, ""LOADBOOL"": 2, ""RETURN"": 3}"
355	0.33.303	2	0x132c85e	0x132c93a	220	10002_data03.o	11878	11886	11	4	0	5	2	0	"[[""_template_data_0001"", 2]]"	[]	"{""LOADK"": 2, ""GETGLOBAL"": 2, ""GETTABLE"": 1, ""MUL"": 2, ""ADD"": 2, ""SETTABLE"": 1, ""RETURN"": 1}"
356	0.33.304	2	0x132c93a	0x132c9db	161	10002_data03.o	11900	11905	10	3	0	2	0	0	"[[""objGetSubType"", 1], [""tgr_cha"", 1]]"	[]	"{""GETGLOBAL"": 2, ""CALL"": 1, ""EQ"": 1, ""JMP"": 1, ""LOADBOOL"": 2, ""RETURN"": 3}"
357	0.33.305	2	0x132c9db	0x132cd6f	916	10002_data03.o	11907	11949	60	11	0	15	12	0	"[[""_template_data_0001"", 5], [""sceGetAIChaNum"", 1], [""sceGetAICha"", 1], [""Check_SkilleffNum_Bit"", 1], [""tgr_RemoveUnit"", 1]]"	[]	"{""LOADK"": 12, ""GETGLOBAL"": 9, ""GETTABLE"": 3, ""MUL"": 4, ""ADD"": 4, ""SETTABLE"": 2, ""EQ"": 7, ""JMP"": 8, ""CALL"": 4, ""SUB"": 1, ""FORPREP"": 1, ""MOVE"": 3, ""FORLOOP"": 1, ""RETURN"": 1}"
358	0.33.306	2	0x132cd6f	0x132ce0a	155	10002_data03.o	11963	11968	9	3	0	2	0	0	"[[""_template_data_0001"", 1]]"	[]	"{""GETGLOBAL"": 1, ""GETTABLE"": 1, ""EQ"": 1, ""JMP"": 1, ""LOADBOOL"": 2, ""RETURN"": 3}"
359	0.33.307	2	0x132ce0a	0x132fe9c	12434	10002_data03.o	11970	12331	1409	60	0	15	32	0	"[[""_template_data_0001"", 200], [""AddCha"", 80], [""GetInt"", 80]]"	[]	"{""LOADK"": 368, ""EQ"": 32, ""JMP"": 64, ""GETGLOBAL"": 360, ""GETTABLE"": 272, ""LE"": 24, ""LOADNIL"": 8, ""CALL"": 160, ""MOVE"": 80, ""MUL"": 16, ""ADD"": 16, ""SETTABLE"": 8, ""RETURN"": 1}"
360	0.33.308	2	0x132fe9c	0x132ff3d	161	10002_data03.o	12345	12350	10	3	0	2	0	0	"[[""objGetSubType"", 1], [""tgr_cha"", 1]]"	[]	"{""GETGLOBAL"": 2, ""CALL"": 1, ""EQ"": 1, ""JMP"": 1, ""LOADBOOL"": 2, ""RETURN"": 3}"
361	0.33.309	2	0x132ff3d	0x133045c	1311	10002_data03.o	12352	12413	125	18	0	10	4	0	"[[""tgr_cha"", 16], [""IsChaInRegion"", 4], [""CONTROL_PLAYER"", 4], [""objGetControl"", 4], [""TriggerAddSkillState"", 4]]"	[]	"{""LOADK"": 28, ""EQ"": 20, ""JMP"": 24, ""GETGLOBAL"": 32, ""CALL"": 12, ""GETTABLE"": 8, ""RETURN"": 1}"
362	0.33.310	2	0x133045c	0x13304fd	161	10002_data03.o	12427	12432	10	3	0	2	0	0	"[[""objGetSubType"", 1], [""tgr_cha"", 1]]"	[]	"{""GETGLOBAL"": 2, ""CALL"": 1, ""EQ"": 1, ""JMP"": 1, ""LOADBOOL"": 2, ""RETURN"": 3}"
363	0.33.311	2	0x13304fd	0x1330b1b	1566	10002_data03.o	12434	12511	137	18	0	9	12	0	"[[""tgr_cha"", 8], [""_template_data_0001"", 8], [""IsChaInRegion"", 4], [""CONTROL_PLAYER"", 4], [""objGetControl"", 4]]"	[]	"{""LOADK"": 24, ""EQ"": 20, ""JMP"": 24, ""GETGLOBAL"": 28, ""CALL"": 8, ""GETTABLE"": 12, ""MUL"": 8, ""ADD"": 8, ""SETTABLE"": 4, ""RETURN"": 1}"
364	0.33.312	2	0x1330b1b	0x1330bbc	161	10002_data03.o	12525	12530	10	3	0	2	0	0	"[[""objGetSubType"", 1], [""tgr_cha"", 1]]"	[]	"{""GETGLOBAL"": 2, ""CALL"": 1, ""EQ"": 1, ""JMP"": 1, ""LOADBOOL"": 2, ""RETURN"": 3}"
365	0.33.313	2	0x1330bbc	0x1330c98	220	10002_data03.o	12532	12540	11	4	0	5	2	0	"[[""_template_data_0001"", 2]]"	[]	"{""LOADK"": 2, ""GETGLOBAL"": 2, ""GETTABLE"": 1, ""MUL"": 2, ""ADD"": 2, ""SETTABLE"": 1, ""RETURN"": 1}"
366	0.33.314	2	0x1330c98	0x1330d39	161	10002_data03.o	12554	12559	10	3	0	2	0	0	"[[""objGetSubType"", 1], [""tgr_cha"", 1]]"	[]	"{""GETGLOBAL"": 2, ""CALL"": 1, ""EQ"": 1, ""JMP"": 1, ""LOADBOOL"": 2, ""RETURN"": 3}"
367	0.33.315	2	0x1330d39	0x13310cd	916	10002_data03.o	12561	12603	60	11	0	15	12	0	"[[""_template_data_0001"", 5], [""sceGetAIChaNum"", 1], [""sceGetAICha"", 1], [""Check_SkilleffNum_Bit"", 1], [""tgr_RemoveUnit"", 1]]"	[]	"{""LOADK"": 12, ""GETGLOBAL"": 9, ""GETTABLE"": 3, ""MUL"": 4, ""ADD"": 4, ""SETTABLE"": 2, ""EQ"": 7, ""JMP"": 8, ""CALL"": 4, ""SUB"": 1, ""FORPREP"": 1, ""MOVE"": 3, ""FORLOOP"": 1, ""RETURN"": 1}"
368	0.33.316	2	0x13310cd	0x133116e	161	10002_data03.o	12617	12622	10	3	0	2	0	0	"[[""objGetSubType"", 1], [""tgr_cha"", 1]]"	[]	"{""GETGLOBAL"": 2, ""CALL"": 1, ""EQ"": 1, ""JMP"": 1, ""LOADBOOL"": 2, ""RETURN"": 3}"
369	0.33.317	2	0x133116e	0x133124a	220	10002_data03.o	12624	12632	11	4	0	5	2	0	"[[""_template_data_0001"", 2]]"	[]	"{""LOADK"": 2, ""GETGLOBAL"": 2, ""GETTABLE"": 1, ""MUL"": 2, ""ADD"": 2, ""SETTABLE"": 1, ""RETURN"": 1}"
370	0.33.318	2	0x133124a	0x13312eb	161	10002_data03.o	12646	12651	10	3	0	2	0	0	"[[""objGetSubType"", 1], [""tgr_cha"", 1]]"	[]	"{""GETGLOBAL"": 2, ""CALL"": 1, ""EQ"": 1, ""JMP"": 1, ""LOADBOOL"": 2, ""RETURN"": 3}"
371	0.33.319	2	0x13312eb	0x133167f	916	10002_data03.o	12653	12695	60	11	0	15	12	0	"[[""_template_data_0001"", 5], [""sceGetAIChaNum"", 1], [""sceGetAICha"", 1], [""Check_SkilleffNum_Bit"", 1], [""tgr_RemoveUnit"", 1]]"	[]	"{""LOADK"": 12, ""GETGLOBAL"": 9, ""GETTABLE"": 3, ""MUL"": 4, ""ADD"": 4, ""SETTABLE"": 2, ""EQ"": 7, ""JMP"": 8, ""CALL"": 4, ""SUB"": 1, ""FORPREP"": 1, ""MOVE"": 3, ""FORLOOP"": 1, ""RETURN"": 1}"
372	0.33.320	2	0x133167f	0x1331720	161	10002_data03.o	12709	12714	10	3	0	2	0	0	"[[""objGetSubType"", 1], [""tgr_cha"", 1]]"	[]	"{""GETGLOBAL"": 2, ""CALL"": 1, ""EQ"": 1, ""JMP"": 1, ""LOADBOOL"": 2, ""RETURN"": 3}"
373	0.33.321	2	0x1331720	0x13317fc	220	10002_data03.o	12716	12724	11	4	0	5	2	0	"[[""_template_data_0001"", 2]]"	[]	"{""LOADK"": 2, ""GETGLOBAL"": 2, ""GETTABLE"": 1, ""MUL"": 2, ""ADD"": 2, ""SETTABLE"": 1, ""RETURN"": 1}"
374	0.33.322	2	0x13317fc	0x133189d	161	10002_data03.o	12738	12743	10	3	0	2	0	0	"[[""objGetSubType"", 1], [""tgr_cha"", 1]]"	[]	"{""GETGLOBAL"": 2, ""CALL"": 1, ""EQ"": 1, ""JMP"": 1, ""LOADBOOL"": 2, ""RETURN"": 3}"
375	0.33.323	2	0x133189d	0x1331c31	916	10002_data03.o	12745	12787	60	11	0	15	12	0	"[[""_template_data_0001"", 5], [""sceGetAIChaNum"", 1], [""sceGetAICha"", 1], [""Check_SkilleffNum_Bit"", 1], [""tgr_RemoveUnit"", 1]]"	[]	"{""LOADK"": 12, ""GETGLOBAL"": 9, ""GETTABLE"": 3, ""MUL"": 4, ""ADD"": 4, ""SETTABLE"": 2, ""EQ"": 7, ""JMP"": 8, ""CALL"": 4, ""SUB"": 1, ""FORPREP"": 1, ""MOVE"": 3, ""FORLOOP"": 1, ""RETURN"": 1}"
376	0.33.324	2	0x1331c31	0x1331cd2	161	10002_data03.o	12801	12806	10	3	0	2	0	0	"[[""objGetSubType"", 1], [""tgr_cha"", 1]]"	[]	"{""GETGLOBAL"": 2, ""CALL"": 1, ""EQ"": 1, ""JMP"": 1, ""LOADBOOL"": 2, ""RETURN"": 3}"
377	0.33.325	2	0x1331cd2	0x1331dae	220	10002_data03.o	12808	12816	11	4	0	5	2	0	"[[""_template_data_0001"", 2]]"	[]	"{""LOADK"": 2, ""GETGLOBAL"": 2, ""GETTABLE"": 1, ""MUL"": 2, ""ADD"": 2, ""SETTABLE"": 1, ""RETURN"": 1}"
378	0.33.326	2	0x1331dae	0x1331dee	64	10002_data03.o	12830	12832	3	0	0	2	0	0	[]	[]	"{""LOADBOOL"": 1, ""RETURN"": 2}"
379	0.33.327	2	0x1331dee	0x1332182	916	10002_data03.o	12834	12876	60	11	0	15	12	0	"[[""_template_data_0001"", 5], [""sceGetAIChaNum"", 1], [""sceGetAICha"", 1], [""Check_SkilleffNum_Bit"", 1], [""tgr_RemoveUnit"", 1]]"	[]	"{""LOADK"": 12, ""GETGLOBAL"": 9, ""GETTABLE"": 3, ""MUL"": 4, ""ADD"": 4, ""SETTABLE"": 2, ""EQ"": 7, ""JMP"": 8, ""CALL"": 4, ""SUB"": 1, ""FORPREP"": 1, ""MOVE"": 3, ""FORLOOP"": 1, ""RETURN"": 1}"
380	0.33.328	2	0x1332182	0x1332259	215	10002_data03.o	12890	12895	13	5	0	3	0	0	"[[""CONTROL_PLAYER"", 1], [""objGetControl"", 1], [""tgr_cha"", 1]]"	[]	"{""GETGLOBAL"": 3, ""CALL"": 1, ""GETTABLE"": 2, ""EQ"": 1, ""JMP"": 1, ""LOADBOOL"": 2, ""RETURN"": 3}"
381	0.33.329	2	0x1332259	0x13332d5	4220	10002_data03.o	12897	13029	438	47	0	13	4	0	"[[""tgr_cha"", 35], [""_template_data_0001"", 23], [""TriggerAddUnitAttr"", 20], [""tgr_SendSignal"", 16], [""TriggerCheckChatypeID"", 11], [""GetInt"", 6], [""TriggerShowHint"", 2], [""tgr_getNewItem"", 2], [""tgr_GetRandomNum"", 1]]"	[]	"{""LOADK"": 192, ""EQ"": 8, ""JMP"": 23, ""GETGLOBAL"": 116, ""CALL"": 58, ""TEST"": 11, ""GETTABLE"": 23, ""MUL"": 5, ""SETTABLE"": 1, ""RETURN"": 1}"
382	0.33.330	2	0x13332d5	0x1333315	64	10002_data03.o	13043	13045	3	0	0	2	0	0	[]	[]	"{""LOADBOOL"": 1, ""RETURN"": 2}"
383	0.33.331	2	0x1333315	0x13333fa	229	10002_data03.o	13047	13055	11	5	0	5	2	0	"[[""_template_data_0001"", 2]]"	[]	"{""LOADK"": 2, ""GETGLOBAL"": 2, ""GETTABLE"": 1, ""MUL"": 2, ""ADD"": 2, ""SETTABLE"": 1, ""RETURN"": 1}"
384	0.33.332	2	0x13333fa	0x133343a	64	10002_data03.o	13069	13071	3	0	0	2	0	0	[]	[]	"{""LOADBOOL"": 1, ""RETURN"": 2}"
385	0.33.333	2	0x133343a	0x1333770	822	10002_data03.o	13073	13099	56	22	0	11	1	0	"[[""_template_data_0001"", 6], [""tgr_NormalAtkObj"", 5], [""Check_SkilleffNum_Bit"", 1], [""TriggerGetUnitPosition"", 1], [""TriggerGetPropertyValue"", 1], [""TriggerDoAreaDamage"", 1], [""GetInt"", 1], [""TriggerAddEffectAndTimes"", 1]]"	[]	"{""LOADK"": 11, ""EQ"": 3, ""JMP"": 4, ""GETGLOBAL"": 17, ""GETTABLE"": 9, ""CALL"": 6, ""SETTABLE"": 2, ""MUL"": 1, ""NEWTABLE"": 1, ""SETLIST"": 1, ""RETURN"": 1}"
386	0.33.334	2	0x1333770	0x133383c	204	10002_data03.o	13113	13118	12	5	0	3	0	0	"[[""CheckSkillExist"", 1], [""tgr_NormalAtkObj"", 1]]"	[]	"{""GETGLOBAL"": 2, ""GETTABLE"": 1, ""LOADK"": 1, ""CALL"": 1, ""EQ"": 1, ""JMP"": 1, ""LOADBOOL"": 2, ""RETURN"": 3}"
387	0.33.335	2	0x133383c	0x1333f88	1868	10002_data03.o	13120	13205	181	25	0	15	4	0	"[[""tgr_NormalAtkObj"", 16], [""_template_data_0001"", 16], [""TriggerCheckSkillLV"", 4], [""TriggerDoAreaDamage"", 4], [""TriggerGetUnitPosition"", 4], [""TriggerAddEffectAndTimes"", 4]]"	[]	"{""LOADK"": 48, ""EQ"": 8, ""JMP"": 16, ""GETGLOBAL"": 48, ""GETTABLE"": 28, ""CALL"": 16, ""TEST"": 4, ""NEWTABLE"": 4, ""SETLIST"": 4, ""SETTABLE"": 4, ""RETURN"": 1}"
388	0.33.336	2	0x1333f88	0x1333fc8	64	10002_data03.o	13219	13221	3	0	0	2	0	0	[]	[]	"{""LOADBOOL"": 1, ""RETURN"": 2}"
389	0.33.337	2	0x1333fc8	0x13340a4	220	10002_data03.o	13223	13231	11	4	0	5	2	0	"[[""_template_data_0001"", 2]]"	[]	"{""LOADK"": 2, ""GETGLOBAL"": 2, ""GETTABLE"": 1, ""MUL"": 2, ""ADD"": 2, ""SETTABLE"": 1, ""RETURN"": 1}"
390	0.33.338	2	0x13340a4	0x13340e4	64	10002_data03.o	13245	13247	3	0	0	2	0	0	[]	[]	"{""LOADBOOL"": 1, ""RETURN"": 2}"
391	0.33.339	2	0x13340e4	0x13341c9	229	10002_data03.o	13249	13257	11	5	0	5	2	0	"[[""_template_data_0001"", 2]]"	[]	"{""LOADK"": 2, ""GETGLOBAL"": 2, ""GETTABLE"": 1, ""MUL"": 2, ""ADD"": 2, ""SETTABLE"": 1, ""RETURN"": 1}"
392	0.33.340	2	0x13341c9	0x1334304	315	10002_data03.o	13271	13279	22	7	0	3	0	0	"[[""tgr_KEobj"", 2], [""CONTROL_PLAYER"", 1], [""objGetControl"", 1], [""objGetSubType"", 1]]"	[]	"{""GETGLOBAL"": 5, ""GETTABLE"": 4, ""CALL"": 2, ""EQ"": 2, ""JMP"": 2, ""LOADBOOL"": 3, ""RETURN"": 4}"
393	0.33.341	2	0x1334304	0x1334d6a	2662	10002_data03.o	13281	13394	261	27	0	14	16	0	"[[""_template_data_0001"", 28], [""tgr_KEobj"", 8], [""tgr_GetRandomNum"", 8], [""GetInt"", 8], [""IsChaInRegion"", 4], [""objGetPos"", 4], [""AddCha"", 4], [""tab_item"", 4]]"	[]	"{""LOADK"": 40, ""EQ"": 20, ""JMP"": 32, ""GETGLOBAL"": 68, ""GETTABLE"": 48, ""CALL"": 28, ""SETTABLE"": 8, ""LE"": 4, ""MOVE"": 8, ""ADD"": 4, ""RETURN"": 1}"
394	0.33.342	2	0x1334d6a	0x1334f01	407	10002_data03.o	13408	13419	29	9	0	3	0	0	"[[""tgr_cha"", 3], [""objGetSubType"", 1], [""CONTROL_PLAYER"", 1], [""objGetControl"", 1], [""TriggerCheckChatypeID"", 1]]"	[]	"{""GETGLOBAL"": 7, ""CALL"": 3, ""EQ"": 2, ""JMP"": 3, ""LOADBOOL"": 4, ""RETURN"": 5, ""GETTABLE"": 2, ""LOADK"": 1, ""NOT"": 1, ""TEST"": 1}"
395	0.33.343	2	0x1334f01	0x1334f7b	122	10002_data03.o	13421	13425	5	3	0	3	0	0	"[[""tgr_RemoveUnit"", 1], [""tgr_cha"", 1]]"	[]	"{""GETGLOBAL"": 2, ""LOADK"": 1, ""CALL"": 1, ""RETURN"": 1}"
396	0.33.344	2	0x1334f7b	0x13350b6	315	10002_data03.o	13439	13447	22	7	0	3	0	0	"[[""tgr_KEobj"", 2], [""CONTROL_PLAYER"", 1], [""objGetControl"", 1], [""objGetSubType"", 1]]"	[]	"{""GETGLOBAL"": 5, ""GETTABLE"": 4, ""CALL"": 2, ""EQ"": 2, ""JMP"": 2, ""LOADBOOL"": 3, ""RETURN"": 4}"
397	0.33.345	2	0x13350b6	0x1335b1c	2662	10002_data03.o	13449	13562	261	27	0	14	16	0	"[[""_template_data_0001"", 28], [""tgr_KEobj"", 8], [""tgr_GetRandomNum"", 8], [""GetInt"", 8], [""IsChaInRegion"", 4], [""objGetPos"", 4], [""AddCha"", 4], [""tab_item"", 4]]"	[]	"{""LOADK"": 40, ""EQ"": 20, ""JMP"": 32, ""GETGLOBAL"": 68, ""GETTABLE"": 48, ""CALL"": 28, ""SETTABLE"": 8, ""LE"": 4, ""MOVE"": 8, ""ADD"": 4, ""RETURN"": 1}"
398	0.33.346	2	0x1335b1c	0x1335b5c	64	10002_data03.o	13576	13578	3	0	0	2	0	0	[]	[]	"{""LOADBOOL"": 1, ""RETURN"": 2}"
399	0.33.347	2	0x1335b5c	0x1335d95	569	10002_data03.o	13580	13600	36	15	0	10	1	0	"[[""tgr_cha"", 4], [""objGetAttr"", 1], [""Def_basic"", 1], [""TriggerAddUnitAttr"", 1], [""TriggerAddEffectAndTimes"", 1], [""TriggerShowHint"", 1]]"	[]	"{""LOADK"": 15, ""EQ"": 2, ""JMP"": 4, ""GETGLOBAL"": 9, ""CALL"": 4, ""LT"": 1, ""RETURN"": 1}"
400	0.33.348	2	0x1335d95	0x1335dd5	64	10002_data03.o	13614	13616	3	0	0	2	0	0	[]	[]	"{""LOADBOOL"": 1, ""RETURN"": 2}"
401	0.33.349	2	0x1335dd5	0x1336155	896	10002_data03.o	13618	13656	71	18	0	11	2	0	"[[""tgr_cha"", 8], [""TriggerAddUnitAttr"", 3], [""objGetAttr"", 2], [""TriggerShowHint"", 2], [""Attr_Mxhp"", 1], [""Attr_Mxsp"", 1], [""TriggerAddEffectAndTimes"", 1]]"	[]	"{""LOADK"": 30, ""EQ"": 4, ""JMP"": 8, ""GETGLOBAL"": 18, ""CALL"": 8, ""LT"": 2, ""RETURN"": 1}"
402	0.33.350	2	0x1336155	0x1336195	64	10002_data03.o	13670	13672	3	0	0	2	0	0	[]	[]	"{""LOADBOOL"": 1, ""RETURN"": 2}"
403	0.33.351	2	0x1336195	0x13362ef	346	10002_data03.o	13674	13682	21	9	0	4	0	0	"[[""tgr_cha"", 4], [""IsMoveByTrack"", 1], [""objSetPos"", 1], [""GameOp_StopCha"", 1], [""tgr_SetPlayerCamera"", 1], [""objGetControl"", 1]]"	[]	"{""GETGLOBAL"": 9, ""CALL"": 5, ""EQ"": 1, ""JMP"": 1, ""LOADK"": 4, ""RETURN"": 1}"
404	0.33.352	2	0x13362ef	0x133638a	155	10002_data03.o	13696	13701	9	3	0	2	0	0	"[[""_template_data_0001"", 1]]"	[]	"{""GETGLOBAL"": 1, ""GETTABLE"": 1, ""EQ"": 1, ""JMP"": 1, ""LOADBOOL"": 2, ""RETURN"": 3}"
405	0.33.353	2	0x133638a	0x1336b5a	2000	10002_data03.o	13703	13754	188	45	0	10	0	0	"[[""_template_data_0001"", 49], [""TriggerSetLable"", 8], [""tgr_cha"", 8], [""GetInt"", 7], [""TriggerStringConcat"", 6]]"	[]	"{""GETGLOBAL"": 78, ""GETTABLE"": 43, ""ADD"": 7, ""CALL"": 21, ""SETTABLE"": 6, ""LOADK"": 32, ""RETURN"": 1}"
406	0.33.354	2	0x1336b5a	0x1336b9a	64	10002_data03.o	13768	13770	3	0	0	2	0	0	[]	[]	"{""LOADBOOL"": 1, ""RETURN"": 2}"
407	0.33.355	2	0x1336b9a	0x1336cf4	346	10002_data03.o	13772	13780	21	9	0	4	0	0	"[[""tgr_cha"", 4], [""IsMoveByTrack"", 1], [""objSetPos"", 1], [""GameOp_StopCha"", 1], [""tgr_SetPlayerCamera"", 1], [""objGetControl"", 1]]"	[]	"{""GETGLOBAL"": 9, ""CALL"": 5, ""EQ"": 1, ""JMP"": 1, ""LOADK"": 4, ""RETURN"": 1}"
408	0.33.356	2	0x1336cf4	0x1336d95	161	10002_data03.o	13794	13799	10	3	0	2	0	0	"[[""objGetSubType"", 1], [""tgr_cha"", 1]]"	[]	"{""GETGLOBAL"": 2, ""CALL"": 1, ""EQ"": 1, ""JMP"": 1, ""LOADBOOL"": 2, ""RETURN"": 3}"
409	0.33.357	2	0x1336d95	0x1336ed5	320	10002_data03.o	13801	13814	21	7	0	6	1	0	"[[""tgr_cha"", 2], [""TriggerCheckSkillLV"", 1], [""TriggerAddUnitAttr"", 1]]"	[]	"{""LOADK"": 7, ""EQ"": 2, ""JMP"": 4, ""GETGLOBAL"": 4, ""CALL"": 2, ""TEST"": 1, ""RETURN"": 1}"
410	0.33.358	2	0x1336ed5	0x1336fa1	204	10002_data03.o	13828	13833	12	5	0	3	0	0	"[[""CheckSkillExist"", 1], [""tgr_NormalAtkObj"", 1]]"	[]	"{""GETGLOBAL"": 2, ""GETTABLE"": 1, ""LOADK"": 1, ""CALL"": 1, ""EQ"": 1, ""JMP"": 1, ""LOADBOOL"": 2, ""RETURN"": 3}"
411	0.33.359	2	0x1336fa1	0x13370ba	281	10002_data03.o	13835	13843	15	9	0	6	0	0	"[[""tgr_NormalAtkObj"", 2], [""GetRandomNumber"", 1], [""TriggerAddSkillState"", 1]]"	[]	"{""GETGLOBAL"": 4, ""LOADK"": 4, ""CALL"": 2, ""LE"": 1, ""JMP"": 1, ""GETTABLE"": 2, ""RETURN"": 1}"
412	0.33.360	2	0x13370ba	0x13370fa	64	10002_data03.o	13857	13859	3	0	0	2	0	0	[]	[]	"{""LOADBOOL"": 1, ""RETURN"": 2}"
413	0.33.361	2	0x13370fa	0x1337b7c	2690	10002_data03.o	13861	14006	257	28	0	16	12	0	"[[""_template_data_0001"", 28], [""tgr_cha"", 24], [""TriggerCheckSkillLV"", 4], [""TriggerGetPropertyValue"", 4], [""TriggerGetUnitPosition"", 4], [""TriggerDoAreaDamage"", 4], [""TriggerPopupText"", 4], [""TriggerAddEffectAndTimes"", 4]]"	[]	"{""LOADK"": 76, ""EQ"": 8, ""JMP"": 16, ""GETGLOBAL"": 76, ""CALL"": 24, ""TEST"": 4, ""SETTABLE"": 12, ""GETTABLE"": 16, ""MUL"": 8, ""ADD"": 8, ""NEWTABLE"": 4, ""SETLIST"": 4, ""RETURN"": 1}"
414	0.33.362	2	0x1337b7c	0x1337c41	197	10002_data03.o	14020	14025	12	5	0	3	0	0	"[[""CheckSkillExist"", 1], [""tgr_KEobj"", 1]]"	[]	"{""GETGLOBAL"": 2, ""GETTABLE"": 1, ""LOADK"": 1, ""CALL"": 1, ""EQ"": 1, ""JMP"": 1, ""LOADBOOL"": 2, ""RETURN"": 3}"
415	0.33.363	2	0x1337c41	0x1338360	1823	10002_data03.o	14027	14116	169	18	0	12	12	0	"[[""_template_data_0001"", 16], [""tgr_KEobj"", 12], [""TriggerCheckSkillLV"", 4], [""TriggerAddSkillState"", 4]]"	[]	"{""LOADK"": 36, ""EQ"": 12, ""JMP"": 24, ""GETGLOBAL"": 36, ""GETTABLE"": 24, ""CALL"": 8, ""TEST"": 4, ""LT"": 4, ""MUL"": 8, ""ADD"": 8, ""SETTABLE"": 4, ""RETURN"": 1}"
416	0.33.364	2	0x1338360	0x1338422	194	10002_data03.o	14130	14135	12	4	0	3	0	0	"[[""TriggerCheckChatypeID"", 1], [""tgr_CSobj"", 1]]"	[]	"{""GETGLOBAL"": 2, ""LOADK"": 1, ""GETTABLE"": 1, ""CALL"": 1, ""TEST"": 1, ""JMP"": 1, ""LOADBOOL"": 2, ""RETURN"": 3}"
417	0.33.365	2	0x1338422	0x13386d0	686	10002_data03.o	14137	14157	44	19	0	12	2	0	"[[""_template_data_0001"", 8], [""tgr_CSobj"", 2], [""TriggerGetPropertyValue"", 1], [""GetInt"", 1], [""TriggerGetAreaSkillMousePos"", 1], [""TriggerDoAreaDamage"", 1]]"	[]	"{""GETGLOBAL"": 14, ""GETTABLE"": 7, ""LOADK"": 7, ""CALL"": 4, ""SETTABLE"": 3, ""MUL"": 3, ""MOVE"": 1, ""ADD"": 2, ""NEWTABLE"": 1, ""SETLIST"": 1, ""RETURN"": 1}"
418	0.33.366	2	0x13386d0	0x1338710	64	10002_data03.o	14171	14173	3	0	0	2	0	0	[]	[]	"{""LOADBOOL"": 1, ""RETURN"": 2}"
419	0.33.367	2	0x1338710	0x13387f5	229	10002_data03.o	14175	14183	11	5	0	5	2	0	"[[""_template_data_0001"", 2]]"	[]	"{""LOADK"": 2, ""GETGLOBAL"": 2, ""GETTABLE"": 1, ""MUL"": 2, ""ADD"": 2, ""SETTABLE"": 1, ""RETURN"": 1}"
420	0.33.368	2	0x13387f5	0x13388c1	204	10002_data03.o	14197	14202	12	5	0	3	0	0	"[[""CheckSkillExist"", 1], [""tgr_NormalAtkObj"", 1]]"	[]	"{""GETGLOBAL"": 2, ""GETTABLE"": 1, ""LOADK"": 1, ""CALL"": 1, ""EQ"": 1, ""JMP"": 1, ""LOADBOOL"": 2, ""RETURN"": 3}"
421	0.33.369	2	0x13388c1	0x1338fe7	1830	10002_data03.o	14204	14293	169	18	0	12	12	0	"[[""_template_data_0001"", 16], [""tgr_NormalAtkObj"", 12], [""TriggerCheckSkillLV"", 4], [""TriggerAddSkillState"", 4]]"	[]	"{""LOADK"": 36, ""EQ"": 12, ""JMP"": 24, ""GETGLOBAL"": 36, ""GETTABLE"": 24, ""CALL"": 8, ""TEST"": 4, ""LT"": 4, ""MUL"": 8, ""ADD"": 8, ""SETTABLE"": 4, ""RETURN"": 1}"
422	0.33.370	2	0x1338fe7	0x1339027	64	10002_data03.o	14307	14309	3	0	0	2	0	0	[]	[]	"{""LOADBOOL"": 1, ""RETURN"": 2}"
423	0.33.371	2	0x1339027	0x133910c	229	10002_data03.o	14311	14319	11	5	0	5	2	0	"[[""_template_data_0001"", 2]]"	[]	"{""LOADK"": 2, ""GETGLOBAL"": 2, ""GETTABLE"": 1, ""MUL"": 2, ""ADD"": 2, ""SETTABLE"": 1, ""RETURN"": 1}"
424	0.33.372	2	0x133910c	0x13391de	210	10002_data03.o	14333	14338	12	5	0	3	0	0	"[[""Check_SkilleffNum_Bit"", 1], [""tgr_NormalAtkObj"", 1]]"	[]	"{""GETGLOBAL"": 2, ""GETTABLE"": 1, ""LOADK"": 1, ""CALL"": 1, ""EQ"": 1, ""JMP"": 1, ""LOADBOOL"": 2, ""RETURN"": 3}"
425	0.33.373	2	0x13391de	0x13398da	1788	10002_data03.o	14340	14413	149	28	0	15	9	0	"[[""_template_data_0001"", 22], [""tgr_NormalAtkObj"", 8], [""GetInt"", 2], [""TriggerDoAreaDamage"", 2], [""TriggerAddEffectAndTimes"", 2], [""TriggerPopupText"", 2], [""TriggerGetPropertyValue"", 1], [""TriggerGetUnitPosition"", 1], [""tgr_GetRandomNum"", 1]]"	[]	"{""GETGLOBAL"": 41, ""GETTABLE"": 23, ""LOADK"": 35, ""CALL"": 11, ""SETTABLE"": 7, ""EQ"": 2, ""JMP"": 4, ""LT"": 1, ""MUL"": 10, ""ADD"": 8, ""MOVE"": 2, ""NEWTABLE"": 2, ""SETLIST"": 2, ""RETURN"": 1}"
426	0.33.374	2	0x13398da	0x133991a	64	10002_data03.o	14427	14429	3	0	0	2	0	0	[]	[]	"{""LOADBOOL"": 1, ""RETURN"": 2}"
427	0.33.375	2	0x133991a	0x13399ed	211	10002_data03.o	14431	14439	11	3	0	5	2	0	"[[""_template_data_0001"", 2]]"	[]	"{""LOADK"": 2, ""GETGLOBAL"": 2, ""GETTABLE"": 1, ""MUL"": 2, ""ADD"": 2, ""SETTABLE"": 1, ""RETURN"": 1}"
428	0.33.376	2	0x13399ed	0x1339a2d	64	10002_data03.o	14453	14455	3	0	0	2	0	0	[]	[]	"{""LOADBOOL"": 1, ""RETURN"": 2}"
429	0.33.377	2	0x1339a2d	0x1339c66	569	10002_data03.o	14457	14477	36	15	0	10	1	0	"[[""tgr_cha"", 4], [""objGetAttr"", 1], [""Attr_Mxhp"", 1], [""TriggerAddUnitAttr"", 1], [""TriggerAddEffectAndTimes"", 1], [""TriggerShowHint"", 1]]"	[]	"{""LOADK"": 15, ""EQ"": 2, ""JMP"": 4, ""GETGLOBAL"": 9, ""CALL"": 4, ""LT"": 1, ""RETURN"": 1}"
430	0.33.378	2	0x1339c66	0x1339ca6	64	10002_data03.o	14491	14493	3	0	0	2	0	0	[]	[]	"{""LOADBOOL"": 1, ""RETURN"": 2}"
431	0.33.379	2	0x1339ca6	0x1339edf	569	10002_data03.o	14495	14515	36	15	0	10	1	0	"[[""tgr_cha"", 4], [""objGetAttr"", 1], [""Attr_Mxsp"", 1], [""TriggerAddUnitAttr"", 1], [""TriggerAddEffectAndTimes"", 1], [""TriggerShowHint"", 1]]"	[]	"{""LOADK"": 15, ""EQ"": 2, ""JMP"": 4, ""GETGLOBAL"": 9, ""CALL"": 4, ""LT"": 1, ""RETURN"": 1}"
432	0.33.380	2	0x1339edf	0x1339f1f	64	10002_data03.o	14529	14531	3	0	0	2	0	0	[]	[]	"{""LOADBOOL"": 1, ""RETURN"": 2}"
433	0.33.381	2	0x1339f1f	0x133a079	346	10002_data03.o	14533	14541	21	9	0	4	0	0	"[[""tgr_cha"", 4], [""IsMoveByTrack"", 1], [""objSetPos"", 1], [""GameOp_StopCha"", 1], [""tgr_SetPlayerCamera"", 1], [""objGetControl"", 1]]"	[]	"{""GETGLOBAL"": 9, ""CALL"": 5, ""EQ"": 1, ""JMP"": 1, ""LOADK"": 4, ""RETURN"": 1}"
434	0.33.382	2	0x133a079	0x133a14b	210	10002_data03.o	14555	14560	12	5	0	3	0	0	"[[""Check_SkilleffNum_Bit"", 1], [""tgr_NormalAtkObj"", 1]]"	[]	"{""GETGLOBAL"": 2, ""GETTABLE"": 1, ""LOADK"": 1, ""CALL"": 1, ""EQ"": 1, ""JMP"": 1, ""LOADBOOL"": 2, ""RETURN"": 3}"
435	0.33.383	2	0x133a14b	0x133aa44	2297	10002_data03.o	14562	14675	217	23	0	16	12	0	"[[""_template_data_0001"", 28], [""tgr_NormalAtkObj"", 16], [""TriggerCheckSkillLV"", 4], [""TriggerGetPropertyValue"", 4], [""TriggerGetUnitPosition"", 4], [""TriggerDoAreaDamage"", 4]]"	[]	"{""LOADK"": 44, ""EQ"": 8, ""JMP"": 16, ""GETGLOBAL"": 60, ""GETTABLE"": 32, ""CALL"": 16, ""TEST"": 4, ""SETTABLE"": 12, ""MUL"": 8, ""ADD"": 8, ""NEWTABLE"": 4, ""SETLIST"": 4, ""RETURN"": 1}"
436	0.33.384	2	0x133aa44	0x133ab10	204	10002_data03.o	14689	14694	12	5	0	3	0	0	"[[""CheckSkillExist"", 1], [""tgr_NormalAtkObj"", 1]]"	[]	"{""GETGLOBAL"": 2, ""GETTABLE"": 1, ""LOADK"": 1, ""CALL"": 1, ""EQ"": 1, ""JMP"": 1, ""LOADBOOL"": 2, ""RETURN"": 3}"
437	0.33.385	2	0x133ab10	0x133b562	2642	10002_data03.o	14696	14825	253	27	0	18	12	0	"[[""_template_data_0001"", 28], [""tgr_NormalAtkObj"", 20], [""TriggerCheckSkillLV"", 4], [""TriggerGetPropertyValue"", 4], [""TriggerGetUnitPosition"", 4], [""TriggerDoAreaDamage"", 4], [""TriggerAddEffectAndTimes"", 4]]"	[]	"{""LOADK"": 64, ""EQ"": 8, ""JMP"": 16, ""GETGLOBAL"": 68, ""GETTABLE"": 36, ""CALL"": 20, ""TEST"": 4, ""SETTABLE"": 12, ""MUL"": 8, ""ADD"": 8, ""NEWTABLE"": 4, ""SETLIST"": 4, ""RETURN"": 1}"
438	0.33.386	2	0x133b562	0x133b603	161	10002_data03.o	14839	14844	10	3	0	2	0	0	"[[""objGetSubType"", 1], [""tgr_cha"", 1]]"	[]	"{""GETGLOBAL"": 2, ""CALL"": 1, ""EQ"": 1, ""JMP"": 1, ""LOADBOOL"": 2, ""RETURN"": 3}"
439	0.33.387	2	0x133b603	0x133b986	899	10002_data03.o	14846	14895	70	11	0	8	9	0	"[[""_template_data_0001"", 6], [""TriggerCheckChatypeID"", 3], [""tgr_cha"", 3]]"	[]	"{""LOADK"": 15, ""EQ"": 6, ""JMP"": 12, ""GETGLOBAL"": 12, ""CALL"": 3, ""TEST"": 3, ""GETTABLE"": 3, ""MUL"": 6, ""ADD"": 6, ""SETTABLE"": 3, ""RETURN"": 1}"
440	0.33.388	2	0x133b986	0x133ba27	161	10002_data03.o	14909	14914	10	3	0	2	0	0	"[[""objGetSubType"", 1], [""tgr_cha"", 1]]"	[]	"{""GETGLOBAL"": 2, ""CALL"": 1, ""EQ"": 1, ""JMP"": 1, ""LOADBOOL"": 2, ""RETURN"": 3}"
441	0.33.389	2	0x133ba27	0x133bcaa	643	10002_data03.o	14916	14949	47	9	0	7	6	0	"[[""_template_data_0001"", 4], [""TriggerCheckChatypeID"", 2], [""tgr_cha"", 2]]"	[]	"{""LOADK"": 10, ""EQ"": 4, ""JMP"": 8, ""GETGLOBAL"": 8, ""CALL"": 2, ""TEST"": 2, ""GETTABLE"": 2, ""MUL"": 4, ""ADD"": 4, ""SETTABLE"": 2, ""RETURN"": 1}"
442	0.33.390	2	0x133bcaa	0x133bd6c	194	10002_data03.o	14963	14968	12	4	0	3	0	0	"[[""TriggerCheckChatypeID"", 1], [""tgr_KEobj"", 1]]"	[]	"{""GETGLOBAL"": 2, ""LOADK"": 1, ""GETTABLE"": 1, ""CALL"": 1, ""TEST"": 1, ""JMP"": 1, ""LOADBOOL"": 2, ""RETURN"": 3}"
443	0.33.391	2	0x133bd6c	0x133bec0	340	10002_data03.o	14970	14985	21	4	0	7	4	0	"[[""_template_data_0001"", 4]]"	[]	"{""LOADK"": 4, ""GETGLOBAL"": 4, ""GETTABLE"": 2, ""MUL"": 4, ""ADD"": 4, ""SETTABLE"": 2, ""RETURN"": 1}"
444	0.33.392	2	0x133bec0	0x133bf00	64	10002_data03.o	14999	15001	3	0	0	2	0	0	[]	[]	"{""LOADBOOL"": 1, ""RETURN"": 2}"
445	0.33.393	2	0x133bf00	0x133c3c5	1221	10002_data03.o	15003	15043	109	25	0	7	2	0	"[[""tgr_cha"", 14], [""TriggerCheckChatypeID"", 7], [""TriggerAddUnitAttr"", 7], [""_template_data_0001"", 7], [""GetInt"", 1]]"	[]	"{""LOADK"": 25, ""EQ"": 4, ""JMP"": 13, ""GETGLOBAL"": 36, ""CALL"": 15, ""TEST"": 7, ""GETTABLE"": 7, ""MUL"": 1, ""RETURN"": 1}"
446	0.33.394	2	0x133c3c5	0x133c5fe	569	10002_data03.o	15057	15065	47	11	0	3	0	0	"[[""tgr_cha"", 6], [""TriggerCheckChatypeID"", 3], [""CONTROL_PLAYER"", 2], [""objGetControl"", 2], [""objGetSubType"", 1]]"	[]	"{""GETGLOBAL"": 14, ""CALL"": 6, ""GETTABLE"": 4, ""EQ"": 3, ""JMP"": 6, ""LOADK"": 3, ""TEST"": 3, ""NOT"": 1, ""LOADBOOL"": 3, ""RETURN"": 4}"
447	0.33.395	2	0x133c5fe	0x133cb99	1435	10002_data03.o	15067	15131	131	25	0	7	2	0	"[[""_template_data_0001"", 18], [""tgr_cha"", 11], [""type"", 5], [""TriggerchaSetCustomizeData"", 5], [""TriggerGetPropertyValue"", 3], [""objGetSubType"", 2], [""TriggerGetUnitPosition"", 1]]"	[]	"{""LOADK"": 19, ""EQ"": 11, ""JMP"": 15, ""GETGLOBAL"": 45, ""CALL"": 16, ""SETTABLE"": 6, ""GETTABLE"": 16, ""TEST"": 2, ""RETURN"": 1}"
448	0.33.396	2	0x133cb99	0x133cdd2	569	10002_data03.o	15145	15153	47	11	0	3	0	0	"[[""tgr_cha"", 6], [""TriggerCheckChatypeID"", 3], [""CONTROL_PLAYER"", 2], [""objGetControl"", 2], [""objGetSubType"", 1]]"	[]	"{""GETGLOBAL"": 14, ""CALL"": 6, ""GETTABLE"": 4, ""EQ"": 3, ""JMP"": 6, ""LOADK"": 3, ""TEST"": 3, ""NOT"": 1, ""LOADBOOL"": 3, ""RETURN"": 4}"
449	0.33.397	2	0x133cdd2	0x133d07c	682	10002_data03.o	15155	15192	52	14	0	7	3	0	"[[""tgr_cha"", 4], [""_template_data_0001"", 2], [""tgr_LearnSkill"", 2], [""TriggerAddUnitAttr"", 1], [""CheckSkillExist"", 1]]"	[]	"{""GETGLOBAL"": 10, ""LOADK"": 14, ""CALL"": 4, ""EQ"": 9, ""JMP"": 12, ""GETTABLE"": 2, ""RETURN"": 1}"
450	0.33.398	2	0x133d07c	0x133d2b5	569	10002_data03.o	15206	15214	47	11	0	3	0	0	"[[""tgr_cha"", 6], [""TriggerCheckChatypeID"", 3], [""CONTROL_PLAYER"", 2], [""objGetControl"", 2], [""objGetSubType"", 1]]"	[]	"{""GETGLOBAL"": 14, ""CALL"": 6, ""GETTABLE"": 4, ""EQ"": 3, ""JMP"": 6, ""LOADK"": 3, ""TEST"": 3, ""NOT"": 1, ""LOADBOOL"": 3, ""RETURN"": 4}"
451	0.33.399	2	0x133d2b5	0x133df42	3213	10002_data03.o	15216	15280	352	26	0	11	4	0	"[[""_template_data_0001"", 56], [""GetInt"", 49], [""tgr_cha"", 11], [""TriggerAddSkillState"", 4], [""IsMoveByTrack"", 1], [""objSetPos"", 1], [""GameOp_StopCha"", 1]]"	[]	"{""GETGLOBAL"": 123, ""CALL"": 56, ""EQ"": 12, ""JMP"": 23, ""LOADK"": 25, ""GETTABLE"": 56, ""ADD"": 49, ""LE"": 4, ""LT"": 3, ""RETURN"": 1}"
452	0.33.400	2	0x133df42	0x133df82	64	10002_data03.o	15294	15296	3	0	0	2	0	0	[]	[]	"{""LOADBOOL"": 1, ""RETURN"": 2}"
453	0.33.401	2	0x133df82	0x133e0dc	346	10002_data03.o	15298	15306	21	9	0	4	0	0	"[[""tgr_cha"", 4], [""IsMoveByTrack"", 1], [""objSetPos"", 1], [""GameOp_StopCha"", 1], [""tgr_SetPlayerCamera"", 1], [""objGetControl"", 1]]"	[]	"{""GETGLOBAL"": 9, ""CALL"": 5, ""EQ"": 1, ""JMP"": 1, ""LOADK"": 4, ""RETURN"": 1}"
454	0.33.402	2	0x133e0dc	0x133e11c	64	10002_data03.o	15320	15322	3	0	0	2	0	0	[]	[]	"{""LOADBOOL"": 1, ""RETURN"": 2}"
455	0.33.403	2	0x133e11c	0x133e63f	1315	10002_data03.o	15324	15364	114	30	0	7	1	0	"[[""tgr_cha"", 14], [""_template_data_0001"", 11], [""TriggerAddUnitAttr"", 6], [""TriggerCheckChatypeID"", 5], [""GetInt"", 4], [""TriggerchaGetCustomizeData"", 3]]"	[]	"{""LOADK"": 22, ""EQ"": 2, ""JMP"": 8, ""GETGLOBAL"": 43, ""CALL"": 18, ""TEST"": 5, ""SETTABLE"": 3, ""GETTABLE"": 8, ""ADD"": 3, ""MUL"": 1, ""RETURN"": 1}"
456	0.33.404	2	0x133e63f	0x133e878	569	10002_data03.o	15378	15386	47	11	0	3	0	0	"[[""tgr_cha"", 6], [""TriggerCheckChatypeID"", 3], [""CONTROL_PLAYER"", 2], [""objGetControl"", 2], [""objGetSubType"", 1]]"	[]	"{""GETGLOBAL"": 14, ""CALL"": 6, ""GETTABLE"": 4, ""EQ"": 3, ""JMP"": 6, ""LOADK"": 3, ""TEST"": 3, ""NOT"": 1, ""LOADBOOL"": 3, ""RETURN"": 4}"
457	0.33.405	2	0x133e878	0x133ede4	1388	10002_data03.o	15388	15441	120	27	0	7	2	0	"[[""_template_data_0001"", 18], [""tgr_cha"", 6], [""type"", 5], [""TriggerchaGetCustomizeData"", 2], [""TriggerSetPos"", 1], [""TriggerGetPropertyValue"", 1], [""TriggerAddUnitAttr"", 1], [""tgr_GetRandomNum"", 1], [""tgr_getNewItem"", 1], [""GetInt"", 1]]"	[]	"{""GETGLOBAL"": 37, ""LOADK"": 18, ""CALL"": 13, ""SETTABLE"": 6, ""GETTABLE"": 17, ""EQ"": 11, ""JMP"": 15, ""TEST"": 2, ""RETURN"": 1}"
458	0.33.406	2	0x133ede4	0x133ee24	64	10002_data03.o	15455	15457	3	0	0	2	0	0	[]	[]	"{""LOADBOOL"": 1, ""RETURN"": 2}"
459	0.33.407	2	0x133ee24	0x133f4d6	1714	10002_data03.o	15459	15499	156	37	0	7	1	0	"[[""tgr_cha"", 21], [""TriggerCheckChatypeID"", 12], [""_template_data_0001"", 11], [""TriggerAddUnitAttr"", 6], [""GetInt"", 4], [""TriggerchaGetCustomizeData"", 3]]"	[]	"{""LOADK"": 29, ""EQ"": 2, ""JMP"": 15, ""GETGLOBAL"": 57, ""CALL"": 25, ""TEST"": 12, ""SETTABLE"": 3, ""GETTABLE"": 8, ""ADD"": 3, ""MUL"": 1, ""RETURN"": 1}"
460	0.33.408	2	0x133f4d6	0x133f516	64	10002_data03.o	15513	15515	3	0	0	2	0	0	[]	[]	"{""LOADBOOL"": 1, ""RETURN"": 2}"
461	0.33.409	2	0x133f516	0x133faa2	1420	10002_data03.o	15517	15542	150	17	0	8	0	0	"[[""tgr_SendSignal"", 16], [""tgr_SetPlayerCamera"", 1]]"	[]	"{""GETGLOBAL"": 17, ""LOADK"": 115, ""CALL"": 17, ""RETURN"": 1}"
462	0.33.410	2	0x133faa2	0x133fae2	64	10002_data03.o	15556	15558	3	0	0	2	0	0	[]	[]	"{""LOADBOOL"": 1, ""RETURN"": 2}"
463	0.33.411	2	0x133fae2	0x133fc3c	346	10002_data03.o	15560	15568	21	9	0	4	0	0	"[[""tgr_cha"", 4], [""IsMoveByTrack"", 1], [""objSetPos"", 1], [""GameOp_StopCha"", 1], [""tgr_SetPlayerCamera"", 1], [""objGetControl"", 1]]"	[]	"{""GETGLOBAL"": 9, ""CALL"": 5, ""EQ"": 1, ""JMP"": 1, ""LOADK"": 4, ""RETURN"": 1}"
464	0.33.412	2	0x133fc3c	0x133fc7c	64	10002_data03.o	15582	15584	3	0	0	2	0	0	[]	[]	"{""LOADBOOL"": 1, ""RETURN"": 2}"
465	0.33.413	2	0x133fc7c	0x133fdd6	346	10002_data03.o	15586	15594	21	9	0	4	0	0	"[[""tgr_cha"", 4], [""IsMoveByTrack"", 1], [""objSetPos"", 1], [""GameOp_StopCha"", 1], [""tgr_SetPlayerCamera"", 1], [""objGetControl"", 1]]"	[]	"{""GETGLOBAL"": 9, ""CALL"": 5, ""EQ"": 1, ""JMP"": 1, ""LOADK"": 4, ""RETURN"": 1}"
466	0.33.414	2	0x133fdd6	0x133fe16	64	10002_data03.o	15608	15610	3	0	0	2	0	0	[]	[]	"{""LOADBOOL"": 1, ""RETURN"": 2}"
467	0.33.415	2	0x133fe16	0x134053a	1828	10002_data03.o	15612	15652	168	39	0	7	1	0	"[[""tgr_cha"", 23], [""TriggerCheckChatypeID"", 14], [""_template_data_0001"", 11], [""TriggerAddUnitAttr"", 6], [""GetInt"", 4], [""TriggerchaGetCustomizeData"", 3]]"	[]	"{""LOADK"": 31, ""EQ"": 2, ""JMP"": 17, ""GETGLOBAL"": 61, ""CALL"": 27, ""TEST"": 14, ""SETTABLE"": 3, ""GETTABLE"": 8, ""ADD"": 3, ""MUL"": 1, ""RETURN"": 1}"
468	0.33.416	2	0x134053a	0x134057a	64	10002_data03.o	15666	15668	3	0	0	2	0	0	[]	[]	"{""LOADBOOL"": 1, ""RETURN"": 2}"
469	0.33.417	2	0x134057a	0x1340bba	1600	10002_data03.o	15670	15710	144	35	0	7	1	0	"[[""tgr_cha"", 19], [""_template_data_0001"", 11], [""TriggerCheckChatypeID"", 10], [""TriggerAddUnitAttr"", 6], [""GetInt"", 4], [""TriggerchaGetCustomizeData"", 3]]"	[]	"{""LOADK"": 27, ""EQ"": 2, ""JMP"": 13, ""GETGLOBAL"": 53, ""CALL"": 23, ""TEST"": 10, ""SETTABLE"": 3, ""GETTABLE"": 8, ""ADD"": 3, ""MUL"": 1, ""RETURN"": 1}"
470	0.33.418	2	0x1340bba	0x1340bfa	64	10002_data03.o	15724	15726	3	0	0	2	0	0	[]	[]	"{""LOADBOOL"": 1, ""RETURN"": 2}"
471	0.33.419	2	0x1340bfa	0x1341387	1933	10002_data03.o	15728	15768	180	40	0	7	1	0	"[[""tgr_cha"", 25], [""TriggerCheckChatypeID"", 16], [""_template_data_0001"", 11], [""TriggerAddUnitAttr"", 6], [""GetInt"", 4], [""TriggerchaGetCustomizeData"", 3]]"	[]	"{""LOADK"": 33, ""EQ"": 2, ""JMP"": 19, ""GETGLOBAL"": 65, ""CALL"": 29, ""TEST"": 16, ""SETTABLE"": 3, ""GETTABLE"": 8, ""ADD"": 3, ""MUL"": 1, ""RETURN"": 1}"
472	0.33.420	2	0x1341387	0x13413c7	64	10002_data03.o	15782	15784	3	0	0	2	0	0	[]	[]	"{""LOADBOOL"": 1, ""RETURN"": 2}"
473	0.33.421	2	0x13413c7	0x1341521	346	10002_data03.o	15786	15794	21	9	0	4	0	0	"[[""tgr_cha"", 4], [""IsMoveByTrack"", 1], [""objSetPos"", 1], [""GameOp_StopCha"", 1], [""tgr_SetPlayerCamera"", 1], [""objGetControl"", 1]]"	[]	"{""GETGLOBAL"": 9, ""CALL"": 5, ""EQ"": 1, ""JMP"": 1, ""LOADK"": 4, ""RETURN"": 1}"
474	0.33.422	2	0x1341521	0x1341561	64	10002_data03.o	15808	15810	3	0	0	2	0	0	[]	[]	"{""LOADBOOL"": 1, ""RETURN"": 2}"
475	0.33.423	2	0x1341561	0x13416bb	346	10002_data03.o	15812	15820	21	9	0	4	0	0	"[[""tgr_cha"", 4], [""IsMoveByTrack"", 1], [""objSetPos"", 1], [""GameOp_StopCha"", 1], [""tgr_SetPlayerCamera"", 1], [""objGetControl"", 1]]"	[]	"{""GETGLOBAL"": 9, ""CALL"": 5, ""EQ"": 1, ""JMP"": 1, ""LOADK"": 4, ""RETURN"": 1}"
476	0.33.424	2	0x13416bb	0x13416fb	64	10002_data03.o	15834	15836	3	0	0	2	0	0	[]	[]	"{""LOADBOOL"": 1, ""RETURN"": 2}"
477	0.33.425	2	0x13416fb	0x1341e1f	1828	10002_data03.o	15838	15878	168	39	0	7	1	0	"[[""tgr_cha"", 23], [""TriggerCheckChatypeID"", 14], [""_template_data_0001"", 11], [""TriggerAddUnitAttr"", 6], [""GetInt"", 4], [""TriggerchaGetCustomizeData"", 3]]"	[]	"{""LOADK"": 31, ""EQ"": 2, ""JMP"": 17, ""GETGLOBAL"": 61, ""CALL"": 27, ""TEST"": 14, ""SETTABLE"": 3, ""GETTABLE"": 8, ""ADD"": 3, ""MUL"": 1, ""RETURN"": 1}"
478	0.33.426	2	0x1341e1f	0x1341efc	221	10002_data03.o	15892	15900	15	5	0	2	0	0	"[[""_template_data_0001"", 2]]"	[]	"{""GETGLOBAL"": 2, ""GETTABLE"": 2, ""EQ"": 2, ""JMP"": 2, ""LOADBOOL"": 3, ""RETURN"": 4}"
479	0.33.427	2	0x1341efc	0x1342331	1077	10002_data03.o	15902	15947	91	21	0	9	4	0	"[[""_template_data_0001"", 8], [""AddChaPoint"", 4], [""tgr_GetRandomNum"", 2], [""AddCha"", 2], [""GetInt"", 2], [""lua_objSetAttr"", 2], [""NEXTPOINT"", 2]]"	[]	"{""LOADK"": 22, ""EQ"": 6, ""JMP"": 8, ""GETGLOBAL"": 22, ""GETTABLE"": 8, ""CALL"": 12, ""SETTABLE"": 2, ""LOADNIL"": 2, ""MOVE"": 8, ""RETURN"": 1}"
480	0.33.428	2	0x1342331	0x134240e	221	10002_data03.o	15961	15969	15	5	0	2	0	0	"[[""_template_data_0001"", 2]]"	[]	"{""GETGLOBAL"": 2, ""GETTABLE"": 2, ""EQ"": 2, ""JMP"": 2, ""LOADBOOL"": 3, ""RETURN"": 4}"
481	0.33.429	2	0x134240e	0x134283a	1068	10002_data03.o	15971	16016	91	20	0	9	4	0	"[[""_template_data_0001"", 8], [""AddChaPoint"", 4], [""tgr_GetRandomNum"", 2], [""AddCha"", 2], [""GetInt"", 2], [""lua_objSetAttr"", 2], [""NEXTPOINT"", 2]]"	[]	"{""LOADK"": 22, ""EQ"": 6, ""JMP"": 8, ""GETGLOBAL"": 22, ""GETTABLE"": 8, ""CALL"": 12, ""SETTABLE"": 2, ""LOADNIL"": 2, ""MOVE"": 8, ""RETURN"": 1}"
482	0.33.430	2	0x134283a	0x1342903	201	10002_data03.o	16030	16035	12	4	0	3	0	0	"[[""TriggerCheckChatypeID"", 1], [""tgr_NormalAtkObj"", 1]]"	[]	"{""GETGLOBAL"": 2, ""LOADK"": 1, ""GETTABLE"": 1, ""CALL"": 1, ""TEST"": 1, ""JMP"": 1, ""LOADBOOL"": 2, ""RETURN"": 3}"
483	0.33.431	2	0x1342903	0x1342f26	1571	10002_data03.o	16037	16074	140	29	0	8	1	0	"[[""tgr_NormalAtkObj"", 16], [""objGetAttr"", 10], [""Cha_InventoryTakeItem"", 9], [""TriggerAddUnitAttr"", 2], [""objGetSubType"", 1], [""CREAT_SUMMERUNIT"", 1], [""tgr_RemoveItemnumFromCha"", 1], [""GetRandomNumber"", 1], [""tgr_getNewItem"", 1], [""TriggerPopupText"", 1]]"	[]	"{""LOADK"": 21, ""EQ"": 15, ""JMP"": 17, ""GETGLOBAL"": 43, ""GETTABLE"": 25, ""CALL"": 17, ""LE"": 1, ""RETURN"": 1}"
484	0.33.432	2	0x1342f26	0x1342fc7	161	10002_data03.o	16088	16093	10	3	0	2	0	0	"[[""objGetSubType"", 1], [""tgr_cha"", 1]]"	[]	"{""GETGLOBAL"": 2, ""CALL"": 1, ""EQ"": 1, ""JMP"": 1, ""LOADBOOL"": 2, ""RETURN"": 3}"
485	0.33.433	2	0x1342fc7	0x1345018	8273	10002_data03.o	16095	16553	833	48	0	23	53	0	"[[""_template_data_0001"", 106], [""tgr_cha"", 48], [""objGetAttr"", 9], [""Cha_InventoryTakeItem"", 9], [""tgr_getNewItem"", 9], [""TriggerStringConcat"", 9], [""objGetControl"", 8], [""TriggerGetControlChaName"", 8], [""TriggerShowHint"", 8], [""TriggerAddUnitAttr"", 2], [""TriggerPopupText"", 2], [""tgr_RemoveItemnumFromCha"", 1], [""TriggerchaGetCustomizeData"", 1]]"	[]	"{""LOADK"": 173, ""EQ"": 81, ""JMP"": 109, ""GETGLOBAL"": 220, ""GETTABLE"": 80, ""CALL"": 57, ""LE"": 8, ""MUL"": 34, ""ADD"": 34, ""SETTABLE"": 35, ""LT"": 1, ""RETURN"": 1}"
486	0.33.434	2	0x1345018	0x13450b9	161	10002_data03.o	16567	16572	10	3	0	2	0	0	"[[""objGetSubType"", 1], [""tgr_cha"", 1]]"	[]	"{""GETGLOBAL"": 2, ""CALL"": 1, ""EQ"": 1, ""JMP"": 1, ""LOADBOOL"": 2, ""RETURN"": 3}"
487	0.33.435	2	0x13450b9	0x13451a9	240	10002_data03.o	16574	16580	16	6	0	4	0	0	"[[""lua_ChaBindRegion"", 3], [""tgr_cha"", 3]]"	[]	"{""GETGLOBAL"": 6, ""LOADK"": 6, ""CALL"": 3, ""RETURN"": 1}"
488	0.33.436	2	0x13451a9	0x13454db	818	10002_data03.o	16594	16599	77	14	0	3	0	0	"[[""objGetAttr"", 9], [""tgr_NormalAtkObj"", 9], [""Cha_InventoryTakeItem"", 9]]"	[]	"{""GETGLOBAL"": 27, ""GETTABLE"": 18, ""CALL"": 9, ""EQ"": 9, ""JMP"": 9, ""LOADBOOL"": 2, ""RETURN"": 3}"
489	0.33.437	2	0x13454db	0x13491b8	15581	10002_data03.o	16601	17554	1577	38	0	24	136	0	"[[""_template_data_0001"", 176], [""tgr_NormalAtkObj"", 88], [""TriggerAddEffectAndTimes"", 32], [""CheckSkillExist"", 16], [""TriggerGetUnitPosition"", 16], [""TriggerDoAreaDamage"", 16], [""objGetControl"", 8]]"	[]	"{""LOADK"": 368, ""EQ"": 104, ""JMP"": 160, ""GETGLOBAL"": 352, ""GETTABLE"": 200, ""CALL"": 88, ""LT"": 16, ""MUL"": 96, ""ADD"": 96, ""SETTABLE"": 64, ""NEWTABLE"": 16, ""SETLIST"": 16, ""RETURN"": 1}"
490	0.33.438	2	0x13491b8	0x13492f3	315	10002_data03.o	17568	17576	22	7	0	3	0	0	"[[""tgr_KEobj"", 2], [""CONTROL_PLAYER"", 1], [""objGetControl"", 1], [""objGetSubType"", 1]]"	[]	"{""GETGLOBAL"": 5, ""GETTABLE"": 4, ""CALL"": 2, ""EQ"": 2, ""JMP"": 2, ""LOADBOOL"": 3, ""RETURN"": 4}"
491	0.33.439	2	0x13492f3	0x134b9a0	9901	10002_data03.o	17578	17770	1134	29	0	14	25	0	"[[""tgr_KEobj"", 122], [""objGetAttr"", 108], [""Cha_InventoryTakeItem"", 108], [""_template_data_0001"", 22], [""tgr_RemoveItemFromCha"", 6], [""tgr_getNewItem"", 6], [""objGetSubType"", 2]]"	[]	"{""LOADK"": 64, ""EQ"": 134, ""JMP"": 149, ""GETGLOBAL"": 374, ""GETTABLE"": 244, ""CALL"": 122, ""LE"": 6, ""MUL"": 16, ""ADD"": 16, ""SETTABLE"": 8, ""RETURN"": 1}"
492	0.33.440	2	0x134b9a0	0x134badb	315	10002_data03.o	17784	17792	22	7	0	3	0	0	"[[""tgr_KEobj"", 2], [""CONTROL_PLAYER"", 1], [""objGetControl"", 1], [""objGetSubType"", 1]]"	[]	"{""GETGLOBAL"": 5, ""GETTABLE"": 4, ""CALL"": 2, ""EQ"": 2, ""JMP"": 2, ""LOADBOOL"": 3, ""RETURN"": 4}"
493	0.33.441	2	0x134badb	0x134d080	5541	10002_data03.o	17794	17907	638	27	0	12	7	0	"[[""tgr_KEobj"", 70], [""objGetAttr"", 63], [""Cha_InventoryTakeItem"", 63], [""GetRandomNumber"", 7], [""TriggerAddUnitAttr"", 7]]"	[]	"{""LOADK"": 42, ""EQ"": 77, ""JMP"": 91, ""GETGLOBAL"": 210, ""GETTABLE"": 133, ""CALL"": 77, ""LE"": 7, ""RETURN"": 1}"
494	0.33.442	2	0x134d080	0x134d1bb	315	10002_data03.o	17921	17929	22	7	0	3	0	0	"[[""tgr_KEobj"", 2], [""CONTROL_PLAYER"", 1], [""objGetControl"", 1], [""objGetSubType"", 1]]"	[]	"{""GETGLOBAL"": 5, ""GETTABLE"": 4, ""CALL"": 2, ""EQ"": 2, ""JMP"": 2, ""LOADBOOL"": 3, ""RETURN"": 4}"
495	0.33.443	2	0x134d1bb	0x134f868	9901	10002_data03.o	17931	18123	1134	29	0	14	25	0	"[[""tgr_KEobj"", 122], [""objGetAttr"", 108], [""Cha_InventoryTakeItem"", 108], [""_template_data_0001"", 22], [""tgr_RemoveItemFromCha"", 6], [""tgr_getNewItem"", 6], [""objGetSubType"", 2]]"	[]	"{""LOADK"": 64, ""EQ"": 134, ""JMP"": 149, ""GETGLOBAL"": 374, ""GETTABLE"": 244, ""CALL"": 122, ""LE"": 6, ""MUL"": 16, ""ADD"": 16, ""SETTABLE"": 8, ""RETURN"": 1}"
496	0.33.444	2	0x134f868	0x134f9a3	315	10002_data03.o	18137	18145	22	7	0	3	0	0	"[[""tgr_KEobj"", 2], [""CONTROL_PLAYER"", 1], [""objGetControl"", 1], [""objGetSubType"", 1]]"	[]	"{""GETGLOBAL"": 5, ""GETTABLE"": 4, ""CALL"": 2, ""EQ"": 2, ""JMP"": 2, ""LOADBOOL"": 3, ""RETURN"": 4}"
497	0.33.445	2	0x134f9a3	0x1350f36	5523	10002_data03.o	18147	18260	638	25	0	12	7	0	"[[""tgr_KEobj"", 70], [""objGetAttr"", 63], [""Cha_InventoryTakeItem"", 63], [""GetRandomNumber"", 7], [""TriggerAddUnitAttr"", 7]]"	[]	"{""LOADK"": 42, ""EQ"": 77, ""JMP"": 91, ""GETGLOBAL"": 210, ""GETTABLE"": 133, ""CALL"": 77, ""LE"": 7, ""RETURN"": 1}"
498	0.33.446	2	0x1350f36	0x1350fd1	155	10002_data03.o	18274	18279	9	3	0	2	0	0	"[[""_template_data_0001"", 1]]"	[]	"{""GETGLOBAL"": 1, ""GETTABLE"": 1, ""EQ"": 1, ""JMP"": 1, ""LOADBOOL"": 2, ""RETURN"": 3}"
499	0.33.447	2	0x1350fd1	0x13512c3	754	10002_data03.o	18281	18327	61	13	0	10	6	0	"[[""_template_data_0001"", 3], [""AddCha"", 3]]"	[]	"{""LOADK"": 21, ""EQ"": 9, ""JMP"": 12, ""GETGLOBAL"": 6, ""GETTABLE"": 3, ""LOADNIL"": 3, ""CALL"": 3, ""MOVE"": 3, ""RETURN"": 1}"
500	0.33.448	2	0x13512c3	0x135139a	215	10002_data03.o	18341	18346	13	5	0	3	0	0	"[[""CONTROL_PLAYER"", 1], [""objGetControl"", 1], [""tgr_cha"", 1]]"	[]	"{""GETGLOBAL"": 3, ""CALL"": 1, ""GETTABLE"": 2, ""EQ"": 1, ""JMP"": 1, ""LOADBOOL"": 2, ""RETURN"": 3}"
501	0.33.449	2	0x135139a	0x13516c2	808	10002_data03.o	18348	18370	66	17	0	7	1	0	"[[""tgr_cha"", 11], [""TriggerCheckChatypeID"", 4], [""TriggerAddSkillState"", 2], [""lua_ChaBindRegion"", 1], [""IsChaInRegion"", 1], [""objGetSubType"", 1]]"	[]	"{""GETGLOBAL"": 20, ""LOADK"": 16, ""CALL"": 9, ""EQ"": 5, ""JMP"": 10, ""TEST"": 4, ""NOT"": 1, ""RETURN"": 1}"
502	0.33.450	2	0x13516c2	0x1351702	64	10002_data03.o	18384	18386	3	0	0	2	0	0	[]	[]	"{""LOADBOOL"": 1, ""RETURN"": 2}"
503	0.33.451	2	0x1351702	0x135181e	284	10002_data03.o	18388	18401	18	6	0	4	1	0	"[[""tgr_cha"", 2], [""Check_SkilleffNum_Bit"", 1], [""Rem_Cha_State"", 1]]"	[]	"{""LOADK"": 4, ""EQ"": 3, ""JMP"": 4, ""GETGLOBAL"": 4, ""CALL"": 2, ""RETURN"": 1}"
504	0.33.452	2	0x135181e	0x13518b9	155	10002_data03.o	18415	18420	9	3	0	2	0	0	"[[""_template_data_0001"", 1]]"	[]	"{""GETGLOBAL"": 1, ""GETTABLE"": 1, ""EQ"": 1, ""JMP"": 1, ""LOADBOOL"": 2, ""RETURN"": 3}"
505	0.33.453	2	0x13518b9	0x1352d06	5197	10002_data03.o	18422	18564	514	31	0	19	30	0	"[[""tgr_cha"", 30], [""tgr_SendSignal"", 24], [""TriggerShowHint"", 15], [""AddChaPoint"", 6], [""GetPlayerUseHeroNum"", 3], [""GetPlayerUseHeroCha"", 3], [""TriggerCheckChatypeID"", 3], [""TriggerAddUnitAttr"", 3], [""lua_objSetAttr"", 3], [""NEXTPOINT"", 3]]"	"[[""tgr_cha"", 3]]"	"{""LOADK"": 315, ""FORPREP"": 6, ""GETGLOBAL"": 93, ""MOVE"": 12, ""CALL"": 60, ""SETGLOBAL"": 3, ""EQ"": 6, ""JMP"": 9, ""TEST"": 3, ""FORLOOP"": 6, ""RETURN"": 1}"
506	0.33.454	2	0x1352d06	0x1352d46	64	10002_data03.o	18578	18580	3	0	0	2	0	0	[]	[]	"{""LOADBOOL"": 1, ""RETURN"": 2}"
507	0.33.455	2	0x1352d46	0x135383b	2805	10002_data03.o	18582	18666	257	46	0	12	14	0	"[[""tgr_cha"", 19], [""_template_data_0001"", 18], [""TriggerCheckChatypeID"", 16], [""objGetPos"", 3], [""AddCha"", 3], [""tab_item"", 3], [""tgr_GetRandomNum"", 2], [""GetInt"", 2]]"	[]	"{""LOADK"": 42, ""EQ"": 15, ""JMP"": 41, ""GETGLOBAL"": 66, ""CALL"": 26, ""TEST"": 16, ""SETTABLE"": 4, ""GETTABLE"": 25, ""LE"": 6, ""MOVE"": 6, ""ADD"": 5, ""MUL"": 4, ""RETURN"": 1}"
508	0.33.456	2	0x135383b	0x135387b	64	10002_data03.o	18680	18682	3	0	0	2	0	0	[]	[]	"{""LOADBOOL"": 1, ""RETURN"": 2}"
509	0.33.457	2	0x135387b	0x1354295	2586	10002_data03.o	18684	18768	233	43	0	12	14	0	"[[""_template_data_0001"", 18], [""tgr_cha"", 15], [""TriggerCheckChatypeID"", 12], [""objGetPos"", 3], [""AddCha"", 3], [""tab_item"", 3], [""tgr_GetRandomNum"", 2], [""GetInt"", 2]]"	[]	"{""LOADK"": 38, ""EQ"": 15, ""JMP"": 37, ""GETGLOBAL"": 58, ""CALL"": 22, ""TEST"": 12, ""SETTABLE"": 4, ""GETTABLE"": 25, ""LE"": 6, ""MOVE"": 6, ""ADD"": 5, ""MUL"": 4, ""RETURN"": 1}"
510	0.33.458	2	0x1354295	0x1354336	161	10002_data03.o	18782	18787	10	3	0	2	0	0	"[[""objGetSubType"", 1], [""tgr_cha"", 1]]"	[]	"{""GETGLOBAL"": 2, ""CALL"": 1, ""EQ"": 1, ""JMP"": 1, ""LOADBOOL"": 2, ""RETURN"": 3}"
511	0.33.459	2	0x1354336	0x1354418	226	10002_data03.o	18789	18796	11	7	0	5	0	0	"[[""tgr_cha"", 2], [""tgr_RemoveItemFromCha"", 1], [""Replace_ChaSkill"", 1]]"	[]	"{""GETGLOBAL"": 4, ""LOADK"": 4, ""CALL"": 2, ""RETURN"": 1}"
512	0.33.460	2	0x1354418	0x13544b9	161	10002_data03.o	18810	18815	10	3	0	2	0	0	"[[""objGetSubType"", 1], [""tgr_cha"", 1]]"	[]	"{""GETGLOBAL"": 2, ""CALL"": 1, ""EQ"": 1, ""JMP"": 1, ""LOADBOOL"": 2, ""RETURN"": 3}"
513	0.33.461	2	0x13544b9	0x135459b	226	10002_data03.o	18817	18824	11	7	0	5	0	0	"[[""tgr_cha"", 2], [""tgr_RemoveItemFromCha"", 1], [""Replace_ChaSkill"", 1]]"	[]	"{""GETGLOBAL"": 4, ""LOADK"": 4, ""CALL"": 2, ""RETURN"": 1}"
514	0.33.462	2	0x135459b	0x135463c	161	10002_data03.o	18838	18843	10	3	0	2	0	0	"[[""objGetSubType"", 1], [""tgr_cha"", 1]]"	[]	"{""GETGLOBAL"": 2, ""CALL"": 1, ""EQ"": 1, ""JMP"": 1, ""LOADBOOL"": 2, ""RETURN"": 3}"
515	0.33.463	2	0x135463c	0x135471e	226	10002_data03.o	18845	18852	11	7	0	5	0	0	"[[""tgr_cha"", 2], [""tgr_RemoveItemFromCha"", 1], [""Replace_ChaSkill"", 1]]"	[]	"{""GETGLOBAL"": 4, ""LOADK"": 4, ""CALL"": 2, ""RETURN"": 1}"
516	0.33.464	2	0x135471e	0x13547bf	161	10002_data03.o	18866	18871	10	3	0	2	0	0	"[[""objGetSubType"", 1], [""tgr_cha"", 1]]"	[]	"{""GETGLOBAL"": 2, ""CALL"": 1, ""EQ"": 1, ""JMP"": 1, ""LOADBOOL"": 2, ""RETURN"": 3}"
517	0.33.465	2	0x13547bf	0x13548a1	226	10002_data03.o	18873	18880	11	7	0	5	0	0	"[[""tgr_cha"", 2], [""tgr_RemoveItemFromCha"", 1], [""Replace_ChaSkill"", 1]]"	[]	"{""GETGLOBAL"": 4, ""LOADK"": 4, ""CALL"": 2, ""RETURN"": 1}"
518	0.33.466	2	0x13548a1	0x1354942	161	10002_data03.o	18894	18899	10	3	0	2	0	0	"[[""objGetSubType"", 1], [""tgr_cha"", 1]]"	[]	"{""GETGLOBAL"": 2, ""CALL"": 1, ""EQ"": 1, ""JMP"": 1, ""LOADBOOL"": 2, ""RETURN"": 3}"
519	0.33.467	2	0x1354942	0x1354a24	226	10002_data03.o	18901	18908	11	7	0	5	0	0	"[[""tgr_cha"", 2], [""tgr_RemoveItemFromCha"", 1], [""Replace_ChaSkill"", 1]]"	[]	"{""GETGLOBAL"": 4, ""LOADK"": 4, ""CALL"": 2, ""RETURN"": 1}"
520	0.33.468	2	0x1354a24	0x1354ac5	161	10002_data03.o	18922	18927	10	3	0	2	0	0	"[[""objGetSubType"", 1], [""tgr_cha"", 1]]"	[]	"{""GETGLOBAL"": 2, ""CALL"": 1, ""EQ"": 1, ""JMP"": 1, ""LOADBOOL"": 2, ""RETURN"": 3}"
521	0.33.469	2	0x1354ac5	0x1354ba7	226	10002_data03.o	18929	18936	11	7	0	5	0	0	"[[""tgr_cha"", 2], [""tgr_RemoveItemFromCha"", 1], [""Replace_ChaSkill"", 1]]"	[]	"{""GETGLOBAL"": 4, ""LOADK"": 4, ""CALL"": 2, ""RETURN"": 1}"
522	0.33.470	2	0x1354ba7	0x1354be7	64	10002_data03.o	18950	18952	3	0	0	2	0	0	[]	[]	"{""LOADBOOL"": 1, ""RETURN"": 2}"
523	0.33.471	2	0x1354be7	0x1355673	2700	10002_data03.o	18954	19038	245	45	0	12	14	0	"[[""_template_data_0001"", 18], [""tgr_cha"", 17], [""TriggerCheckChatypeID"", 14], [""objGetPos"", 3], [""AddCha"", 3], [""tab_item"", 3], [""tgr_GetRandomNum"", 2], [""GetInt"", 2]]"	[]	"{""LOADK"": 40, ""EQ"": 15, ""JMP"": 39, ""GETGLOBAL"": 62, ""CALL"": 24, ""TEST"": 14, ""SETTABLE"": 4, ""GETTABLE"": 25, ""LE"": 6, ""MOVE"": 6, ""ADD"": 5, ""MUL"": 4, ""RETURN"": 1}"
524	0.33.472	2	0x1355673	0x13556b3	64	10002_data03.o	19052	19054	3	0	0	2	0	0	[]	[]	"{""LOADBOOL"": 1, ""RETURN"": 2}"
525	0.33.473	2	0x13556b3	0x135605b	2472	10002_data03.o	19056	19140	221	41	0	12	14	0	"[[""_template_data_0001"", 18], [""tgr_cha"", 13], [""TriggerCheckChatypeID"", 10], [""objGetPos"", 3], [""AddCha"", 3], [""tab_item"", 3], [""tgr_GetRandomNum"", 2], [""GetInt"", 2]]"	[]	"{""LOADK"": 36, ""EQ"": 15, ""JMP"": 35, ""GETGLOBAL"": 54, ""CALL"": 20, ""TEST"": 10, ""SETTABLE"": 4, ""GETTABLE"": 25, ""LE"": 6, ""MOVE"": 6, ""ADD"": 5, ""MUL"": 4, ""RETURN"": 1}"
526	0.33.474	2	0x135605b	0x135609b	64	10002_data03.o	19154	19156	3	0	0	2	0	0	[]	[]	"{""LOADBOOL"": 1, ""RETURN"": 2}"
527	0.33.475	2	0x135609b	0x1356b27	2700	10002_data03.o	19158	19242	245	45	0	12	14	0	"[[""_template_data_0001"", 18], [""tgr_cha"", 17], [""TriggerCheckChatypeID"", 14], [""objGetPos"", 3], [""AddCha"", 3], [""tab_item"", 3], [""tgr_GetRandomNum"", 2], [""GetInt"", 2]]"	[]	"{""LOADK"": 40, ""EQ"": 15, ""JMP"": 39, ""GETGLOBAL"": 62, ""CALL"": 24, ""TEST"": 14, ""SETTABLE"": 4, ""GETTABLE"": 25, ""LE"": 6, ""MOVE"": 6, ""ADD"": 5, ""MUL"": 4, ""RETURN"": 1}"
528	0.33.476	2	0x1356b27	0x1356b67	64	10002_data03.o	19256	19258	3	0	0	2	0	0	[]	[]	"{""LOADBOOL"": 1, ""RETURN"": 2}"
529	0.33.477	2	0x1356b67	0x1357034	1229	10002_data03.o	19260	19304	102	15	0	10	1	0	"[[""GetRandomNumber"", 5], [""TriggerShowHint"", 5], [""tgr_cha"", 5]]"	[]	"{""LOADK"": 41, ""LT"": 5, ""JMP"": 15, ""GETGLOBAL"": 15, ""MOVE"": 5, ""CALL"": 10, ""LE"": 5, ""SUB"": 5, ""RETURN"": 1}"
530	0.33.478	2	0x1357034	0x1357074	64	10002_data03.o	19318	19320	3	0	0	2	0	0	[]	[]	"{""LOADBOOL"": 1, ""RETURN"": 2}"
531	0.33.479	2	0x1357074	0x13574d6	1122	10002_data03.o	19322	19356	103	18	0	6	2	0	"[[""_template_data_0001"", 10], [""CONTROL_PLAYER"", 8], [""tgr_PlayerGetResource"", 8], [""GetInt"", 1]]"	[]	"{""LOADK"": 18, ""GETGLOBAL"": 27, ""GETTABLE"": 25, ""MUL"": 3, ""CALL"": 9, ""MOVE"": 1, ""ADD"": 2, ""SETTABLE"": 1, ""EQ"": 8, ""JMP"": 8, ""RETURN"": 1}"
532	0.33.480	2	0x13574d6	0x1357516	64	10002_data03.o	19370	19372	3	0	0	2	0	0	[]	[]	"{""LOADBOOL"": 1, ""RETURN"": 2}"
533	0.33.481	2	0x1357516	0x13575cf	185	10002_data03.o	19374	19381	9	6	0	7	1	0	"[[""AddCha"", 1]]"	[]	"{""GETGLOBAL"": 1, ""LOADK"": 5, ""CALL"": 1, ""MOVE"": 1, ""RETURN"": 1}"
534	0.33.482	2	0x13575cf	0x135760f	64	10002_data03.o	19395	19397	3	0	0	2	0	0	[]	[]	"{""LOADBOOL"": 1, ""RETURN"": 2}"
535	0.33.483	2	0x135760f	0x1357a16	1031	10002_data03.o	19399	19445	78	21	0	13	4	0	"[[""_template_data_0001"", 9], [""tgr_cha"", 4], [""TriggerAddUnitAttr"", 2], [""TriggerShowHint"", 2], [""create_upgradeIncident"", 1], [""tgr_GetRandomNum"", 1], [""TriggerStringConcat"", 1]]"	[]	"{""LOADK"": 27, ""EQ"": 3, ""JMP"": 6, ""GETGLOBAL"": 20, ""GETTABLE"": 6, ""LT"": 1, ""MUL"": 2, ""ADD"": 2, ""SETTABLE"": 3, ""CALL"": 7, ""RETURN"": 1}"
536	0.33.484	2	0x1357a16	0x1357b38	290	10002_data03.o	19459	19467	20	6	0	3	0	0	"[[""tgr_cha"", 2], [""CONTROL_PLAYER"", 1], [""objGetControl"", 1], [""objGetSubType"", 1]]"	[]	"{""GETGLOBAL"": 5, ""CALL"": 2, ""GETTABLE"": 2, ""EQ"": 2, ""JMP"": 2, ""LOADBOOL"": 3, ""RETURN"": 4}"
537	0.33.485	2	0x1357b38	0x135839a	2146	10002_data03.o	19469	19582	161	18	0	35	32	0	"[[""_template_data_0001"", 32]]"	[]	"{""LOADK"": 32, ""GETGLOBAL"": 32, ""GETTABLE"": 16, ""MUL"": 32, ""ADD"": 32, ""SETTABLE"": 16, ""RETURN"": 1}"
538	0.33.486	2	0x135839a	0x13586bf	805	10002_data03.o	19596	19604	75	14	0	3	0	0	"[[""tgr_cha"", 10], [""objGetAttr"", 9], [""Cha_InventoryTakeItem"", 9], [""objGetSubType"", 1]]"	[]	"{""GETGLOBAL"": 29, ""GETTABLE"": 9, ""CALL"": 10, ""EQ"": 10, ""JMP"": 10, ""LOADBOOL"": 3, ""RETURN"": 4}"
539	0.33.487	2	0x13586bf	0x13588fa	571	10002_data03.o	19606	19621	31	15	0	9	0	0	"[[""tgr_cha"", 5], [""tgr_RemoveItemFromCha"", 2], [""tgr_getNewItem"", 1], [""TriggerShowHint"", 1], [""TriggerAddEffectAndTimes"", 1]]"	[]	"{""GETGLOBAL"": 10, ""LOADK"": 15, ""CALL"": 5, ""RETURN"": 1}"
540	0.33.488	2	0x13588fa	0x1358c1f	805	10002_data03.o	19635	19643	75	14	0	3	0	0	"[[""tgr_cha"", 10], [""objGetAttr"", 9], [""Cha_InventoryTakeItem"", 9], [""objGetSubType"", 1]]"	[]	"{""GETGLOBAL"": 29, ""GETTABLE"": 9, ""CALL"": 10, ""EQ"": 10, ""JMP"": 10, ""LOADBOOL"": 3, ""RETURN"": 4}"
541	0.33.489	2	0x1358c1f	0x1358e5a	571	10002_data03.o	19645	19660	31	15	0	9	0	0	"[[""tgr_cha"", 5], [""tgr_RemoveItemFromCha"", 2], [""tgr_getNewItem"", 1], [""TriggerShowHint"", 1], [""TriggerAddEffectAndTimes"", 1]]"	[]	"{""GETGLOBAL"": 10, ""LOADK"": 15, ""CALL"": 5, ""RETURN"": 1}"
542	0.33.490	2	0x1358e5a	0x1358e9a	64	10002_data03.o	19674	19676	3	0	0	2	0	0	[]	[]	"{""LOADBOOL"": 1, ""RETURN"": 2}"
543	0.33.491	2	0x1358e9a	0x135909d	515	10002_data03.o	19678	19692	33	15	0	9	0	0	"[[""_template_data_0001"", 6], [""tgr_cha"", 2], [""tgr_GetRandomNum"", 1], [""TriggerAddUnitAttr"", 1], [""TriggerStringConcat"", 1], [""TriggerShowHint"", 1]]"	[]	"{""GETGLOBAL"": 12, ""LOADK"": 10, ""CALL"": 4, ""SETTABLE"": 2, ""GETTABLE"": 4, ""RETURN"": 1}"
544	0.33.492	2	0x135909d	0x1359157	186	10002_data03.o	19706	19711	11	4	0	3	0	0	"[[""Check_SkilleffNum_Bit"", 1], [""tgr_cha"", 1]]"	[]	"{""GETGLOBAL"": 2, ""LOADK"": 1, ""CALL"": 1, ""EQ"": 1, ""JMP"": 1, ""LOADBOOL"": 2, ""RETURN"": 3}"
545	0.33.493	2	0x1359157	0x13591d0	121	10002_data03.o	19713	19717	5	3	0	3	0	0	"[[""Rem_Cha_State"", 1], [""tgr_cha"", 1]]"	[]	"{""GETGLOBAL"": 2, ""LOADK"": 1, ""CALL"": 1, ""RETURN"": 1}"
546	0.33.494	2	0x13591d0	0x135928a	186	10002_data03.o	19731	19736	11	4	0	3	0	0	"[[""Check_SkilleffNum_Bit"", 1], [""tgr_cha"", 1]]"	[]	"{""GETGLOBAL"": 2, ""LOADK"": 1, ""CALL"": 1, ""EQ"": 1, ""JMP"": 1, ""LOADBOOL"": 2, ""RETURN"": 3}"
547	0.33.495	2	0x135928a	0x1359334	170	10002_data03.o	19738	19742	8	5	0	6	0	0	"[[""tgr_cha"", 2], [""TriggerAddSkillState"", 1]]"	[]	"{""GETGLOBAL"": 3, ""LOADK"": 3, ""CALL"": 1, ""RETURN"": 1}"
548	0.33.496	2	0x1359334	0x135960e	730	10002_data03.o	19756	19761	68	13	0	3	0	0	"[[""objGetAttr"", 9], [""tgr_cha"", 9], [""Cha_InventoryTakeItem"", 9]]"	[]	"{""GETGLOBAL"": 27, ""GETTABLE"": 9, ""CALL"": 9, ""EQ"": 9, ""JMP"": 9, ""LOADBOOL"": 2, ""RETURN"": 3}"
549	0.33.497	2	0x135960e	0x13596b8	170	10002_data03.o	19763	19767	8	5	0	6	0	0	"[[""tgr_cha"", 2], [""TriggerAddSkillState"", 1]]"	[]	"{""GETGLOBAL"": 3, ""LOADK"": 3, ""CALL"": 1, ""RETURN"": 1}"
550	0.33.498	2	0x13596b8	0x135977a	194	10002_data03.o	19781	19786	12	4	0	3	0	0	"[[""TriggerCheckChatypeID"", 1], [""tgr_KEobj"", 1]]"	[]	"{""GETGLOBAL"": 2, ""LOADK"": 1, ""GETTABLE"": 1, ""CALL"": 1, ""TEST"": 1, ""JMP"": 1, ""LOADBOOL"": 2, ""RETURN"": 3}"
551	0.33.499	2	0x135977a	0x1359be4	1130	10002_data03.o	19788	19811	97	25	0	10	1	0	"[[""tgr_SendSignal"", 8], [""AddCha"", 1], [""tgr_getNewItem"", 1], [""TriggerShowHint"", 1], [""tgr_cha"", 1]]"	[]	"{""GETGLOBAL"": 12, ""LOADK"": 71, ""CALL"": 11, ""MOVE"": 2, ""RETURN"": 1}"
552	0.33.500	2	0x1359be4	0x1359c95	177	10002_data03.o	19825	19830	11	3	0	3	0	0	"[[""TriggerCheckChatypeID"", 1], [""tgr_cha"", 1]]"	[]	"{""GETGLOBAL"": 2, ""LOADK"": 1, ""CALL"": 1, ""TEST"": 1, ""JMP"": 1, ""LOADBOOL"": 2, ""RETURN"": 3}"
553	0.33.501	2	0x1359c95	0x135a01e	905	10002_data03.o	19832	19881	81	14	0	9	4	0	"[[""tgr_cha"", 8], [""TriggerCheckSkillLV"", 4], [""TriggerAddUnitAttr"", 4]]"	[]	"{""LOADK"": 28, ""EQ"": 8, ""JMP"": 16, ""GETGLOBAL"": 16, ""CALL"": 8, ""TEST"": 4, ""RETURN"": 1}"
554	0.33.502	2	0x135a01e	0x135a0bf	161	10002_data03.o	19895	19900	10	3	0	2	0	0	"[[""objGetSubType"", 1], [""tgr_cha"", 1]]"	[]	"{""GETGLOBAL"": 2, ""CALL"": 1, ""EQ"": 1, ""JMP"": 1, ""LOADBOOL"": 2, ""RETURN"": 3}"
555	0.33.503	2	0x135a0bf	0x135a450	913	10002_data03.o	19902	19918	81	17	0	6	1	0	"[[""tgr_cha"", 11], [""objGetAttr"", 9], [""Cha_InventoryTakeItem"", 9], [""tgr_RemoveItemFromCha"", 1], [""tgr_getNewItem"", 1]]"	[]	"{""LOADK"": 6, ""EQ"": 11, ""JMP"": 12, ""GETGLOBAL"": 31, ""GETTABLE"": 9, ""CALL"": 11, ""RETURN"": 1}"
556	0.33.504	2	0x135a450	0x135a490	64	10002_data03.o	19932	19934	3	0	0	2	0	0	[]	[]	"{""LOADBOOL"": 1, ""RETURN"": 2}"
557	0.33.505	2	0x135a490	0x135ac30	1952	10002_data03.o	19936	19978	188	31	0	11	2	0	"[[""tgr_SendSignal"", 16], [""AddCha"", 2], [""TriggerShowHint"", 2], [""tgr_cha"", 2], [""tgr_getNewItem"", 1]]"	[]	"{""GETGLOBAL"": 23, ""LOADK"": 139, ""CALL"": 21, ""MOVE"": 3, ""LOADNIL"": 1, ""RETURN"": 1}"
558	0.33.506	2	0x135ac30	0x135acd1	161	10002_data03.o	19992	19997	10	3	0	2	0	0	"[[""objGetSubType"", 1], [""tgr_cha"", 1]]"	[]	"{""GETGLOBAL"": 2, ""CALL"": 1, ""EQ"": 1, ""JMP"": 1, ""LOADBOOL"": 2, ""RETURN"": 3}"
559	0.33.507	2	0x135acd1	0x135b062	913	10002_data03.o	19999	20015	81	17	0	6	1	0	"[[""tgr_cha"", 11], [""objGetAttr"", 9], [""Cha_InventoryTakeItem"", 9], [""tgr_RemoveItemFromCha"", 1], [""tgr_getNewItem"", 1]]"	[]	"{""LOADK"": 6, ""EQ"": 11, ""JMP"": 12, ""GETGLOBAL"": 31, ""GETTABLE"": 9, ""CALL"": 11, ""RETURN"": 1}"
560	0.33.508	2	0x135b062	0x135b0a2	64	10002_data03.o	20029	20031	3	0	0	2	0	0	[]	[]	"{""LOADBOOL"": 1, ""RETURN"": 2}"
561	0.33.509	2	0x135b0a2	0x135b45c	954	10002_data03.o	20033	20050	85	18	0	6	1	0	"[[""tgr_cha"", 12], [""objGetAttr"", 9], [""Cha_InventoryTakeItem"", 9], [""tgr_RemoveItemFromCha"", 2], [""tgr_getNewItem"", 1]]"	[]	"{""LOADK"": 7, ""EQ"": 11, ""JMP"": 12, ""GETGLOBAL"": 33, ""GETTABLE"": 9, ""CALL"": 12, ""RETURN"": 1}"
562	0.33.510	2	0x135b45c	0x135b584	296	10002_data03.o	20064	20072	20	8	0	3	0	0	"[[""tgr_KEobj"", 2], [""CheckSkillExist"", 1], [""objGetSubType"", 1]]"	[]	"{""GETGLOBAL"": 4, ""GETTABLE"": 2, ""LOADK"": 1, ""CALL"": 2, ""EQ"": 2, ""JMP"": 2, ""LOADBOOL"": 3, ""RETURN"": 4}"
563	0.33.511	2	0x135b584	0x135bc32	1710	10002_data03.o	20074	20179	161	23	0	12	8	0	"[[""tgr_KEobj"", 12], [""TriggerCheckSkillLV"", 4], [""GetRandomNumber"", 4], [""TriggerAddUnitAttr"", 4], [""TriggerPopupText"", 4]]"	[]	"{""LOADK"": 56, ""EQ"": 12, ""JMP"": 28, ""GETGLOBAL"": 28, ""GETTABLE"": 12, ""CALL"": 16, ""TEST"": 4, ""LE"": 4, ""RETURN"": 1}"
564	0.33.512	2	0x135bc32	0x135bc72	64	10002_data03.o	20193	20195	3	0	0	2	0	0	[]	[]	"{""LOADBOOL"": 1, ""RETURN"": 2}"
565	0.33.513	2	0x135bc72	0x135c221	1455	10002_data03.o	20197	20262	109	22	0	13	12	0	"[[""_template_data_0001"", 27], [""TriggerGetPolarCoordinates"", 2], [""TriggerAddEffectAtPara"", 2], [""TriggerGetUnitPosition"", 1], [""tgr_CSobj"", 1]]"	[]	"{""GETGLOBAL"": 33, ""GETTABLE"": 17, ""CALL"": 5, ""SETTABLE"": 11, ""LOADK"": 18, ""LE"": 2, ""JMP"": 4, ""MUL"": 8, ""ADD"": 10, ""RETURN"": 1}"
566	0.33.514	2	0x135c221	0x135c2d2	177	10002_data03.o	20276	20281	11	3	0	3	0	0	"[[""TriggerCheckChatypeID"", 1], [""tgr_cha"", 1]]"	[]	"{""GETGLOBAL"": 2, ""LOADK"": 1, ""CALL"": 1, ""TEST"": 1, ""JMP"": 1, ""LOADBOOL"": 2, ""RETURN"": 3}"
567	0.33.515	2	0x135c2d2	0x135c65b	905	10002_data03.o	20283	20332	81	14	0	9	4	0	"[[""tgr_cha"", 8], [""TriggerCheckSkillLV"", 4], [""TriggerAddUnitAttr"", 4]]"	[]	"{""LOADK"": 28, ""EQ"": 8, ""JMP"": 16, ""GETGLOBAL"": 16, ""CALL"": 8, ""TEST"": 4, ""RETURN"": 1}"
568	0.33.516	2	0x135c65b	0x135c79e	323	10002_data03.o	20346	20354	21	8	0	3	0	0	"[[""tgr_NormalAtkObj"", 2], [""CheckSkillExist"", 1], [""objGetAttr"", 1], [""CREAT_SUMMERUNIT"", 1]]"	[]	"{""GETGLOBAL"": 5, ""GETTABLE"": 2, ""LOADK"": 1, ""CALL"": 2, ""EQ"": 2, ""JMP"": 2, ""LOADBOOL"": 3, ""RETURN"": 4}"
569	0.33.517	2	0x135c79e	0x135d721	3971	10002_data03.o	20356	20584	376	30	0	21	30	0	"[[""_template_data_0001"", 40], [""tgr_NormalAtkObj"", 18], [""TriggerCheckSkillLV"", 4], [""TriggerAddEffect"", 4], [""TriggerDoAreaDamage"", 4], [""TriggerDeleteEffect"", 4], [""TriggerGetUnitPosition"", 1], [""TriggerGetPropertyValue"", 1]]"	[]	"{""GETGLOBAL"": 76, ""GETTABLE"": 47, ""CALL"": 18, ""SETTABLE"": 11, ""LOADK"": 95, ""MUL"": 18, ""ADD"": 18, ""EQ"": 32, ""JMP"": 48, ""TEST"": 4, ""NEWTABLE"": 4, ""SETLIST"": 4, ""RETURN"": 1}"
570	0.33.518	2	0x135d721	0x135d7e3	194	10002_data03.o	20598	20603	12	4	0	3	0	0	"[[""TriggerCheckChatypeID"", 1], [""tgr_CSobj"", 1]]"	[]	"{""GETGLOBAL"": 2, ""LOADK"": 1, ""GETTABLE"": 1, ""CALL"": 1, ""TEST"": 1, ""JMP"": 1, ""LOADBOOL"": 2, ""RETURN"": 3}"
571	0.33.519	2	0x135d7e3	0x135d8a6	195	10002_data03.o	20605	20609	10	6	0	6	0	0	"[[""tgr_CSobj"", 2], [""TriggerAddSkillState"", 1]]"	[]	"{""GETGLOBAL"": 3, ""GETTABLE"": 2, ""LOADK"": 3, ""CALL"": 1, ""RETURN"": 1}"
572	0.33.520	2	0x135d8a6	0x135dbcb	805	10002_data03.o	20623	20631	75	14	0	3	0	0	"[[""tgr_cha"", 10], [""objGetAttr"", 9], [""Cha_InventoryTakeItem"", 9], [""objGetSubType"", 1]]"	[]	"{""GETGLOBAL"": 29, ""GETTABLE"": 9, ""CALL"": 10, ""EQ"": 10, ""JMP"": 10, ""LOADBOOL"": 3, ""RETURN"": 4}"
573	0.33.521	2	0x135dbcb	0x135dea1	726	10002_data03.o	20633	20655	41	18	0	9	2	0	"[[""tgr_cha"", 5], [""tgr_RemoveItemFromCha"", 2], [""_template_data_0001"", 2], [""tgr_getNewItem"", 1], [""TriggerShowHint"", 1], [""TriggerAddEffectAndTimes"", 1]]"	[]	"{""GETGLOBAL"": 12, ""LOADK"": 17, ""CALL"": 5, ""GETTABLE"": 1, ""MUL"": 2, ""ADD"": 2, ""SETTABLE"": 1, ""RETURN"": 1}"
574	0.33.522	2	0x135dea1	0x135e1c6	805	10002_data03.o	20669	20677	75	14	0	3	0	0	"[[""tgr_cha"", 10], [""objGetAttr"", 9], [""Cha_InventoryTakeItem"", 9], [""objGetSubType"", 1]]"	[]	"{""GETGLOBAL"": 29, ""GETTABLE"": 9, ""CALL"": 10, ""EQ"": 10, ""JMP"": 10, ""LOADBOOL"": 3, ""RETURN"": 4}"
575	0.33.523	2	0x135e1c6	0x135e3f9	563	10002_data03.o	20679	20694	31	15	0	9	0	0	"[[""tgr_cha"", 5], [""tgr_RemoveItemFromCha"", 2], [""tgr_getNewItem"", 1], [""TriggerShowHint"", 1], [""TriggerAddEffectAndTimes"", 1]]"	[]	"{""GETGLOBAL"": 10, ""LOADK"": 15, ""CALL"": 5, ""RETURN"": 1}"
576	0.33.524	2	0x135e3f9	0x135e49a	161	10002_data03.o	20708	20713	10	3	0	2	0	0	"[[""objGetSubType"", 1], [""tgr_cha"", 1]]"	[]	"{""GETGLOBAL"": 2, ""CALL"": 1, ""EQ"": 1, ""JMP"": 1, ""LOADBOOL"": 2, ""RETURN"": 3}"
577	0.33.525	2	0x135e49a	0x135e57c	226	10002_data03.o	20715	20722	11	7	0	5	0	0	"[[""tgr_cha"", 2], [""tgr_RemoveItemFromCha"", 1], [""Replace_ChaSkill"", 1]]"	[]	"{""GETGLOBAL"": 4, ""LOADK"": 4, ""CALL"": 2, ""RETURN"": 1}"
578	0.33.526	2	0x135e57c	0x135e61d	161	10002_data03.o	20736	20741	10	3	0	2	0	0	"[[""objGetSubType"", 1], [""tgr_cha"", 1]]"	[]	"{""GETGLOBAL"": 2, ""CALL"": 1, ""EQ"": 1, ""JMP"": 1, ""LOADBOOL"": 2, ""RETURN"": 3}"
579	0.33.527	2	0x135e61d	0x135e6ff	226	10002_data03.o	20743	20750	11	7	0	5	0	0	"[[""tgr_cha"", 2], [""tgr_RemoveItemFromCha"", 1], [""Replace_ChaSkill"", 1]]"	[]	"{""GETGLOBAL"": 4, ""LOADK"": 4, ""CALL"": 2, ""RETURN"": 1}"
580	0.33.528	2	0x135e6ff	0x135e73f	64	10002_data03.o	20764	20766	3	0	0	2	0	0	[]	[]	"{""LOADBOOL"": 1, ""RETURN"": 2}"
581	0.33.529	2	0x135e73f	0x135ea95	854	10002_data03.o	20768	20802	56	17	0	11	6	0	"[[""_template_data_0001"", 13], [""TriggerGetUnitPosition"", 1], [""tgr_CSobj"", 1], [""TriggerGetPolarCoordinates"", 1], [""TriggerAddEffectAtPara"", 1]]"	[]	"{""GETGLOBAL"": 17, ""GETTABLE"": 8, ""CALL"": 3, ""SETTABLE"": 6, ""LOADK"": 9, ""LE"": 1, ""JMP"": 2, ""MUL"": 4, ""ADD"": 5, ""RETURN"": 1}"
582	0.33.530	2	0x135ea95	0x135eb4e	185	10002_data03.o	20816	20821	11	4	0	2	0	0	"[[""objGetSubType"", 1], [""tgr_NormalAtkObj"", 1]]"	[]	"{""GETGLOBAL"": 2, ""GETTABLE"": 1, ""CALL"": 1, ""EQ"": 1, ""JMP"": 1, ""LOADBOOL"": 2, ""RETURN"": 3}"
583	0.33.531	2	0x135eb4e	0x1360c09	8379	10002_data03.o	20823	21029	954	45	0	18	13	0	"[[""tgr_NormalAtkObj"", 100], [""objGetAttr"", 72], [""Cha_InventoryTakeItem"", 72], [""_template_data_0001"", 42], [""TriggerGetUnitPosition"", 10], [""TriggerDoAreaDamage"", 10], [""CheckSkillExist"", 6], [""TriggerGetPropertyValue"", 2], [""GetInt"", 2]]"	[]	"{""LOADK"": 78, ""EQ"": 104, ""JMP"": 117, ""GETGLOBAL"": 316, ""GETTABLE"": 202, ""CALL"": 102, ""SETTABLE"": 12, ""NEWTABLE"": 10, ""SETLIST"": 10, ""MUL"": 2, ""RETURN"": 1}"
584	0.33.532	2	0x1360c09	0x1360cbd	180	10002_data03.o	21043	21048	11	4	0	3	0	0	"[[""CheckSkillExist"", 1], [""tgr_cha"", 1]]"	[]	"{""GETGLOBAL"": 2, ""LOADK"": 1, ""CALL"": 1, ""EQ"": 1, ""JMP"": 1, ""LOADBOOL"": 2, ""RETURN"": 3}"
585	0.33.533	2	0x1360cbd	0x1361096	985	10002_data03.o	21050	21119	89	15	0	8	4	0	"[[""tgr_cha"", 8], [""TriggerCheckSkillLV"", 4], [""GetRandomNumber"", 4], [""Skill_Refresh"", 4]]"	[]	"{""LOADK"": 20, ""EQ"": 8, ""JMP"": 20, ""GETGLOBAL"": 20, ""CALL"": 12, ""TEST"": 4, ""LE"": 4, ""RETURN"": 1}"
586	0.33.534	2	0x1361096	0x136114a	180	10002_data03.o	21133	21138	11	4	0	3	0	0	"[[""CheckSkillExist"", 1], [""tgr_cha"", 1]]"	[]	"{""GETGLOBAL"": 2, ""LOADK"": 1, ""CALL"": 1, ""EQ"": 1, ""JMP"": 1, ""LOADBOOL"": 2, ""RETURN"": 3}"
587	0.33.535	2	0x136114a	0x1361523	985	10002_data03.o	21140	21209	89	15	0	8	4	0	"[[""tgr_cha"", 8], [""TriggerCheckSkillLV"", 4], [""GetRandomNumber"", 4], [""Skill_Refresh"", 4]]"	[]	"{""LOADK"": 20, ""EQ"": 8, ""JMP"": 20, ""GETGLOBAL"": 20, ""CALL"": 12, ""TEST"": 4, ""LE"": 4, ""RETURN"": 1}"
588	0.33.536	2	0x1361523	0x13615d7	180	10002_data03.o	21223	21228	11	4	0	3	0	0	"[[""CheckSkillExist"", 1], [""tgr_cha"", 1]]"	[]	"{""GETGLOBAL"": 2, ""LOADK"": 1, ""CALL"": 1, ""EQ"": 1, ""JMP"": 1, ""LOADBOOL"": 2, ""RETURN"": 3}"
589	0.33.537	2	0x13615d7	0x13619b0	985	10002_data03.o	21230	21299	89	15	0	8	4	0	"[[""tgr_cha"", 8], [""TriggerCheckSkillLV"", 4], [""GetRandomNumber"", 4], [""Skill_Refresh"", 4]]"	[]	"{""LOADK"": 20, ""EQ"": 8, ""JMP"": 20, ""GETGLOBAL"": 20, ""CALL"": 12, ""TEST"": 4, ""LE"": 4, ""RETURN"": 1}"
590	0.33.538	2	0x13619b0	0x1361a75	197	10002_data03.o	21313	21318	12	5	0	3	0	0	"[[""CheckSkillExist"", 1], [""tgr_KEobj"", 1]]"	[]	"{""GETGLOBAL"": 2, ""GETTABLE"": 1, ""LOADK"": 1, ""CALL"": 1, ""EQ"": 1, ""JMP"": 1, ""LOADBOOL"": 2, ""RETURN"": 3}"
591	0.33.539	2	0x1361a75	0x136237e	2313	10002_data03.o	21320	21433	221	22	0	17	12	0	"[[""_template_data_0001"", 28], [""tgr_KEobj"", 16], [""TriggerCheckSkillLV"", 4], [""TriggerGetPropertyValue"", 4], [""TriggerGetUnitPosition"", 4], [""TriggerDoAreaDamage"", 4]]"	[]	"{""LOADK"": 48, ""EQ"": 8, ""JMP"": 16, ""GETGLOBAL"": 60, ""GETTABLE"": 32, ""CALL"": 16, ""TEST"": 4, ""SETTABLE"": 12, ""MUL"": 8, ""ADD"": 8, ""NEWTABLE"": 4, ""SETLIST"": 4, ""RETURN"": 1}"
592	0.33.540	2	0x136237e	0x13624d9	347	10002_data03.o	21447	21455	23	9	0	3	0	0	"[[""tgr_CSobj"", 2], [""TriggerCheckChatypeID"", 1], [""CONTROL_PLAYER"", 1], [""objGetControl"", 1]]"	[]	"{""GETGLOBAL"": 5, ""LOADK"": 1, ""GETTABLE"": 4, ""CALL"": 2, ""TEST"": 1, ""JMP"": 2, ""LOADBOOL"": 3, ""RETURN"": 4, ""EQ"": 1}"
593	0.33.541	2	0x13624d9	0x13625f0	279	10002_data03.o	21457	21466	15	8	0	5	0	0	"[[""_template_data_0001"", 2], [""tgr_CSobj"", 2], [""TriggerGetUnitPosition"", 1], [""TriggerSetPos"", 1]]"	[]	"{""GETGLOBAL"": 6, ""GETTABLE"": 3, ""CALL"": 2, ""SETTABLE"": 1, ""LOADK"": 2, ""RETURN"": 1}"
594	0.33.542	2	0x13625f0	0x1362630	64	10002_data03.o	21480	21482	3	0	0	2	0	0	[]	[]	"{""LOADBOOL"": 1, ""RETURN"": 2}"
595	0.33.543	2	0x1362630	0x1362afc	1228	10002_data03.o	21484	21500	112	25	0	6	1	0	"[[""tgr_cha"", 17], [""TriggerCheckChatypeID"", 15], [""TriggerAddUnitAttr"", 2], [""_template_data_0001"", 2]]"	[]	"{""LOADK"": 21, ""EQ"": 2, ""JMP"": 18, ""GETGLOBAL"": 36, ""CALL"": 17, ""TEST"": 15, ""GETTABLE"": 2, ""RETURN"": 1}"
596	0.33.544	2	0x1362afc	0x1362b9d	161	10002_data03.o	21514	21519	10	3	0	2	0	0	"[[""objGetSubType"", 1], [""tgr_cha"", 1]]"	[]	"{""GETGLOBAL"": 2, ""CALL"": 1, ""EQ"": 1, ""JMP"": 1, ""LOADBOOL"": 2, ""RETURN"": 3}"
597	0.33.545	2	0x1362b9d	0x1364295	5880	10002_data03.o	21521	21843	628	61	0	14	5	0	"[[""tgr_cha"", 40], [""GetRandomNumber"", 33], [""tgr_getNewItem"", 33], [""_template_data_0001"", 8], [""TriggerGetAttrFromUnit"", 2], [""TriggerAddUnitAttr"", 2], [""GetInt"", 2], [""TriggerShowHint"", 2], [""tgr_RemoveItemFromCha"", 1], [""Game_End"", 1]]"	[]	"{""GETGLOBAL"": 124, ""LOADK"": 164, ""CALL"": 76, ""SETTABLE"": 3, ""EQ"": 5, ""JMP"": 109, ""GETTABLE"": 5, ""LE"": 35, ""LT"": 34, ""MOVE"": 33, ""SUB"": 33, ""MUL"": 3, ""ADD"": 3, ""RETURN"": 1}"
598	0.33.546	2	0x1364295	0x1364770	1243	10002_data03.o	21857	21862	131	14	0	3	0	0	"[[""objGetAttr"", 18], [""tgr_cha"", 18], [""Cha_InventoryTakeItem"", 18]]"	[]	"{""GETGLOBAL"": 54, ""GETTABLE"": 18, ""CALL"": 18, ""EQ"": 18, ""JMP"": 18, ""LOADBOOL"": 2, ""RETURN"": 3}"
599	0.33.547	2	0x1364770	0x1364936	454	10002_data03.o	21864	21876	29	13	0	9	0	0	"[[""tgr_cha"", 5], [""tgr_RemoveItemFromCha"", 3], [""tgr_getNewItem"", 1], [""TriggerShowHint"", 1]]"	[]	"{""GETGLOBAL"": 10, ""LOADK"": 13, ""CALL"": 5, ""RETURN"": 1}"
600	0.33.548	2	0x1364936	0x1364e11	1243	10002_data03.o	21890	21895	131	14	0	3	0	0	"[[""objGetAttr"", 18], [""tgr_cha"", 18], [""Cha_InventoryTakeItem"", 18]]"	[]	"{""GETGLOBAL"": 54, ""GETTABLE"": 18, ""CALL"": 18, ""EQ"": 18, ""JMP"": 18, ""LOADBOOL"": 2, ""RETURN"": 3}"
601	0.33.549	2	0x1364e11	0x1364fd7	454	10002_data03.o	21897	21909	29	13	0	9	0	0	"[[""tgr_cha"", 5], [""tgr_RemoveItemFromCha"", 3], [""tgr_getNewItem"", 1], [""TriggerShowHint"", 1]]"	[]	"{""GETGLOBAL"": 10, ""LOADK"": 13, ""CALL"": 5, ""RETURN"": 1}"
602	0.33.550	2	0x1364fd7	0x13654b2	1243	10002_data03.o	21923	21928	131	14	0	3	0	0	"[[""objGetAttr"", 18], [""tgr_cha"", 18], [""Cha_InventoryTakeItem"", 18]]"	[]	"{""GETGLOBAL"": 54, ""GETTABLE"": 18, ""CALL"": 18, ""EQ"": 18, ""JMP"": 18, ""LOADBOOL"": 2, ""RETURN"": 3}"
603	0.33.551	2	0x13654b2	0x1365678	454	10002_data03.o	21930	21942	29	13	0	9	0	0	"[[""tgr_cha"", 5], [""tgr_RemoveItemFromCha"", 3], [""tgr_getNewItem"", 1], [""TriggerShowHint"", 1]]"	[]	"{""GETGLOBAL"": 10, ""LOADK"": 13, ""CALL"": 5, ""RETURN"": 1}"
604	0.33.552	2	0x1365678	0x1365b53	1243	10002_data03.o	21956	21961	131	14	0	3	0	0	"[[""objGetAttr"", 18], [""tgr_cha"", 18], [""Cha_InventoryTakeItem"", 18]]"	[]	"{""GETGLOBAL"": 54, ""GETTABLE"": 18, ""CALL"": 18, ""EQ"": 18, ""JMP"": 18, ""LOADBOOL"": 2, ""RETURN"": 3}"
605	0.33.553	2	0x1365b53	0x1365d19	454	10002_data03.o	21963	21975	29	13	0	9	0	0	"[[""tgr_cha"", 5], [""tgr_RemoveItemFromCha"", 3], [""tgr_getNewItem"", 1], [""TriggerShowHint"", 1]]"	[]	"{""GETGLOBAL"": 10, ""LOADK"": 13, ""CALL"": 5, ""RETURN"": 1}"
606	0.33.554	2	0x1365d19	0x13661f4	1243	10002_data03.o	21989	21994	131	14	0	3	0	0	"[[""objGetAttr"", 18], [""tgr_cha"", 18], [""Cha_InventoryTakeItem"", 18]]"	[]	"{""GETGLOBAL"": 54, ""GETTABLE"": 18, ""CALL"": 18, ""EQ"": 18, ""JMP"": 18, ""LOADBOOL"": 2, ""RETURN"": 3}"
607	0.33.555	2	0x13661f4	0x13663ba	454	10002_data03.o	21996	22008	29	13	0	9	0	0	"[[""tgr_cha"", 5], [""tgr_RemoveItemFromCha"", 3], [""tgr_getNewItem"", 1], [""TriggerShowHint"", 1]]"	[]	"{""GETGLOBAL"": 10, ""LOADK"": 13, ""CALL"": 5, ""RETURN"": 1}"
608	0.33.556	2	0x13663ba	0x1366895	1243	10002_data03.o	22022	22027	131	14	0	3	0	0	"[[""objGetAttr"", 18], [""tgr_cha"", 18], [""Cha_InventoryTakeItem"", 18]]"	[]	"{""GETGLOBAL"": 54, ""GETTABLE"": 18, ""CALL"": 18, ""EQ"": 18, ""JMP"": 18, ""LOADBOOL"": 2, ""RETURN"": 3}"
609	0.33.557	2	0x1366895	0x1366a5b	454	10002_data03.o	22029	22041	29	13	0	9	0	0	"[[""tgr_cha"", 5], [""tgr_RemoveItemFromCha"", 3], [""tgr_getNewItem"", 1], [""TriggerShowHint"", 1]]"	[]	"{""GETGLOBAL"": 10, ""LOADK"": 13, ""CALL"": 5, ""RETURN"": 1}"
610	0.33.558	2	0x1366a5b	0x1366f36	1243	10002_data03.o	22055	22060	131	14	0	3	0	0	"[[""objGetAttr"", 18], [""tgr_cha"", 18], [""Cha_InventoryTakeItem"", 18]]"	[]	"{""GETGLOBAL"": 54, ""GETTABLE"": 18, ""CALL"": 18, ""EQ"": 18, ""JMP"": 18, ""LOADBOOL"": 2, ""RETURN"": 3}"
611	0.33.559	2	0x1366f36	0x13670fc	454	10002_data03.o	22062	22074	29	13	0	9	0	0	"[[""tgr_cha"", 5], [""tgr_RemoveItemFromCha"", 3], [""tgr_getNewItem"", 1], [""TriggerShowHint"", 1]]"	[]	"{""GETGLOBAL"": 10, ""LOADK"": 13, ""CALL"": 5, ""RETURN"": 1}"
612	0.33.560	2	0x13670fc	0x13675d7	1243	10002_data03.o	22088	22093	131	14	0	3	0	0	"[[""objGetAttr"", 18], [""tgr_cha"", 18], [""Cha_InventoryTakeItem"", 18]]"	[]	"{""GETGLOBAL"": 54, ""GETTABLE"": 18, ""CALL"": 18, ""EQ"": 18, ""JMP"": 18, ""LOADBOOL"": 2, ""RETURN"": 3}"
613	0.33.561	2	0x13675d7	0x136779d	454	10002_data03.o	22095	22107	29	13	0	9	0	0	"[[""tgr_cha"", 5], [""tgr_RemoveItemFromCha"", 3], [""tgr_getNewItem"", 1], [""TriggerShowHint"", 1]]"	[]	"{""GETGLOBAL"": 10, ""LOADK"": 13, ""CALL"": 5, ""RETURN"": 1}"
614	0.33.562	2	0x136779d	0x1367c78	1243	10002_data03.o	22121	22126	131	14	0	3	0	0	"[[""objGetAttr"", 18], [""tgr_cha"", 18], [""Cha_InventoryTakeItem"", 18]]"	[]	"{""GETGLOBAL"": 54, ""GETTABLE"": 18, ""CALL"": 18, ""EQ"": 18, ""JMP"": 18, ""LOADBOOL"": 2, ""RETURN"": 3}"
615	0.33.563	2	0x1367c78	0x1367e3e	454	10002_data03.o	22128	22140	29	13	0	9	0	0	"[[""tgr_cha"", 5], [""tgr_RemoveItemFromCha"", 3], [""tgr_getNewItem"", 1], [""TriggerShowHint"", 1]]"	[]	"{""GETGLOBAL"": 10, ""LOADK"": 13, ""CALL"": 5, ""RETURN"": 1}"
616	0.33.564	2	0x1367e3e	0x1368319	1243	10002_data03.o	22154	22159	131	14	0	3	0	0	"[[""objGetAttr"", 18], [""tgr_cha"", 18], [""Cha_InventoryTakeItem"", 18]]"	[]	"{""GETGLOBAL"": 54, ""GETTABLE"": 18, ""CALL"": 18, ""EQ"": 18, ""JMP"": 18, ""LOADBOOL"": 2, ""RETURN"": 3}"
617	0.33.565	2	0x1368319	0x13684df	454	10002_data03.o	22161	22173	29	13	0	9	0	0	"[[""tgr_cha"", 5], [""tgr_RemoveItemFromCha"", 3], [""tgr_getNewItem"", 1], [""TriggerShowHint"", 1]]"	[]	"{""GETGLOBAL"": 10, ""LOADK"": 13, ""CALL"": 5, ""RETURN"": 1}"
618	0.33.566	2	0x13684df	0x13689ba	1243	10002_data03.o	22187	22192	131	14	0	3	0	0	"[[""objGetAttr"", 18], [""tgr_cha"", 18], [""Cha_InventoryTakeItem"", 18]]"	[]	"{""GETGLOBAL"": 54, ""GETTABLE"": 18, ""CALL"": 18, ""EQ"": 18, ""JMP"": 18, ""LOADBOOL"": 2, ""RETURN"": 3}"
619	0.33.567	2	0x13689ba	0x1368b80	454	10002_data03.o	22194	22206	29	13	0	9	0	0	"[[""tgr_cha"", 5], [""tgr_RemoveItemFromCha"", 3], [""tgr_getNewItem"", 1], [""TriggerShowHint"", 1]]"	[]	"{""GETGLOBAL"": 10, ""LOADK"": 13, ""CALL"": 5, ""RETURN"": 1}"
620	0.33.568	2	0x1368b80	0x136905b	1243	10002_data03.o	22220	22225	131	14	0	3	0	0	"[[""objGetAttr"", 18], [""tgr_cha"", 18], [""Cha_InventoryTakeItem"", 18]]"	[]	"{""GETGLOBAL"": 54, ""GETTABLE"": 18, ""CALL"": 18, ""EQ"": 18, ""JMP"": 18, ""LOADBOOL"": 2, ""RETURN"": 3}"
621	0.33.569	2	0x136905b	0x1369221	454	10002_data03.o	22227	22239	29	13	0	9	0	0	"[[""tgr_cha"", 5], [""tgr_RemoveItemFromCha"", 3], [""tgr_getNewItem"", 1], [""TriggerShowHint"", 1]]"	[]	"{""GETGLOBAL"": 10, ""LOADK"": 13, ""CALL"": 5, ""RETURN"": 1}"
622	0.33.570	2	0x1369221	0x13696fc	1243	10002_data03.o	22253	22258	131	14	0	3	0	0	"[[""objGetAttr"", 18], [""tgr_cha"", 18], [""Cha_InventoryTakeItem"", 18]]"	[]	"{""GETGLOBAL"": 54, ""GETTABLE"": 18, ""CALL"": 18, ""EQ"": 18, ""JMP"": 18, ""LOADBOOL"": 2, ""RETURN"": 3}"
623	0.33.571	2	0x13696fc	0x13698c2	454	10002_data03.o	22260	22272	29	13	0	9	0	0	"[[""tgr_cha"", 5], [""tgr_RemoveItemFromCha"", 3], [""tgr_getNewItem"", 1], [""TriggerShowHint"", 1]]"	[]	"{""GETGLOBAL"": 10, ""LOADK"": 13, ""CALL"": 5, ""RETURN"": 1}"
624	0.33.572	2	0x13698c2	0x1369d9d	1243	10002_data03.o	22286	22291	131	14	0	3	0	0	"[[""objGetAttr"", 18], [""tgr_cha"", 18], [""Cha_InventoryTakeItem"", 18]]"	[]	"{""GETGLOBAL"": 54, ""GETTABLE"": 18, ""CALL"": 18, ""EQ"": 18, ""JMP"": 18, ""LOADBOOL"": 2, ""RETURN"": 3}"
625	0.33.573	2	0x1369d9d	0x1369f63	454	10002_data03.o	22293	22305	29	13	0	9	0	0	"[[""tgr_cha"", 5], [""tgr_RemoveItemFromCha"", 3], [""tgr_getNewItem"", 1], [""TriggerShowHint"", 1]]"	[]	"{""GETGLOBAL"": 10, ""LOADK"": 13, ""CALL"": 5, ""RETURN"": 1}"
626	0.33.574	2	0x1369f63	0x136a43e	1243	10002_data03.o	22319	22324	131	14	0	3	0	0	"[[""objGetAttr"", 18], [""tgr_cha"", 18], [""Cha_InventoryTakeItem"", 18]]"	[]	"{""GETGLOBAL"": 54, ""GETTABLE"": 18, ""CALL"": 18, ""EQ"": 18, ""JMP"": 18, ""LOADBOOL"": 2, ""RETURN"": 3}"
627	0.33.575	2	0x136a43e	0x136a604	454	10002_data03.o	22326	22338	29	13	0	9	0	0	"[[""tgr_cha"", 5], [""tgr_RemoveItemFromCha"", 3], [""tgr_getNewItem"", 1], [""TriggerShowHint"", 1]]"	[]	"{""GETGLOBAL"": 10, ""LOADK"": 13, ""CALL"": 5, ""RETURN"": 1}"
628	0.33.576	2	0x136a604	0x136aadf	1243	10002_data03.o	22352	22357	131	14	0	3	0	0	"[[""objGetAttr"", 18], [""tgr_cha"", 18], [""Cha_InventoryTakeItem"", 18]]"	[]	"{""GETGLOBAL"": 54, ""GETTABLE"": 18, ""CALL"": 18, ""EQ"": 18, ""JMP"": 18, ""LOADBOOL"": 2, ""RETURN"": 3}"
629	0.33.577	2	0x136aadf	0x136aca5	454	10002_data03.o	22359	22371	29	13	0	9	0	0	"[[""tgr_cha"", 5], [""tgr_RemoveItemFromCha"", 3], [""tgr_getNewItem"", 1], [""TriggerShowHint"", 1]]"	[]	"{""GETGLOBAL"": 10, ""LOADK"": 13, ""CALL"": 5, ""RETURN"": 1}"
630	0.33.578	2	0x136aca5	0x136b180	1243	10002_data03.o	22385	22390	131	14	0	3	0	0	"[[""objGetAttr"", 18], [""tgr_cha"", 18], [""Cha_InventoryTakeItem"", 18]]"	[]	"{""GETGLOBAL"": 54, ""GETTABLE"": 18, ""CALL"": 18, ""EQ"": 18, ""JMP"": 18, ""LOADBOOL"": 2, ""RETURN"": 3}"
631	0.33.579	2	0x136b180	0x136b346	454	10002_data03.o	22392	22404	29	13	0	9	0	0	"[[""tgr_cha"", 5], [""tgr_RemoveItemFromCha"", 3], [""tgr_getNewItem"", 1], [""TriggerShowHint"", 1]]"	[]	"{""GETGLOBAL"": 10, ""LOADK"": 13, ""CALL"": 5, ""RETURN"": 1}"
632	0.33.580	2	0x136b346	0x136b821	1243	10002_data03.o	22418	22423	131	14	0	3	0	0	"[[""objGetAttr"", 18], [""tgr_cha"", 18], [""Cha_InventoryTakeItem"", 18]]"	[]	"{""GETGLOBAL"": 54, ""GETTABLE"": 18, ""CALL"": 18, ""EQ"": 18, ""JMP"": 18, ""LOADBOOL"": 2, ""RETURN"": 3}"
633	0.33.581	2	0x136b821	0x136b9e7	454	10002_data03.o	22425	22437	29	13	0	9	0	0	"[[""tgr_cha"", 5], [""tgr_RemoveItemFromCha"", 3], [""tgr_getNewItem"", 1], [""TriggerShowHint"", 1]]"	[]	"{""GETGLOBAL"": 10, ""LOADK"": 13, ""CALL"": 5, ""RETURN"": 1}"
634	0.33.582	2	0x136b9e7	0x136bec2	1243	10002_data03.o	22451	22456	131	14	0	3	0	0	"[[""objGetAttr"", 18], [""tgr_cha"", 18], [""Cha_InventoryTakeItem"", 18]]"	[]	"{""GETGLOBAL"": 54, ""GETTABLE"": 18, ""CALL"": 18, ""EQ"": 18, ""JMP"": 18, ""LOADBOOL"": 2, ""RETURN"": 3}"
635	0.33.583	2	0x136bec2	0x136c088	454	10002_data03.o	22458	22470	29	13	0	9	0	0	"[[""tgr_cha"", 5], [""tgr_RemoveItemFromCha"", 3], [""tgr_getNewItem"", 1], [""TriggerShowHint"", 1]]"	[]	"{""GETGLOBAL"": 10, ""LOADK"": 13, ""CALL"": 5, ""RETURN"": 1}"
636	0.33.584	2	0x136c088	0x136c563	1243	10002_data03.o	22484	22489	131	14	0	3	0	0	"[[""objGetAttr"", 18], [""tgr_cha"", 18], [""Cha_InventoryTakeItem"", 18]]"	[]	"{""GETGLOBAL"": 54, ""GETTABLE"": 18, ""CALL"": 18, ""EQ"": 18, ""JMP"": 18, ""LOADBOOL"": 2, ""RETURN"": 3}"
637	0.33.585	2	0x136c563	0x136c729	454	10002_data03.o	22491	22503	29	13	0	9	0	0	"[[""tgr_cha"", 5], [""tgr_RemoveItemFromCha"", 3], [""tgr_getNewItem"", 1], [""TriggerShowHint"", 1]]"	[]	"{""GETGLOBAL"": 10, ""LOADK"": 13, ""CALL"": 5, ""RETURN"": 1}"
638	0.33.586	2	0x136c729	0x136cc04	1243	10002_data03.o	22517	22522	131	14	0	3	0	0	"[[""objGetAttr"", 18], [""tgr_cha"", 18], [""Cha_InventoryTakeItem"", 18]]"	[]	"{""GETGLOBAL"": 54, ""GETTABLE"": 18, ""CALL"": 18, ""EQ"": 18, ""JMP"": 18, ""LOADBOOL"": 2, ""RETURN"": 3}"
639	0.33.587	2	0x136cc04	0x136cdca	454	10002_data03.o	22524	22536	29	13	0	9	0	0	"[[""tgr_cha"", 5], [""tgr_RemoveItemFromCha"", 3], [""tgr_getNewItem"", 1], [""TriggerShowHint"", 1]]"	[]	"{""GETGLOBAL"": 10, ""LOADK"": 13, ""CALL"": 5, ""RETURN"": 1}"
640	0.33.588	2	0x136cdca	0x136d2a5	1243	10002_data03.o	22550	22555	131	14	0	3	0	0	"[[""objGetAttr"", 18], [""tgr_cha"", 18], [""Cha_InventoryTakeItem"", 18]]"	[]	"{""GETGLOBAL"": 54, ""GETTABLE"": 18, ""CALL"": 18, ""EQ"": 18, ""JMP"": 18, ""LOADBOOL"": 2, ""RETURN"": 3}"
641	0.33.589	2	0x136d2a5	0x136d46b	454	10002_data03.o	22557	22569	29	13	0	9	0	0	"[[""tgr_cha"", 5], [""tgr_RemoveItemFromCha"", 3], [""tgr_getNewItem"", 1], [""TriggerShowHint"", 1]]"	[]	"{""GETGLOBAL"": 10, ""LOADK"": 13, ""CALL"": 5, ""RETURN"": 1}"
642	0.33.590	2	0x136d46b	0x136d946	1243	10002_data03.o	22583	22588	131	14	0	3	0	0	"[[""objGetAttr"", 18], [""tgr_cha"", 18], [""Cha_InventoryTakeItem"", 18]]"	[]	"{""GETGLOBAL"": 54, ""GETTABLE"": 18, ""CALL"": 18, ""EQ"": 18, ""JMP"": 18, ""LOADBOOL"": 2, ""RETURN"": 3}"
643	0.33.591	2	0x136d946	0x136db0c	454	10002_data03.o	22590	22602	29	13	0	9	0	0	"[[""tgr_cha"", 5], [""tgr_RemoveItemFromCha"", 3], [""tgr_getNewItem"", 1], [""TriggerShowHint"", 1]]"	[]	"{""GETGLOBAL"": 10, ""LOADK"": 13, ""CALL"": 5, ""RETURN"": 1}"
644	0.33.592	2	0x136db0c	0x136dfe7	1243	10002_data03.o	22616	22621	131	14	0	3	0	0	"[[""objGetAttr"", 18], [""tgr_cha"", 18], [""Cha_InventoryTakeItem"", 18]]"	[]	"{""GETGLOBAL"": 54, ""GETTABLE"": 18, ""CALL"": 18, ""EQ"": 18, ""JMP"": 18, ""LOADBOOL"": 2, ""RETURN"": 3}"
645	0.33.593	2	0x136dfe7	0x136e1ad	454	10002_data03.o	22623	22635	29	13	0	9	0	0	"[[""tgr_cha"", 5], [""tgr_RemoveItemFromCha"", 3], [""tgr_getNewItem"", 1], [""TriggerShowHint"", 1]]"	[]	"{""GETGLOBAL"": 10, ""LOADK"": 13, ""CALL"": 5, ""RETURN"": 1}"
646	0.33.594	2	0x136e1ad	0x136e272	197	10002_data03.o	22649	22654	12	5	0	3	0	0	"[[""CheckSkillExist"", 1], [""tgr_KEobj"", 1]]"	[]	"{""GETGLOBAL"": 2, ""GETTABLE"": 1, ""LOADK"": 1, ""CALL"": 1, ""EQ"": 1, ""JMP"": 1, ""LOADBOOL"": 2, ""RETURN"": 3}"
647	0.33.595	2	0x136e272	0x136e5d3	865	10002_data03.o	22656	22708	79	12	0	7	3	0	"[[""tgr_KEobj"", 6], [""TriggerCheckSkillLV"", 3], [""GetRandomNumber"", 3], [""tgr_ChangeSkLv"", 3]]"	[]	"{""LOADK"": 21, ""EQ"": 6, ""JMP"": 15, ""GETGLOBAL"": 15, ""GETTABLE"": 6, ""CALL"": 9, ""TEST"": 3, ""LE"": 3, ""RETURN"": 1}"
648	0.33.596	2	0x136e5d3	0x136e695	194	10002_data03.o	22722	22727	12	4	0	3	0	0	"[[""TriggerCheckChatypeID"", 1], [""tgr_CSobj"", 1]]"	[]	"{""GETGLOBAL"": 2, ""LOADK"": 1, ""GETTABLE"": 1, ""CALL"": 1, ""TEST"": 1, ""JMP"": 1, ""LOADBOOL"": 2, ""RETURN"": 3}"
649	0.33.597	2	0x136e695	0x136e758	195	10002_data03.o	22729	22733	10	6	0	6	0	0	"[[""tgr_CSobj"", 2], [""TriggerAddSkillState"", 1]]"	[]	"{""GETGLOBAL"": 3, ""GETTABLE"": 2, ""LOADK"": 3, ""CALL"": 1, ""RETURN"": 1}"
650	0.33.598	2	0x136e758	0x136e823	203	10002_data03.o	22747	22752	12	5	0	3	0	0	"[[""Check_SkilleffNum_Bit"", 1], [""tgr_CSobj"", 1]]"	[]	"{""GETGLOBAL"": 2, ""GETTABLE"": 1, ""LOADK"": 1, ""CALL"": 1, ""EQ"": 1, ""JMP"": 1, ""LOADBOOL"": 2, ""RETURN"": 3}"
651	0.33.599	2	0x136e823	0x136e8e6	195	10002_data03.o	22754	22758	10	6	0	6	0	0	"[[""tgr_CSobj"", 2], [""TriggerAddSkillState"", 1]]"	[]	"{""GETGLOBAL"": 3, ""GETTABLE"": 2, ""LOADK"": 3, ""CALL"": 1, ""RETURN"": 1}"
652	0.33.600	2	0x136e8e6	0x136e9af	201	10002_data03.o	22772	22777	12	4	0	3	0	0	"[[""TriggerCheckChatypeID"", 1], [""tgr_NormalAtkObj"", 1]]"	[]	"{""GETGLOBAL"": 2, ""LOADK"": 1, ""GETTABLE"": 1, ""CALL"": 1, ""TEST"": 1, ""JMP"": 1, ""LOADBOOL"": 2, ""RETURN"": 3}"
653	0.33.601	2	0x136e9af	0x136ecb9	778	10002_data03.o	22779	22809	62	15	0	8	2	0	"[[""tgr_NormalAtkObj"", 5], [""_template_data_0001"", 5], [""GetInt"", 3], [""TriggerGetPropertyValue"", 2], [""CheckSkillExist"", 1], [""TriggerAddSkillState"", 1]]"	[]	"{""LOADK"": 10, ""EQ"": 5, ""JMP"": 8, ""GETGLOBAL"": 17, ""GETTABLE"": 8, ""CALL"": 7, ""SETTABLE"": 2, ""SUB"": 1, ""MUL"": 1, ""ADD"": 1, ""LT"": 1, ""RETURN"": 1}"
654	0.33.602	2	0x136ecb9	0x136ed5a	161	10002_data03.o	22823	22828	10	3	0	2	0	0	"[[""objGetSubType"", 1], [""tgr_cha"", 1]]"	[]	"{""GETGLOBAL"": 2, ""CALL"": 1, ""EQ"": 1, ""JMP"": 1, ""LOADBOOL"": 2, ""RETURN"": 3}"
655	0.33.603	2	0x136ed5a	0x136ef12	440	10002_data03.o	22830	22849	32	9	0	7	1	0	"[[""tgr_cha"", 6], [""TriggerAddSkillState"", 2], [""Check_SkilleffNum_Bit"", 1], [""Rem_Cha_State"", 1]]"	[]	"{""LOADK"": 10, ""EQ"": 3, ""JMP"": 4, ""GETGLOBAL"": 10, ""CALL"": 4, ""RETURN"": 1}"
656	0.33.604	2	0x136ef12	0x136f04d	315	10002_data03.o	22864	22872	21	7	0	3	0	0	"[[""tgr_cha"", 2], [""Check_SkilleffNum_Bit"", 1], [""CONTROL_PLAYER"", 1], [""objGetControl"", 1]]"	[]	"{""GETGLOBAL"": 5, ""LOADK"": 1, ""CALL"": 2, ""EQ"": 2, ""JMP"": 2, ""LOADBOOL"": 3, ""RETURN"": 4, ""GETTABLE"": 2}"
657	0.33.605	2	0x136f04d	0x136f392	837	10002_data03.o	22874	22887	75	16	0	4	1	0	"[[""tgr_cha"", 10], [""objGetAttr"", 9], [""Cha_InventoryTakeItem"", 9], [""Rem_Cha_State"", 1]]"	[]	"{""LOADK"": 3, ""EQ"": 11, ""JMP"": 12, ""GETGLOBAL"": 29, ""GETTABLE"": 9, ""CALL"": 10, ""RETURN"": 1}"
658	0.33.606	2	0x136f392	0x136f3d2	64	10002_data03.o	22901	22903	3	0	0	2	0	0	[]	[]	"{""LOADBOOL"": 1, ""RETURN"": 2}"
659	0.33.607	2	0x136f3d2	0x13713e7	8213	10002_data03.o	22905	23360	794	70	0	24	63	0	"[[""_template_data_0001"", 118], [""GetInt"", 15], [""type"", 5], [""TriggerGetUserScoreInfo"", 3], [""TriggerGetGameNum"", 2]]"	[]	"{""GETGLOBAL"": 143, ""GETTABLE"": 92, ""CALL"": 25, ""EQ"": 77, ""JMP"": 152, ""LOADK"": 124, ""SETTABLE"": 26, ""LT"": 22, ""LE"": 32, ""MUL"": 48, ""ADD"": 51, ""MOVE"": 1, ""RETURN"": 1}"
660	0.33.608	2	0x13713e7	0x1371427	64	10002_data03.o	23374	23376	3	0	0	2	0	0	[]	[]	"{""LOADBOOL"": 1, ""RETURN"": 2}"
661	0.33.609	2	0x1371427	0x1373445	8222	10002_data03.o	23378	23833	794	71	0	24	63	0	"[[""_template_data_0001"", 118], [""GetInt"", 15], [""type"", 5], [""TriggerGetUserScoreInfo"", 3], [""TriggerGetGameNum"", 2]]"	[]	"{""GETGLOBAL"": 143, ""GETTABLE"": 92, ""CALL"": 25, ""EQ"": 77, ""JMP"": 152, ""LOADK"": 124, ""SETTABLE"": 26, ""LT"": 22, ""LE"": 32, ""MUL"": 48, ""ADD"": 51, ""MOVE"": 1, ""RETURN"": 1}"
662	0.33.610	2	0x1373445	0x1373485	64	10002_data03.o	23847	23849	3	0	0	2	0	0	[]	[]	"{""LOADBOOL"": 1, ""RETURN"": 2}"
663	0.33.611	2	0x1373485	0x13754a3	8222	10002_data03.o	23851	24306	794	71	0	24	63	0	"[[""_template_data_0001"", 118], [""GetInt"", 15], [""type"", 5], [""TriggerGetUserScoreInfo"", 3], [""TriggerGetGameNum"", 2]]"	[]	"{""GETGLOBAL"": 143, ""GETTABLE"": 92, ""CALL"": 25, ""EQ"": 77, ""JMP"": 152, ""LOADK"": 124, ""SETTABLE"": 26, ""LT"": 22, ""LE"": 32, ""MUL"": 48, ""ADD"": 51, ""MOVE"": 1, ""RETURN"": 1}"
664	0.33.612	2	0x13754a3	0x13754e3	64	10002_data03.o	24320	24322	3	0	0	2	0	0	[]	[]	"{""LOADBOOL"": 1, ""RETURN"": 2}"
665	0.33.613	2	0x13754e3	0x1377501	8222	10002_data03.o	24324	24779	794	71	0	24	63	0	"[[""_template_data_0001"", 118], [""GetInt"", 15], [""type"", 5], [""TriggerGetUserScoreInfo"", 3], [""TriggerGetGameNum"", 2]]"	[]	"{""GETGLOBAL"": 143, ""GETTABLE"": 92, ""CALL"": 25, ""EQ"": 77, ""JMP"": 152, ""LOADK"": 124, ""SETTABLE"": 26, ""LT"": 22, ""LE"": 32, ""MUL"": 48, ""ADD"": 51, ""MOVE"": 1, ""RETURN"": 1}"
666	0.33.614	2	0x1377501	0x1377541	64	10002_data03.o	24793	24795	3	0	0	2	0	0	[]	[]	"{""LOADBOOL"": 1, ""RETURN"": 2}"
667	0.33.615	2	0x1377541	0x137955f	8222	10002_data03.o	24797	25252	794	71	0	24	63	0	"[[""_template_data_0001"", 118], [""GetInt"", 15], [""type"", 5], [""TriggerGetUserScoreInfo"", 3], [""TriggerGetGameNum"", 2]]"	[]	"{""GETGLOBAL"": 143, ""GETTABLE"": 92, ""CALL"": 25, ""EQ"": 77, ""JMP"": 152, ""LOADK"": 124, ""SETTABLE"": 26, ""LT"": 22, ""LE"": 32, ""MUL"": 48, ""ADD"": 51, ""MOVE"": 1, ""RETURN"": 1}"
668	0.33.616	2	0x137955f	0x137959f	64	10002_data03.o	25266	25268	3	0	0	2	0	0	[]	[]	"{""LOADBOOL"": 1, ""RETURN"": 2}"
669	0.33.617	2	0x137959f	0x137b5bd	8222	10002_data03.o	25270	25725	794	71	0	24	63	0	"[[""_template_data_0001"", 118], [""GetInt"", 15], [""type"", 5], [""TriggerGetUserScoreInfo"", 3], [""TriggerGetGameNum"", 2]]"	[]	"{""GETGLOBAL"": 143, ""GETTABLE"": 92, ""CALL"": 25, ""EQ"": 77, ""JMP"": 152, ""LOADK"": 124, ""SETTABLE"": 26, ""LT"": 22, ""LE"": 32, ""MUL"": 48, ""ADD"": 51, ""MOVE"": 1, ""RETURN"": 1}"
670	0.33.618	2	0x137b5bd	0x137b5fd	64	10002_data03.o	25739	25741	3	0	0	2	0	0	[]	[]	"{""LOADBOOL"": 1, ""RETURN"": 2}"
671	0.33.619	2	0x137b5fd	0x137d61b	8222	10002_data03.o	25743	26198	794	71	0	24	63	0	"[[""_template_data_0001"", 118], [""GetInt"", 15], [""type"", 5], [""TriggerGetUserScoreInfo"", 3], [""TriggerGetGameNum"", 2]]"	[]	"{""GETGLOBAL"": 143, ""GETTABLE"": 92, ""CALL"": 25, ""EQ"": 77, ""JMP"": 152, ""LOADK"": 124, ""SETTABLE"": 26, ""LT"": 22, ""LE"": 32, ""MUL"": 48, ""ADD"": 51, ""MOVE"": 1, ""RETURN"": 1}"
672	0.33.620	2	0x137d61b	0x137d65b	64	10002_data03.o	26212	26214	3	0	0	2	0	0	[]	[]	"{""LOADBOOL"": 1, ""RETURN"": 2}"
673	0.33.621	2	0x137d65b	0x137f679	8222	10002_data03.o	26216	26671	794	71	0	24	63	0	"[[""_template_data_0001"", 118], [""GetInt"", 15], [""type"", 5], [""TriggerGetUserScoreInfo"", 3], [""TriggerGetGameNum"", 2]]"	[]	"{""GETGLOBAL"": 143, ""GETTABLE"": 92, ""CALL"": 25, ""EQ"": 77, ""JMP"": 152, ""LOADK"": 124, ""SETTABLE"": 26, ""LT"": 22, ""LE"": 32, ""MUL"": 48, ""ADD"": 51, ""MOVE"": 1, ""RETURN"": 1}"
674	0.33.622	2	0x137f679	0x137f6b9	64	10002_data03.o	26685	26687	3	0	0	2	0	0	[]	[]	"{""LOADBOOL"": 1, ""RETURN"": 2}"
675	0.33.623	2	0x137f6b9	0x137f909	592	10002_data03.o	26689	26697	47	13	0	9	2	0	"[[""_template_data_0001"", 9], [""GetInt"", 7]]"	[]	"{""LOADK"": 2, ""GETGLOBAL"": 16, ""GETTABLE"": 8, ""ADD"": 9, ""CALL"": 7, ""MOVE"": 1, ""MUL"": 2, ""SETTABLE"": 1, ""RETURN"": 1}"
676	0.33.624	2	0x137f909	0x137fb53	586	10002_data03.o	26711	26725	48	12	0	3	0	0	"[[""tgr_cha"", 6], [""TriggerCheckChatypeID"", 3], [""objGetControl"", 2], [""CONTROL_PLAYER"", 1], [""objGetSubType"", 1]]"	[]	"{""GETGLOBAL"": 13, ""CALL"": 6, ""GETTABLE"": 2, ""EQ"": 3, ""JMP"": 6, ""LOADBOOL"": 5, ""RETURN"": 6, ""LOADK"": 3, ""TEST"": 3, ""NOT"": 1}"
677	0.33.625	2	0x137fb53	0x1380bff	4268	10002_data03.o	26727	26971	458	31	0	15	17	0	"[[""_template_data_0001"", 62], [""tgr_GetRandomNum"", 15], [""tgr_getNewItem"", 15], [""GetInt"", 15], [""tgr_cha"", 15]]"	[]	"{""LOADK"": 94, ""EQ"": 36, ""JMP"": 68, ""GETGLOBAL"": 122, ""GETTABLE"": 62, ""LE"": 15, ""CALL"": 45, ""SETTABLE"": 15, ""RETURN"": 1}"
678	0.33.626	2	0x1380bff	0x1380d22	291	10002_data03.o	26985	26990	23	5	0	3	0	0	"[[""TriggerCheckChatypeID"", 3], [""tgr_cha"", 3]]"	[]	"{""GETGLOBAL"": 6, ""LOADK"": 3, ""CALL"": 3, ""TEST"": 3, ""JMP"": 3, ""LOADBOOL"": 2, ""RETURN"": 3}"
679	0.33.627	2	0x1380d22	0x138169f	2429	10002_data03.o	26992	27104	253	24	0	9	6	0	"[[""_template_data_0001"", 33], [""tgr_cha"", 13], [""tgr_getNewItem"", 11], [""tgr_GetRandomNum"", 8], [""GetInt"", 8], [""TriggerCheckChatypeID"", 2]]"	[]	"{""LOADK"": 55, ""EQ"": 21, ""JMP"": 29, ""GETGLOBAL"": 75, ""GETTABLE"": 33, ""CALL"": 29, ""TEST"": 2, ""SETTABLE"": 8, ""RETURN"": 1}"
680	0.33.628	2	0x138169f	0x1381740	161	10002_data03.o	27118	27123	10	3	0	2	0	0	"[[""objGetSubType"", 1], [""tgr_cha"", 1]]"	[]	"{""GETGLOBAL"": 2, ""CALL"": 1, ""EQ"": 1, ""JMP"": 1, ""LOADBOOL"": 2, ""RETURN"": 3}"
681	0.33.629	2	0x1381740	0x1381ad1	913	10002_data03.o	27125	27141	81	17	0	6	1	0	"[[""tgr_cha"", 11], [""objGetAttr"", 9], [""Cha_InventoryTakeItem"", 9], [""tgr_RemoveItemFromCha"", 1], [""tgr_getNewItem"", 1]]"	[]	"{""LOADK"": 6, ""EQ"": 11, ""JMP"": 12, ""GETGLOBAL"": 31, ""GETTABLE"": 9, ""CALL"": 11, ""RETURN"": 1}"
682	0.33.630	2	0x1381ad1	0x1381b72	161	10002_data03.o	27155	27160	10	3	0	2	0	0	"[[""objGetSubType"", 1], [""tgr_cha"", 1]]"	[]	"{""GETGLOBAL"": 2, ""CALL"": 1, ""EQ"": 1, ""JMP"": 1, ""LOADBOOL"": 2, ""RETURN"": 3}"
683	0.33.631	2	0x1381b72	0x1381f03	913	10002_data03.o	27162	27178	81	17	0	6	1	0	"[[""tgr_cha"", 11], [""objGetAttr"", 9], [""Cha_InventoryTakeItem"", 9], [""tgr_RemoveItemFromCha"", 1], [""tgr_getNewItem"", 1]]"	[]	"{""LOADK"": 6, ""EQ"": 11, ""JMP"": 12, ""GETGLOBAL"": 31, ""GETTABLE"": 9, ""CALL"": 11, ""RETURN"": 1}"
684	0.33.632	2	0x1381f03	0x1381f9e	155	10002_data03.o	27192	27197	9	3	0	2	0	0	"[[""_template_data_0001"", 1]]"	[]	"{""GETGLOBAL"": 1, ""GETTABLE"": 1, ""EQ"": 1, ""JMP"": 1, ""LOADBOOL"": 2, ""RETURN"": 3}"
685	0.33.633	2	0x1381f9e	0x138210e	368	10002_data03.o	27199	27211	22	12	0	7	1	0	"[[""AddChaPoint"", 2], [""AddCha"", 1], [""lua_objSetAttr"", 1], [""NEXTPOINT"", 1]]"	[]	"{""GETGLOBAL"": 5, ""LOADK"": 8, ""CALL"": 4, ""MOVE"": 4, ""RETURN"": 1}"
686	0.33.634	2	0x138210e	0x138214e	64	10002_data03.o	27225	27227	3	0	0	2	0	0	[]	[]	"{""LOADBOOL"": 1, ""RETURN"": 2}"
687	0.33.635	2	0x138214e	0x138246d	799	10002_data03.o	27229	27268	63	11	0	7	6	0	"[[""tgr_cha"", 4], [""_template_data_0001"", 4], [""TriggerCheckChatypeID"", 2], [""objGetSubType"", 2]]"	[]	"{""LOADK"": 12, ""EQ"": 8, ""JMP"": 12, ""GETGLOBAL"": 12, ""CALL"": 4, ""TEST"": 2, ""GETTABLE"": 2, ""MUL"": 4, ""ADD"": 4, ""SETTABLE"": 2, ""RETURN"": 1}"
688	0.33.636	2	0x138246d	0x138250e	161	10002_data03.o	27282	27287	10	3	0	2	0	0	"[[""objGetSubType"", 1], [""tgr_cha"", 1]]"	[]	"{""GETGLOBAL"": 2, ""CALL"": 1, ""EQ"": 1, ""JMP"": 1, ""LOADBOOL"": 2, ""RETURN"": 3}"
689	0.33.637	2	0x138250e	0x1382c88	1914	10002_data03.o	27289	27410	191	18	0	15	10	0	"[[""tgr_cha"", 20], [""CheckSkillExist"", 10], [""Replace_ChaSkill"", 9], [""TriggerAddUnitAttr"", 1]]"	[]	"{""LOADK"": 60, ""EQ"": 30, ""JMP"": 40, ""GETGLOBAL"": 40, ""CALL"": 20, ""RETURN"": 1}"
690	0.33.638	2	0x1382c88	0x1382d29	161	10002_data03.o	27424	27429	10	3	0	2	0	0	"[[""objGetSubType"", 1], [""tgr_cha"", 1]]"	[]	"{""GETGLOBAL"": 2, ""CALL"": 1, ""EQ"": 1, ""JMP"": 1, ""LOADBOOL"": 2, ""RETURN"": 3}"
691	0.33.639	2	0x1382d29	0x1382dc0	151	10002_data03.o	27431	27435	7	4	0	5	0	0	"[[""TriggerAddUnitAttr"", 1], [""tgr_cha"", 1]]"	[]	"{""GETGLOBAL"": 2, ""LOADK"": 3, ""CALL"": 1, ""RETURN"": 1}"
692	0.33.640	2	0x1382dc0	0x1382e61	161	10002_data03.o	27449	27454	10	3	0	2	0	0	"[[""objGetSubType"", 1], [""tgr_cha"", 1]]"	[]	"{""GETGLOBAL"": 2, ""CALL"": 1, ""EQ"": 1, ""JMP"": 1, ""LOADBOOL"": 2, ""RETURN"": 3}"
693	0.33.641	2	0x1382e61	0x13837de	2429	10002_data03.o	27456	27592	219	34	0	13	10	0	"[[""_template_data_0001"", 17], [""tgr_cha"", 13], [""tgr_getNewItem"", 6], [""tgr_GetRandomNum"", 3], [""TriggerGetAttrFromUnit"", 2], [""TriggerAddUnitAttr"", 2], [""GetInt"", 2], [""TriggerShowHint"", 2], [""tgr_RemoveItemFromCha"", 1], [""Game_End"", 1]]"	[]	"{""GETGLOBAL"": 49, ""LOADK"": 67, ""CALL"": 19, ""SETTABLE"": 6, ""EQ"": 20, ""JMP"": 34, ""GETTABLE"": 11, ""LE"": 2, ""MUL"": 3, ""ADD"": 3, ""LT"": 4, ""RETURN"": 1}"
694	0.33.642	2	0x13837de	0x1383900	290	10002_data03.o	27606	27614	20	6	0	3	0	0	"[[""tgr_cha"", 2], [""objGetSubType"", 1], [""CONTROL_PLAYER"", 1], [""objGetControl"", 1]]"	[]	"{""GETGLOBAL"": 5, ""CALL"": 2, ""EQ"": 2, ""JMP"": 2, ""LOADBOOL"": 3, ""RETURN"": 4, ""GETTABLE"": 2}"
695	0.33.643	2	0x1383900	0x1383a12	274	10002_data03.o	27616	27626	19	7	0	5	0	0	"[[""TriggerAddUnitAttr"", 3], [""tgr_cha"", 3]]"	[]	"{""GETGLOBAL"": 6, ""LOADK"": 9, ""CALL"": 3, ""RETURN"": 1}"
696	0.33.644	2	0x1383a12	0x1383d37	805	10002_data03.o	27640	27648	75	14	0	3	0	0	"[[""tgr_cha"", 10], [""objGetAttr"", 9], [""Cha_InventoryTakeItem"", 9], [""objGetSubType"", 1]]"	[]	"{""GETGLOBAL"": 29, ""GETTABLE"": 9, ""CALL"": 10, ""EQ"": 10, ""JMP"": 10, ""LOADBOOL"": 3, ""RETURN"": 4}"
697	0.33.645	2	0x1383d37	0x1383f74	573	10002_data03.o	27650	27665	31	15	0	9	0	0	"[[""tgr_cha"", 5], [""tgr_RemoveItemFromCha"", 2], [""tgr_getNewItem"", 1], [""TriggerShowHint"", 1], [""TriggerAddEffectAndTimes"", 1]]"	[]	"{""GETGLOBAL"": 10, ""LOADK"": 15, ""CALL"": 5, ""RETURN"": 1}"
698	0.33.646	2	0x1383f74	0x1384299	805	10002_data03.o	27679	27687	75	14	0	3	0	0	"[[""tgr_cha"", 10], [""objGetAttr"", 9], [""Cha_InventoryTakeItem"", 9], [""objGetSubType"", 1]]"	[]	"{""GETGLOBAL"": 29, ""GETTABLE"": 9, ""CALL"": 10, ""EQ"": 10, ""JMP"": 10, ""LOADBOOL"": 3, ""RETURN"": 4}"
699	0.33.647	2	0x1384299	0x13844d6	573	10002_data03.o	27689	27704	31	15	0	9	0	0	"[[""tgr_cha"", 5], [""tgr_RemoveItemFromCha"", 2], [""tgr_getNewItem"", 1], [""TriggerShowHint"", 1], [""TriggerAddEffectAndTimes"", 1]]"	[]	"{""GETGLOBAL"": 10, ""LOADK"": 15, ""CALL"": 5, ""RETURN"": 1}"
700	0.33.648	2	0x13844d6	0x1384516	64	10002_data03.o	27718	27720	3	0	0	2	0	0	[]	[]	"{""LOADBOOL"": 1, ""RETURN"": 2}"
701	0.33.649	2	0x1384516	0x138477f	617	10002_data03.o	27722	27745	42	15	0	10	1	0	"[[""tgr_cha"", 5], [""TriggerAddUnitAttr"", 2], [""objGetAttr"", 1], [""Attr_Mxhp"", 1], [""TriggerAddEffectAndTimes"", 1], [""TriggerShowHint"", 1]]"	[]	"{""LOADK"": 18, ""EQ"": 2, ""JMP"": 4, ""GETGLOBAL"": 11, ""CALL"": 5, ""LT"": 1, ""RETURN"": 1}"
702	0.33.650	2	0x138477f	0x1384831	178	10002_data03.o	27759	27764	11	4	0	2	0	0	"[[""objGetSubType"", 1], [""tgr_CSobj"", 1]]"	[]	"{""GETGLOBAL"": 2, ""GETTABLE"": 1, ""CALL"": 1, ""EQ"": 1, ""JMP"": 1, ""LOADBOOL"": 2, ""RETURN"": 3}"
703	0.33.651	2	0x1384831	0x1384f0a	1753	10002_data03.o	27766	27787	179	22	0	4	1	0	"[[""tgr_CSobj"", 21], [""objGetAttr"", 18], [""Cha_InventoryTakeItem"", 18], [""TriggerCheckChatypeID"", 2], [""GetRandomNumber"", 1], [""Skill_Refresh"", 1]]"	[]	"{""LOADK"": 6, ""EQ"": 21, ""JMP"": 25, ""GETGLOBAL"": 61, ""GETTABLE"": 39, ""CALL"": 22, ""TEST"": 2, ""NOT"": 1, ""LE"": 1, ""RETURN"": 1}"
704	0.33.652	2	0x1384f0a	0x13851e4	730	10002_data03.o	27801	27806	68	13	0	3	0	0	"[[""objGetAttr"", 9], [""tgr_cha"", 9], [""Cha_InventoryTakeItem"", 9]]"	[]	"{""GETGLOBAL"": 27, ""GETTABLE"": 9, ""CALL"": 9, ""EQ"": 9, ""JMP"": 9, ""LOADBOOL"": 2, ""RETURN"": 3}"
705	0.33.653	2	0x13851e4	0x138539c	440	10002_data03.o	27808	27827	32	9	0	7	1	0	"[[""tgr_cha"", 6], [""TriggerAddSkillState"", 2], [""Check_SkilleffNum_Bit"", 1], [""Rem_Cha_State"", 1]]"	[]	"{""LOADK"": 10, ""EQ"": 3, ""JMP"": 4, ""GETGLOBAL"": 10, ""CALL"": 4, ""RETURN"": 1}"
706	0.33.654	2	0x138539c	0x13854bf	291	10002_data03.o	27841	27846	23	5	0	3	0	0	"[[""TriggerCheckChatypeID"", 3], [""tgr_cha"", 3]]"	[]	"{""GETGLOBAL"": 6, ""LOADK"": 3, ""CALL"": 3, ""TEST"": 3, ""JMP"": 3, ""LOADBOOL"": 2, ""RETURN"": 3}"
707	0.33.655	2	0x13854bf	0x1385d8a	2251	10002_data03.o	27848	27879	216	29	0	9	0	0	"[[""tgr_SendSignal"", 22], [""tgr_cha"", 3], [""TriggerShowHint"", 1], [""TriggerAddSkillState"", 1]]"	[]	"{""GETGLOBAL"": 27, ""LOADK"": 164, ""CALL"": 24, ""RETURN"": 1}"
708	0.33.656	2	0x1385d8a	0x13860af	805	10002_data03.o	27893	27901	75	14	0	3	0	0	"[[""tgr_cha"", 10], [""objGetAttr"", 9], [""Cha_InventoryTakeItem"", 9], [""objGetSubType"", 1]]"	[]	"{""GETGLOBAL"": 29, ""GETTABLE"": 9, ""CALL"": 10, ""EQ"": 10, ""JMP"": 10, ""LOADBOOL"": 3, ""RETURN"": 4}"
709	0.33.657	2	0x13860af	0x13862de	559	10002_data03.o	27903	27918	31	15	0	9	0	0	"[[""tgr_cha"", 5], [""tgr_RemoveItemFromCha"", 2], [""tgr_getNewItem"", 1], [""TriggerShowHint"", 1], [""TriggerAddEffectAndTimes"", 1]]"	[]	"{""GETGLOBAL"": 10, ""LOADK"": 15, ""CALL"": 5, ""RETURN"": 1}"
710	0.33.658	2	0x13862de	0x1386603	805	10002_data03.o	27932	27940	75	14	0	3	0	0	"[[""tgr_cha"", 10], [""objGetAttr"", 9], [""Cha_InventoryTakeItem"", 9], [""objGetSubType"", 1]]"	[]	"{""GETGLOBAL"": 29, ""GETTABLE"": 9, ""CALL"": 10, ""EQ"": 10, ""JMP"": 10, ""LOADBOOL"": 3, ""RETURN"": 4}"
711	0.33.659	2	0x1386603	0x1386832	559	10002_data03.o	27942	27957	31	15	0	9	0	0	"[[""tgr_cha"", 5], [""tgr_RemoveItemFromCha"", 2], [""tgr_getNewItem"", 1], [""TriggerShowHint"", 1], [""TriggerAddEffectAndTimes"", 1]]"	[]	"{""GETGLOBAL"": 10, ""LOADK"": 15, ""CALL"": 5, ""RETURN"": 1}"
712	0.33.660	2	0x1386832	0x13868eb	185	10002_data03.o	27971	27976	11	4	0	2	0	0	"[[""objGetSubType"", 1], [""tgr_NormalAtkObj"", 1]]"	[]	"{""GETGLOBAL"": 2, ""GETTABLE"": 1, ""CALL"": 1, ""EQ"": 1, ""JMP"": 1, ""LOADBOOL"": 2, ""RETURN"": 3}"
713	0.33.661	2	0x13868eb	0x13880ab	6080	10002_data03.o	27978	28269	633	39	0	22	27	0	"[[""_template_data_0001"", 63], [""tgr_NormalAtkObj"", 48], [""TriggerDoAreaDamage"", 11], [""objGetAttr"", 9], [""Cha_InventoryTakeItem"", 9], [""TriggerGetPropertyValue"", 8], [""TriggerGetUnitPosition"", 8], [""TriggerCheckSkillLV"", 8], [""GetRandomNumber"", 4], [""Check_SkilleffNum_Bit"", 2], [""CheckSkillExist"", 2]]"	[]	"{""LOADK"": 123, ""EQ"": 39, ""JMP"": 64, ""GETGLOBAL"": 172, ""GETTABLE"": 97, ""CALL"": 52, ""SETTABLE"": 23, ""MUL"": 14, ""ADD"": 14, ""NEWTABLE"": 11, ""SETLIST"": 11, ""TEST"": 8, ""LE"": 4, ""RETURN"": 1}"
714	0.33.662	2	0x13880ab	0x1388334	649	10002_data03.o	28283	28288	61	11	0	3	0	0	"[[""TriggerCheckChatypeID"", 8], [""tgr_KEobj"", 8]]"	[]	"{""GETGLOBAL"": 16, ""LOADK"": 8, ""GETTABLE"": 8, ""CALL"": 8, ""TEST"": 8, ""JMP"": 8, ""LOADBOOL"": 2, ""RETURN"": 3}"
715	0.33.663	2	0x1388334	0x13883dc	168	10002_data03.o	28290	28294	8	5	0	5	0	0	"[[""TriggerAddUnitAttr"", 1], [""tgr_KEobj"", 1]]"	[]	"{""GETGLOBAL"": 2, ""GETTABLE"": 1, ""LOADK"": 3, ""CALL"": 1, ""RETURN"": 1}"
716	0.33.664	2	0x13883dc	0x1388701	805	10002_data03.o	28308	28316	75	14	0	3	0	0	"[[""tgr_cha"", 10], [""objGetAttr"", 9], [""Cha_InventoryTakeItem"", 9], [""objGetSubType"", 1]]"	[]	"{""GETGLOBAL"": 29, ""GETTABLE"": 9, ""CALL"": 10, ""EQ"": 10, ""JMP"": 10, ""LOADBOOL"": 3, ""RETURN"": 4}"
717	0.33.665	2	0x1388701	0x1388938	567	10002_data03.o	28318	28333	31	15	0	9	0	0	"[[""tgr_cha"", 5], [""tgr_RemoveItemFromCha"", 2], [""tgr_getNewItem"", 1], [""TriggerShowHint"", 1], [""TriggerAddEffectAndTimes"", 1]]"	[]	"{""GETGLOBAL"": 10, ""LOADK"": 15, ""CALL"": 5, ""RETURN"": 1}"
718	0.33.666	2	0x1388938	0x1388c5d	805	10002_data03.o	28347	28355	75	14	0	3	0	0	"[[""tgr_cha"", 10], [""objGetAttr"", 9], [""Cha_InventoryTakeItem"", 9], [""objGetSubType"", 1]]"	[]	"{""GETGLOBAL"": 29, ""GETTABLE"": 9, ""CALL"": 10, ""EQ"": 10, ""JMP"": 10, ""LOADBOOL"": 3, ""RETURN"": 4}"
719	0.33.667	2	0x1388c5d	0x1388e94	567	10002_data03.o	28357	28372	31	15	0	9	0	0	"[[""tgr_cha"", 5], [""tgr_RemoveItemFromCha"", 2], [""tgr_getNewItem"", 1], [""TriggerShowHint"", 1], [""TriggerAddEffectAndTimes"", 1]]"	[]	"{""GETGLOBAL"": 10, ""LOADK"": 15, ""CALL"": 5, ""RETURN"": 1}"
720	0.33.668	2	0x1388e94	0x1388ed4	64	10002_data03.o	28386	28388	3	0	0	2	0	0	[]	[]	"{""LOADBOOL"": 1, ""RETURN"": 2}"
721	0.33.669	2	0x1388ed4	0x138a302	5166	10002_data03.o	28390	28574	450	45	0	22	51	0	"[[""_template_data_0001"", 56], [""GetInt"", 23], [""tgr_cha"", 20], [""TriggerAddUnitAttr"", 14], [""GetPlayerUseHeroNum"", 3], [""GetPlayerUseHeroCha"", 3], [""objGetAttr"", 3], [""TriggerCheckChatypeID"", 3], [""Attr_Mxhp"", 2], [""Attr_Mxsp"", 1]]"	"[[""tgr_cha"", 3]]"	"{""LOADK"": 79, ""FORPREP"": 6, ""GETGLOBAL"": 128, ""MOVE"": 12, ""CALL"": 49, ""SETGLOBAL"": 3, ""EQ"": 15, ""JMP"": 27, ""LT"": 3, ""TEST"": 3, ""GETTABLE"": 47, ""ADD"": 39, ""LE"": 3, ""MUL"": 20, ""SETTABLE"": 9, ""FORLOOP"": 6, ""RETURN"": 1}"
722	0.33.670	2	0x138a302	0x138a3c4	194	10002_data03.o	28588	28593	12	4	0	3	0	0	"[[""TriggerCheckChatypeID"", 1], [""tgr_KEobj"", 1]]"	[]	"{""GETGLOBAL"": 2, ""LOADK"": 1, ""GETTABLE"": 1, ""CALL"": 1, ""TEST"": 1, ""JMP"": 1, ""LOADBOOL"": 2, ""RETURN"": 3}"
723	0.33.671	2	0x138a3c4	0x138a4a9	229	10002_data03.o	28595	28603	11	5	0	5	2	0	"[[""_template_data_0001"", 2]]"	[]	"{""LOADK"": 2, ""GETGLOBAL"": 2, ""GETTABLE"": 1, ""MUL"": 2, ""ADD"": 2, ""SETTABLE"": 1, ""RETURN"": 1}"
724	0.33.672	2	0x138a4a9	0x138a4e9	64	10002_data03.o	28617	28619	3	0	0	2	0	0	[]	[]	"{""LOADBOOL"": 1, ""RETURN"": 2}"
725	0.33.673	2	0x138a4e9	0x138e59b	16562	10002_data03.o	28621	29262	1769	54	0	27	96	0	"[[""_template_data_0001"", 200], [""objGetAttr"", 72], [""Cha_InventoryTakeItem"", 72], [""TriggerStringConcat"", 24], [""GetInt"", 24], [""TriggerSetLable"", 24], [""table"", 8], [""objGetUniqueID"", 8], [""TriggerGetPropertyValue"", 8], [""Check_SkilleffNum_Bit"", 8], [""TriggerAddSkillState"", 8], [""TriggerchaGetCustomizeData"", 8]]"	[]	"{""GETGLOBAL"": 464, ""GETTABLE"": 272, ""CALL"": 192, ""LT"": 16, ""JMP"": 208, ""LOADK"": 224, ""MOVE"": 152, ""FORPREP"": 8, ""TEST"": 8, ""EQ"": 152, ""SETTABLE"": 40, ""MUL"": 16, ""SUB"": 8, ""FORLOOP"": 8, ""RETURN"": 1}"
726	0.33.674	2	0x138e59b	0x138e5db	64	10002_data03.o	29276	29278	3	0	0	2	0	0	[]	[]	"{""LOADBOOL"": 1, ""RETURN"": 2}"
727	0.33.675	2	0x138e5db	0x138f527	3916	10002_data03.o	29280	29495	428	28	0	16	12	0	"[[""_template_data_0001"", 69], [""TriggerSetLable"", 13], [""tgr_cha"", 13]]"	[]	"{""LOADK"": 94, ""EQ"": 72, ""JMP"": 84, ""GETGLOBAL"": 95, ""GETTABLE"": 69, ""CALL"": 13, ""RETURN"": 1}"
728	0.33.676	2	0x138f527	0x138f604	221	10002_data03.o	29509	29517	15	5	0	2	0	0	"[[""_template_data_0001"", 2]]"	[]	"{""GETGLOBAL"": 2, ""GETTABLE"": 2, ""EQ"": 2, ""JMP"": 2, ""LOADBOOL"": 3, ""RETURN"": 4}"
729	0.33.677	2	0x138f604	0x138f921	797	10002_data03.o	29519	29553	66	17	0	9	3	0	"[[""AddChaPoint"", 6], [""AddCha"", 3], [""lua_objSetAttr"", 3], [""NEXTPOINT"", 3]]"	[]	"{""GETGLOBAL"": 15, ""LOADK"": 24, ""CALL"": 12, ""MOVE"": 12, ""LOADNIL"": 2, ""RETURN"": 1}"
730	0.33.678	2	0x138f921	0x138f961	64	10002_data03.o	29567	29569	3	0	0	2	0	0	[]	[]	"{""LOADBOOL"": 1, ""RETURN"": 2}"
731	0.33.679	2	0x138f961	0x138fb49	488	10002_data03.o	29571	29575	11	6	0	9	0	0	"[[""TriggerShowHint"", 1], [""tgr_cha"", 1]]"	[]	"{""GETGLOBAL"": 2, ""LOADK"": 7, ""CALL"": 1, ""RETURN"": 1}"
732	0.33.680	2	0x138fb49	0x138fbea	161	10002_data03.o	29589	29594	10	3	0	2	0	0	"[[""objGetSubType"", 1], [""tgr_cha"", 1]]"	[]	"{""GETGLOBAL"": 2, ""CALL"": 1, ""EQ"": 1, ""JMP"": 1, ""LOADBOOL"": 2, ""RETURN"": 3}"
733	0.33.681	2	0x138fbea	0x138fe93	681	10002_data03.o	29596	29641	58	16	0	6	0	0	"[[""tgr_cha"", 11], [""TriggerDeleteEffect"", 10], [""TriggerAddEffect"", 1]]"	[]	"{""GETGLOBAL"": 22, ""LOADK"": 24, ""CALL"": 11, ""RETURN"": 1}"
734	0.33.682	2	0x138fe93	0x138ff34	161	10002_data03.o	29655	29660	10	3	0	2	0	0	"[[""objGetSubType"", 1], [""tgr_cha"", 1]]"	[]	"{""GETGLOBAL"": 2, ""CALL"": 1, ""EQ"": 1, ""JMP"": 1, ""LOADBOOL"": 2, ""RETURN"": 3}"
735	0.33.683	2	0x138ff34	0x13901dd	681	10002_data03.o	29662	29707	58	16	0	6	0	0	"[[""tgr_cha"", 11], [""TriggerDeleteEffect"", 10], [""TriggerAddEffect"", 1]]"	[]	"{""GETGLOBAL"": 22, ""LOADK"": 24, ""CALL"": 11, ""RETURN"": 1}"
736	0.33.684	2	0x13901dd	0x139027e	161	10002_data03.o	29721	29726	10	3	0	2	0	0	"[[""objGetSubType"", 1], [""tgr_cha"", 1]]"	[]	"{""GETGLOBAL"": 2, ""CALL"": 1, ""EQ"": 1, ""JMP"": 1, ""LOADBOOL"": 2, ""RETURN"": 3}"
737	0.33.685	2	0x139027e	0x1390527	681	10002_data03.o	29728	29773	58	16	0	6	0	0	"[[""tgr_cha"", 11], [""TriggerDeleteEffect"", 10], [""TriggerAddEffect"", 1]]"	[]	"{""GETGLOBAL"": 22, ""LOADK"": 24, ""CALL"": 11, ""RETURN"": 1}"
738	0.33.686	2	0x1390527	0x13905c8	161	10002_data03.o	29787	29792	10	3	0	2	0	0	"[[""objGetSubType"", 1], [""tgr_cha"", 1]]"	[]	"{""GETGLOBAL"": 2, ""CALL"": 1, ""EQ"": 1, ""JMP"": 1, ""LOADBOOL"": 2, ""RETURN"": 3}"
739	0.33.687	2	0x13905c8	0x1390871	681	10002_data03.o	29794	29839	58	16	0	6	0	0	"[[""tgr_cha"", 11], [""TriggerDeleteEffect"", 10], [""TriggerAddEffect"", 1]]"	[]	"{""GETGLOBAL"": 22, ""LOADK"": 24, ""CALL"": 11, ""RETURN"": 1}"
740	0.33.688	2	0x1390871	0x1390912	161	10002_data03.o	29853	29858	10	3	0	2	0	0	"[[""objGetSubType"", 1], [""tgr_cha"", 1]]"	[]	"{""GETGLOBAL"": 2, ""CALL"": 1, ""EQ"": 1, ""JMP"": 1, ""LOADBOOL"": 2, ""RETURN"": 3}"
741	0.33.689	2	0x1390912	0x1390bbb	681	10002_data03.o	29860	29905	58	16	0	6	0	0	"[[""tgr_cha"", 11], [""TriggerDeleteEffect"", 10], [""TriggerAddEffect"", 1]]"	[]	"{""GETGLOBAL"": 22, ""LOADK"": 24, ""CALL"": 11, ""RETURN"": 1}"
742	0.33.690	2	0x1390bbb	0x1390c5c	161	10002_data03.o	29919	29924	10	3	0	2	0	0	"[[""objGetSubType"", 1], [""tgr_cha"", 1]]"	[]	"{""GETGLOBAL"": 2, ""CALL"": 1, ""EQ"": 1, ""JMP"": 1, ""LOADBOOL"": 2, ""RETURN"": 3}"
743	0.33.691	2	0x1390c5c	0x1390f05	681	10002_data03.o	29926	29971	58	16	0	6	0	0	"[[""tgr_cha"", 11], [""TriggerDeleteEffect"", 10], [""TriggerAddEffect"", 1]]"	[]	"{""GETGLOBAL"": 22, ""LOADK"": 24, ""CALL"": 11, ""RETURN"": 1}"
744	0.33.692	2	0x1390f05	0x1390fa6	161	10002_data03.o	29985	29990	10	3	0	2	0	0	"[[""objGetSubType"", 1], [""tgr_cha"", 1]]"	[]	"{""GETGLOBAL"": 2, ""CALL"": 1, ""EQ"": 1, ""JMP"": 1, ""LOADBOOL"": 2, ""RETURN"": 3}"
745	0.33.693	2	0x1390fa6	0x139124f	681	10002_data03.o	29992	30037	58	16	0	6	0	0	"[[""tgr_cha"", 11], [""TriggerDeleteEffect"", 10], [""TriggerAddEffect"", 1]]"	[]	"{""GETGLOBAL"": 22, ""LOADK"": 24, ""CALL"": 11, ""RETURN"": 1}"
746	0.33.694	2	0x139124f	0x13912f0	161	10002_data03.o	30051	30056	10	3	0	2	0	0	"[[""objGetSubType"", 1], [""tgr_cha"", 1]]"	[]	"{""GETGLOBAL"": 2, ""CALL"": 1, ""EQ"": 1, ""JMP"": 1, ""LOADBOOL"": 2, ""RETURN"": 3}"
747	0.33.695	2	0x13912f0	0x1391599	681	10002_data03.o	30058	30103	58	16	0	6	0	0	"[[""tgr_cha"", 11], [""TriggerDeleteEffect"", 10], [""TriggerAddEffect"", 1]]"	[]	"{""GETGLOBAL"": 22, ""LOADK"": 24, ""CALL"": 11, ""RETURN"": 1}"
748	0.33.696	2	0x1391599	0x139163a	161	10002_data03.o	30117	30122	10	3	0	2	0	0	"[[""objGetSubType"", 1], [""tgr_cha"", 1]]"	[]	"{""GETGLOBAL"": 2, ""CALL"": 1, ""EQ"": 1, ""JMP"": 1, ""LOADBOOL"": 2, ""RETURN"": 3}"
749	0.33.697	2	0x139163a	0x13918e3	681	10002_data03.o	30124	30169	58	16	0	6	0	0	"[[""tgr_cha"", 11], [""TriggerDeleteEffect"", 10], [""TriggerAddEffect"", 1]]"	[]	"{""GETGLOBAL"": 22, ""LOADK"": 24, ""CALL"": 11, ""RETURN"": 1}"
750	0.33.698	2	0x13918e3	0x1391984	161	10002_data03.o	30183	30188	10	3	0	2	0	0	"[[""objGetSubType"", 1], [""tgr_cha"", 1]]"	[]	"{""GETGLOBAL"": 2, ""CALL"": 1, ""EQ"": 1, ""JMP"": 1, ""LOADBOOL"": 2, ""RETURN"": 3}"
751	0.33.699	2	0x1391984	0x1391c2d	681	10002_data03.o	30190	30235	58	16	0	6	0	0	"[[""tgr_cha"", 11], [""TriggerDeleteEffect"", 10], [""TriggerAddEffect"", 1]]"	[]	"{""GETGLOBAL"": 22, ""LOADK"": 24, ""CALL"": 11, ""RETURN"": 1}"
752	0.33.700	2	0x1391c2d	0x1391cce	161	10002_data03.o	30249	30254	10	3	0	2	0	0	"[[""objGetSubType"", 1], [""tgr_cha"", 1]]"	[]	"{""GETGLOBAL"": 2, ""CALL"": 1, ""EQ"": 1, ""JMP"": 1, ""LOADBOOL"": 2, ""RETURN"": 3}"
753	0.33.701	2	0x1391cce	0x1392060	914	10002_data03.o	30256	30315	75	20	0	5	2	0	"[[""tgr_cha"", 13], [""TriggerDeleteEffect"", 12], [""_template_data_0001"", 2], [""tgr_RemoveItemFromCha"", 1]]"	[]	"{""GETGLOBAL"": 28, ""LOADK"": 27, ""CALL"": 13, ""GETTABLE"": 1, ""MUL"": 2, ""ADD"": 2, ""SETTABLE"": 1, ""RETURN"": 1}"
754	0.33.702	2	0x1392060	0x1392137	215	10002_data03.o	30329	30334	13	5	0	3	0	0	"[[""CONTROL_PLAYER"", 1], [""objGetControl"", 1], [""tgr_cha"", 1]]"	[]	"{""GETGLOBAL"": 3, ""CALL"": 1, ""GETTABLE"": 2, ""EQ"": 1, ""JMP"": 1, ""LOADBOOL"": 2, ""RETURN"": 3}"
755	0.33.703	2	0x1392137	0x1392705	1486	10002_data03.o	30336	30361	136	32	0	6	1	0	"[[""tgr_cha"", 20], [""TriggerCheckChatypeID"", 15], [""TriggerAddUnitAttr"", 5], [""_template_data_0001"", 5], [""GetInt"", 1]]"	[]	"{""LOADK"": 27, ""EQ"": 2, ""JMP"": 18, ""GETGLOBAL"": 46, ""CALL"": 21, ""TEST"": 15, ""GETTABLE"": 5, ""MUL"": 1, ""RETURN"": 1}"
756	0.33.704	2	0x1392705	0x13927dc	215	10002_data03.o	30375	30380	13	5	0	3	0	0	"[[""CONTROL_PLAYER"", 1], [""objGetControl"", 1], [""tgr_cha"", 1]]"	[]	"{""GETGLOBAL"": 3, ""CALL"": 1, ""GETTABLE"": 2, ""EQ"": 1, ""JMP"": 1, ""LOADBOOL"": 2, ""RETURN"": 3}"
757	0.33.705	2	0x13927dc	0x1392d71	1429	10002_data03.o	30382	30407	130	31	0	6	1	0	"[[""tgr_cha"", 19], [""TriggerCheckChatypeID"", 14], [""TriggerAddUnitAttr"", 5], [""_template_data_0001"", 5], [""GetInt"", 1]]"	[]	"{""LOADK"": 26, ""EQ"": 2, ""JMP"": 17, ""GETGLOBAL"": 44, ""CALL"": 20, ""TEST"": 14, ""GETTABLE"": 5, ""MUL"": 1, ""RETURN"": 1}"
758	0.33.706	2	0x1392d71	0x1392e48	215	10002_data03.o	30421	30426	13	5	0	3	0	0	"[[""CONTROL_PLAYER"", 1], [""objGetControl"", 1], [""tgr_cha"", 1]]"	[]	"{""GETGLOBAL"": 3, ""CALL"": 1, ""GETTABLE"": 2, ""EQ"": 1, ""JMP"": 1, ""LOADBOOL"": 2, ""RETURN"": 3}"
759	0.33.707	2	0x1392e48	0x13932f9	1201	10002_data03.o	30428	30453	106	27	0	6	1	0	"[[""tgr_cha"", 15], [""TriggerCheckChatypeID"", 10], [""TriggerAddUnitAttr"", 5], [""_template_data_0001"", 5], [""GetInt"", 1]]"	[]	"{""LOADK"": 22, ""EQ"": 2, ""JMP"": 13, ""GETGLOBAL"": 36, ""CALL"": 16, ""TEST"": 10, ""GETTABLE"": 5, ""MUL"": 1, ""RETURN"": 1}"
760	0.33.708	2	0x13932f9	0x13933d0	215	10002_data03.o	30467	30472	13	5	0	3	0	0	"[[""CONTROL_PLAYER"", 1], [""objGetControl"", 1], [""tgr_cha"", 1]]"	[]	"{""GETGLOBAL"": 3, ""CALL"": 1, ""GETTABLE"": 2, ""EQ"": 1, ""JMP"": 1, ""LOADBOOL"": 2, ""RETURN"": 3}"
761	0.33.709	2	0x13933d0	0x13939d7	1543	10002_data03.o	30474	30499	142	33	0	6	1	0	"[[""tgr_cha"", 21], [""TriggerCheckChatypeID"", 16], [""TriggerAddUnitAttr"", 5], [""_template_data_0001"", 5], [""GetInt"", 1]]"	[]	"{""LOADK"": 28, ""EQ"": 2, ""JMP"": 19, ""GETGLOBAL"": 48, ""CALL"": 22, ""TEST"": 16, ""GETTABLE"": 5, ""MUL"": 1, ""RETURN"": 1}"
762	0.33.710	2	0x13939d7	0x1393aae	215	10002_data03.o	30513	30518	13	5	0	3	0	0	"[[""CONTROL_PLAYER"", 1], [""objGetControl"", 1], [""tgr_cha"", 1]]"	[]	"{""GETGLOBAL"": 3, ""CALL"": 1, ""GETTABLE"": 2, ""EQ"": 1, ""JMP"": 1, ""LOADBOOL"": 2, ""RETURN"": 3}"
763	0.33.711	2	0x1393aae	0x1394043	1429	10002_data03.o	30520	30545	130	31	0	6	1	0	"[[""tgr_cha"", 19], [""TriggerCheckChatypeID"", 14], [""TriggerAddUnitAttr"", 5], [""_template_data_0001"", 5], [""GetInt"", 1]]"	[]	"{""LOADK"": 26, ""EQ"": 2, ""JMP"": 17, ""GETGLOBAL"": 44, ""CALL"": 20, ""TEST"": 14, ""GETTABLE"": 5, ""MUL"": 1, ""RETURN"": 1}"
764	0.33.712	2	0x1394043	0x139440f	972	10002_data03.o	30559	30570	93	16	0	3	0	0	"[[""tgr_NormalAtkObj"", 11], [""objGetAttr"", 9], [""Cha_InventoryTakeItem"", 9], [""objGetSubType"", 2]]"	[]	"{""GETGLOBAL"": 31, ""GETTABLE"": 20, ""CALL"": 11, ""EQ"": 11, ""JMP"": 11, ""LOADBOOL"": 4, ""RETURN"": 5}"
765	0.33.713	2	0x139440f	0x1394528	281	10002_data03.o	30572	30580	15	9	0	6	0	0	"[[""tgr_NormalAtkObj"", 2], [""GetRandomNumber"", 1], [""TriggerAddSkillState"", 1]]"	[]	"{""GETGLOBAL"": 4, ""LOADK"": 4, ""CALL"": 2, ""LE"": 1, ""JMP"": 1, ""GETTABLE"": 2, ""RETURN"": 1}"
766	0.33.714	2	0x1394528	0x13945c9	161	10002_data03.o	30594	30599	10	3	0	2	0	0	"[[""objGetSubType"", 1], [""tgr_cha"", 1]]"	[]	"{""GETGLOBAL"": 2, ""CALL"": 1, ""EQ"": 1, ""JMP"": 1, ""LOADBOOL"": 2, ""RETURN"": 3}"
767	0.33.715	2	0x13945c9	0x1394660	151	10002_data03.o	30601	30605	7	4	0	5	0	0	"[[""TriggerAddUnitAttr"", 1], [""tgr_cha"", 1]]"	[]	"{""GETGLOBAL"": 2, ""LOADK"": 3, ""CALL"": 1, ""RETURN"": 1}"
768	0.33.716	2	0x1394660	0x1394701	161	10002_data03.o	30619	30624	10	3	0	2	0	0	"[[""objGetSubType"", 1], [""tgr_cha"", 1]]"	[]	"{""GETGLOBAL"": 2, ""CALL"": 1, ""EQ"": 1, ""JMP"": 1, ""LOADBOOL"": 2, ""RETURN"": 3}"
769	0.33.717	2	0x1394701	0x139489e	413	10002_data03.o	30626	30642	32	8	0	6	1	0	"[[""tgr_cha"", 4], [""CheckSkillExist"", 2], [""TriggerAddUnitAttr"", 2]]"	[]	"{""LOADK"": 10, ""EQ"": 4, ""JMP"": 5, ""GETGLOBAL"": 8, ""CALL"": 4, ""RETURN"": 1}"
770	0.33.718	2	0x139489e	0x1394967	201	10002_data03.o	30656	30661	12	4	0	3	0	0	"[[""TriggerCheckChatypeID"", 1], [""tgr_NormalAtkObj"", 1]]"	[]	"{""GETGLOBAL"": 2, ""LOADK"": 1, ""GETTABLE"": 1, ""CALL"": 1, ""TEST"": 1, ""JMP"": 1, ""LOADBOOL"": 2, ""RETURN"": 3}"
771	0.33.719	2	0x1394967	0x1394c35	718	10002_data03.o	30663	30689	51	18	0	9	1	0	"[[""tgr_NormalAtkObj"", 4], [""_template_data_0001"", 2], [""TriggerAddUnitAttr"", 2], [""tgr_GetRandomNum"", 1], [""TriggerSetDialogBubble"", 1], [""TriggerPopupText"", 1]]"	[]	"{""GETGLOBAL"": 11, ""LOADK"": 21, ""CALL"": 5, ""SETTABLE"": 1, ""EQ"": 3, ""JMP"": 4, ""GETTABLE"": 5, ""RETURN"": 1}"
772	0.33.720	2	0x1394c35	0x1394cfe	201	10002_data03.o	30703	30708	12	4	0	3	0	0	"[[""TriggerCheckChatypeID"", 1], [""tgr_NormalAtkObj"", 1]]"	[]	"{""GETGLOBAL"": 2, ""LOADK"": 1, ""GETTABLE"": 1, ""CALL"": 1, ""TEST"": 1, ""JMP"": 1, ""LOADBOOL"": 2, ""RETURN"": 3}"
773	0.33.721	2	0x1394cfe	0x1394fd5	727	10002_data03.o	30710	30736	51	19	0	9	1	0	"[[""tgr_NormalAtkObj"", 4], [""_template_data_0001"", 2], [""TriggerAddUnitAttr"", 2], [""tgr_GetRandomNum"", 1], [""TriggerSetDialogBubble"", 1], [""TriggerPopupText"", 1]]"	[]	"{""GETGLOBAL"": 11, ""LOADK"": 21, ""CALL"": 5, ""SETTABLE"": 1, ""EQ"": 3, ""JMP"": 4, ""GETTABLE"": 5, ""RETURN"": 1}"
774	0.33.722	2	0x1394fd5	0x139509e	201	10002_data03.o	30750	30755	12	4	0	3	0	0	"[[""TriggerCheckChatypeID"", 1], [""tgr_NormalAtkObj"", 1]]"	[]	"{""GETGLOBAL"": 2, ""LOADK"": 1, ""GETTABLE"": 1, ""CALL"": 1, ""TEST"": 1, ""JMP"": 1, ""LOADBOOL"": 2, ""RETURN"": 3}"
775	0.33.723	2	0x139509e	0x1395375	727	10002_data03.o	30757	30783	51	19	0	9	1	0	"[[""tgr_NormalAtkObj"", 4], [""_template_data_0001"", 2], [""TriggerAddUnitAttr"", 2], [""tgr_GetRandomNum"", 1], [""TriggerSetDialogBubble"", 1], [""TriggerPopupText"", 1]]"	[]	"{""GETGLOBAL"": 11, ""LOADK"": 21, ""CALL"": 5, ""SETTABLE"": 1, ""EQ"": 3, ""JMP"": 4, ""GETTABLE"": 5, ""RETURN"": 1}"
776	0.33.724	2	0x1395375	0x1395437	194	10002_data03.o	30797	30802	12	4	0	3	0	0	"[[""TriggerCheckChatypeID"", 1], [""tgr_KEobj"", 1]]"	[]	"{""GETGLOBAL"": 2, ""LOADK"": 1, ""GETTABLE"": 1, ""CALL"": 1, ""TEST"": 1, ""JMP"": 1, ""LOADBOOL"": 2, ""RETURN"": 3}"
777	0.33.725	2	0x1395437	0x13958da	1187	10002_data03.o	30804	30830	103	26	0	10	1	0	"[[""tgr_SendSignal"", 8], [""tgr_getNewItem"", 2], [""AddCha"", 1], [""TriggerShowHint"", 1], [""tgr_cha"", 1]]"	[]	"{""GETGLOBAL"": 13, ""LOADK"": 74, ""CALL"": 12, ""MOVE"": 3, ""RETURN"": 1}"
778	0.33.726	2	0x13958da	0x1395975	155	10002_data03.o	30844	30849	9	3	0	2	0	0	"[[""_template_data_0001"", 1]]"	[]	"{""GETGLOBAL"": 1, ""GETTABLE"": 1, ""EQ"": 1, ""JMP"": 1, ""LOADBOOL"": 2, ""RETURN"": 3}"
779	0.33.727	2	0x1395975	0x1395ae5	368	10002_data03.o	30851	30863	22	12	0	7	1	0	"[[""AddChaPoint"", 2], [""AddCha"", 1], [""lua_objSetAttr"", 1], [""NEXTPOINT"", 1]]"	[]	"{""GETGLOBAL"": 5, ""LOADK"": 8, ""CALL"": 4, ""MOVE"": 4, ""RETURN"": 1}"
780	0.33.728	2	0x1395ae5	0x1395e0a	805	10002_data03.o	30877	30885	75	14	0	3	0	0	"[[""tgr_cha"", 10], [""objGetAttr"", 9], [""Cha_InventoryTakeItem"", 9], [""objGetSubType"", 1]]"	[]	"{""GETGLOBAL"": 29, ""GETTABLE"": 9, ""CALL"": 10, ""EQ"": 10, ""JMP"": 10, ""LOADBOOL"": 3, ""RETURN"": 4}"
781	0.33.729	2	0x1395e0a	0x1396035	555	10002_data03.o	30887	30902	31	15	0	9	0	0	"[[""tgr_cha"", 5], [""tgr_RemoveItemFromCha"", 2], [""tgr_getNewItem"", 1], [""TriggerShowHint"", 1], [""TriggerAddEffectAndTimes"", 1]]"	[]	"{""GETGLOBAL"": 10, ""LOADK"": 15, ""CALL"": 5, ""RETURN"": 1}"
782	0.33.730	2	0x1396035	0x139635a	805	10002_data03.o	30916	30924	75	14	0	3	0	0	"[[""tgr_cha"", 10], [""objGetAttr"", 9], [""Cha_InventoryTakeItem"", 9], [""objGetSubType"", 1]]"	[]	"{""GETGLOBAL"": 29, ""GETTABLE"": 9, ""CALL"": 10, ""EQ"": 10, ""JMP"": 10, ""LOADBOOL"": 3, ""RETURN"": 4}"
783	0.33.731	2	0x139635a	0x1396585	555	10002_data03.o	30926	30941	31	15	0	9	0	0	"[[""tgr_cha"", 5], [""tgr_RemoveItemFromCha"", 2], [""tgr_getNewItem"", 1], [""TriggerShowHint"", 1], [""TriggerAddEffectAndTimes"", 1]]"	[]	"{""GETGLOBAL"": 10, ""LOADK"": 15, ""CALL"": 5, ""RETURN"": 1}"
784	0.33.732	2	0x1396585	0x13968b0	811	10002_data03.o	30955	30960	77	14	0	3	0	0	"[[""objGetAttr"", 9], [""tgr_KEobj"", 9], [""Cha_InventoryTakeItem"", 9]]"	[]	"{""GETGLOBAL"": 27, ""GETTABLE"": 18, ""CALL"": 9, ""EQ"": 9, ""JMP"": 9, ""LOADBOOL"": 2, ""RETURN"": 3}"
785	0.33.733	2	0x13968b0	0x13969a7	247	10002_data03.o	30962	30970	13	8	0	5	0	0	"[[""GetRandomNumber"", 1], [""TriggerAddUnitAttr"", 1], [""tgr_KEobj"", 1]]"	[]	"{""GETGLOBAL"": 3, ""LOADK"": 4, ""CALL"": 2, ""LE"": 1, ""JMP"": 1, ""GETTABLE"": 1, ""RETURN"": 1}"
786	0.33.734	2	0x13969a7	0x1396a48	161	10002_data03.o	30984	30989	10	3	0	2	0	0	"[[""objGetSubType"", 1], [""tgr_cha"", 1]]"	[]	"{""GETGLOBAL"": 2, ""CALL"": 1, ""EQ"": 1, ""JMP"": 1, ""LOADBOOL"": 2, ""RETURN"": 3}"
787	0.33.735	2	0x1396a48	0x139808a	5698	10002_data03.o	30991	31030	647	36	0	10	1	0	"[[""tgr_cha"", 94], [""objGetAttr"", 81], [""Cha_InventoryTakeItem"", 81], [""tgr_RemoveItemFromCha"", 9], [""_template_data_0001"", 5], [""tgr_getNewItem"", 1], [""TriggerAddEffectAndTimes"", 1], [""TriggerGetControlChaName"", 1], [""TriggerStringConcat"", 1], [""TriggerShowHint"", 1]]"	[]	"{""LOADK"": 23, ""EQ"": 83, ""JMP"": 84, ""GETGLOBAL"": 275, ""GETTABLE"": 84, ""CALL"": 95, ""SETTABLE"": 2, ""RETURN"": 1}"
788	0.33.736	2	0x139808a	0x13985b0	1318	10002_data03.o	31044	31052	138	15	0	3	0	0	"[[""tgr_cha"", 19], [""objGetAttr"", 18], [""Cha_InventoryTakeItem"", 18], [""objGetSubType"", 1]]"	[]	"{""GETGLOBAL"": 56, ""GETTABLE"": 18, ""CALL"": 19, ""EQ"": 19, ""JMP"": 19, ""LOADBOOL"": 3, ""RETURN"": 4}"
789	0.33.737	2	0x13985b0	0x1398742	402	10002_data03.o	31054	31067	25	12	0	5	0	0	"[[""tgr_cha"", 5], [""tgr_RemoveItemFromCha"", 3], [""tgr_getNewItem"", 1], [""TriggerAddEffectAndTimes"", 1]]"	[]	"{""GETGLOBAL"": 10, ""LOADK"": 9, ""CALL"": 5, ""RETURN"": 1}"
790	0.33.738	2	0x1398742	0x1398c68	1318	10002_data03.o	31081	31089	138	15	0	3	0	0	"[[""tgr_cha"", 19], [""objGetAttr"", 18], [""Cha_InventoryTakeItem"", 18], [""objGetSubType"", 1]]"	[]	"{""GETGLOBAL"": 56, ""GETTABLE"": 18, ""CALL"": 19, ""EQ"": 19, ""JMP"": 19, ""LOADBOOL"": 3, ""RETURN"": 4}"
791	0.33.739	2	0x1398c68	0x1398dfa	402	10002_data03.o	31091	31104	25	12	0	5	0	0	"[[""tgr_cha"", 5], [""tgr_RemoveItemFromCha"", 3], [""tgr_getNewItem"", 1], [""TriggerAddEffectAndTimes"", 1]]"	[]	"{""GETGLOBAL"": 10, ""LOADK"": 9, ""CALL"": 5, ""RETURN"": 1}"
792	0.33.740	2	0x1398dfa	0x1399320	1318	10002_data03.o	31118	31126	138	15	0	3	0	0	"[[""tgr_cha"", 19], [""objGetAttr"", 18], [""Cha_InventoryTakeItem"", 18], [""objGetSubType"", 1]]"	[]	"{""GETGLOBAL"": 56, ""GETTABLE"": 18, ""CALL"": 19, ""EQ"": 19, ""JMP"": 19, ""LOADBOOL"": 3, ""RETURN"": 4}"
793	0.33.741	2	0x1399320	0x13994b2	402	10002_data03.o	31128	31141	25	12	0	5	0	0	"[[""tgr_cha"", 5], [""tgr_RemoveItemFromCha"", 3], [""tgr_getNewItem"", 1], [""TriggerAddEffectAndTimes"", 1]]"	[]	"{""GETGLOBAL"": 10, ""LOADK"": 9, ""CALL"": 5, ""RETURN"": 1}"
794	0.33.742	2	0x13994b2	0x13999d8	1318	10002_data03.o	31155	31163	138	15	0	3	0	0	"[[""tgr_cha"", 19], [""objGetAttr"", 18], [""Cha_InventoryTakeItem"", 18], [""objGetSubType"", 1]]"	[]	"{""GETGLOBAL"": 56, ""GETTABLE"": 18, ""CALL"": 19, ""EQ"": 19, ""JMP"": 19, ""LOADBOOL"": 3, ""RETURN"": 4}"
795	0.33.743	2	0x13999d8	0x1399b6a	402	10002_data03.o	31165	31178	25	12	0	5	0	0	"[[""tgr_cha"", 5], [""tgr_RemoveItemFromCha"", 3], [""tgr_getNewItem"", 1], [""TriggerAddEffectAndTimes"", 1]]"	[]	"{""GETGLOBAL"": 10, ""LOADK"": 9, ""CALL"": 5, ""RETURN"": 1}"
796	0.33.744	2	0x1399b6a	0x139a090	1318	10002_data03.o	31192	31200	138	15	0	3	0	0	"[[""tgr_cha"", 19], [""objGetAttr"", 18], [""Cha_InventoryTakeItem"", 18], [""objGetSubType"", 1]]"	[]	"{""GETGLOBAL"": 56, ""GETTABLE"": 18, ""CALL"": 19, ""EQ"": 19, ""JMP"": 19, ""LOADBOOL"": 3, ""RETURN"": 4}"
797	0.33.745	2	0x139a090	0x139a222	402	10002_data03.o	31202	31215	25	12	0	5	0	0	"[[""tgr_cha"", 5], [""tgr_RemoveItemFromCha"", 3], [""tgr_getNewItem"", 1], [""TriggerAddEffectAndTimes"", 1]]"	[]	"{""GETGLOBAL"": 10, ""LOADK"": 9, ""CALL"": 5, ""RETURN"": 1}"
798	0.33.746	2	0x139a222	0x139a748	1318	10002_data03.o	31229	31237	138	15	0	3	0	0	"[[""tgr_cha"", 19], [""objGetAttr"", 18], [""Cha_InventoryTakeItem"", 18], [""objGetSubType"", 1]]"	[]	"{""GETGLOBAL"": 56, ""GETTABLE"": 18, ""CALL"": 19, ""EQ"": 19, ""JMP"": 19, ""LOADBOOL"": 3, ""RETURN"": 4}"
799	0.33.747	2	0x139a748	0x139a8da	402	10002_data03.o	31239	31252	25	12	0	5	0	0	"[[""tgr_cha"", 5], [""tgr_RemoveItemFromCha"", 3], [""tgr_getNewItem"", 1], [""TriggerAddEffectAndTimes"", 1]]"	[]	"{""GETGLOBAL"": 10, ""LOADK"": 9, ""CALL"": 5, ""RETURN"": 1}"
800	0.33.748	2	0x139a8da	0x139ae00	1318	10002_data03.o	31266	31274	138	15	0	3	0	0	"[[""tgr_cha"", 19], [""objGetAttr"", 18], [""Cha_InventoryTakeItem"", 18], [""objGetSubType"", 1]]"	[]	"{""GETGLOBAL"": 56, ""GETTABLE"": 18, ""CALL"": 19, ""EQ"": 19, ""JMP"": 19, ""LOADBOOL"": 3, ""RETURN"": 4}"
801	0.33.749	2	0x139ae00	0x139af92	402	10002_data03.o	31276	31289	25	12	0	5	0	0	"[[""tgr_cha"", 5], [""tgr_RemoveItemFromCha"", 3], [""tgr_getNewItem"", 1], [""TriggerAddEffectAndTimes"", 1]]"	[]	"{""GETGLOBAL"": 10, ""LOADK"": 9, ""CALL"": 5, ""RETURN"": 1}"
802	0.33.750	2	0x139af92	0x139b4b8	1318	10002_data03.o	31303	31311	138	15	0	3	0	0	"[[""tgr_cha"", 19], [""objGetAttr"", 18], [""Cha_InventoryTakeItem"", 18], [""objGetSubType"", 1]]"	[]	"{""GETGLOBAL"": 56, ""GETTABLE"": 18, ""CALL"": 19, ""EQ"": 19, ""JMP"": 19, ""LOADBOOL"": 3, ""RETURN"": 4}"
803	0.33.751	2	0x139b4b8	0x139b64a	402	10002_data03.o	31313	31326	25	12	0	5	0	0	"[[""tgr_cha"", 5], [""tgr_RemoveItemFromCha"", 3], [""tgr_getNewItem"", 1], [""TriggerAddEffectAndTimes"", 1]]"	[]	"{""GETGLOBAL"": 10, ""LOADK"": 9, ""CALL"": 5, ""RETURN"": 1}"
804	0.33.752	2	0x139b64a	0x139bb70	1318	10002_data03.o	31340	31348	138	15	0	3	0	0	"[[""tgr_cha"", 19], [""objGetAttr"", 18], [""Cha_InventoryTakeItem"", 18], [""objGetSubType"", 1]]"	[]	"{""GETGLOBAL"": 56, ""GETTABLE"": 18, ""CALL"": 19, ""EQ"": 19, ""JMP"": 19, ""LOADBOOL"": 3, ""RETURN"": 4}"
805	0.33.753	2	0x139bb70	0x139bd02	402	10002_data03.o	31350	31363	25	12	0	5	0	0	"[[""tgr_cha"", 5], [""tgr_RemoveItemFromCha"", 3], [""tgr_getNewItem"", 1], [""TriggerAddEffectAndTimes"", 1]]"	[]	"{""GETGLOBAL"": 10, ""LOADK"": 9, ""CALL"": 5, ""RETURN"": 1}"
806	0.33.754	2	0x139bd02	0x139c228	1318	10002_data03.o	31377	31385	138	15	0	3	0	0	"[[""tgr_cha"", 19], [""objGetAttr"", 18], [""Cha_InventoryTakeItem"", 18], [""objGetSubType"", 1]]"	[]	"{""GETGLOBAL"": 56, ""GETTABLE"": 18, ""CALL"": 19, ""EQ"": 19, ""JMP"": 19, ""LOADBOOL"": 3, ""RETURN"": 4}"
807	0.33.755	2	0x139c228	0x139c3ba	402	10002_data03.o	31387	31400	25	12	0	5	0	0	"[[""tgr_cha"", 5], [""tgr_RemoveItemFromCha"", 3], [""tgr_getNewItem"", 1], [""TriggerAddEffectAndTimes"", 1]]"	[]	"{""GETGLOBAL"": 10, ""LOADK"": 9, ""CALL"": 5, ""RETURN"": 1}"
808	0.33.756	2	0x139c3ba	0x139c8e0	1318	10002_data03.o	31414	31422	138	15	0	3	0	0	"[[""tgr_cha"", 19], [""objGetAttr"", 18], [""Cha_InventoryTakeItem"", 18], [""objGetSubType"", 1]]"	[]	"{""GETGLOBAL"": 56, ""GETTABLE"": 18, ""CALL"": 19, ""EQ"": 19, ""JMP"": 19, ""LOADBOOL"": 3, ""RETURN"": 4}"
809	0.33.757	2	0x139c8e0	0x139ca72	402	10002_data03.o	31424	31437	25	12	0	5	0	0	"[[""tgr_cha"", 5], [""tgr_RemoveItemFromCha"", 3], [""tgr_getNewItem"", 1], [""TriggerAddEffectAndTimes"", 1]]"	[]	"{""GETGLOBAL"": 10, ""LOADK"": 9, ""CALL"": 5, ""RETURN"": 1}"
810	0.33.758	2	0x139ca72	0x139cf98	1318	10002_data03.o	31451	31459	138	15	0	3	0	0	"[[""tgr_cha"", 19], [""objGetAttr"", 18], [""Cha_InventoryTakeItem"", 18], [""objGetSubType"", 1]]"	[]	"{""GETGLOBAL"": 56, ""GETTABLE"": 18, ""CALL"": 19, ""EQ"": 19, ""JMP"": 19, ""LOADBOOL"": 3, ""RETURN"": 4}"
811	0.33.759	2	0x139cf98	0x139d12a	402	10002_data03.o	31461	31474	25	12	0	5	0	0	"[[""tgr_cha"", 5], [""tgr_RemoveItemFromCha"", 3], [""tgr_getNewItem"", 1], [""TriggerAddEffectAndTimes"", 1]]"	[]	"{""GETGLOBAL"": 10, ""LOADK"": 9, ""CALL"": 5, ""RETURN"": 1}"
812	0.33.760	2	0x139d12a	0x139d650	1318	10002_data03.o	31488	31496	138	15	0	3	0	0	"[[""tgr_cha"", 19], [""objGetAttr"", 18], [""Cha_InventoryTakeItem"", 18], [""objGetSubType"", 1]]"	[]	"{""GETGLOBAL"": 56, ""GETTABLE"": 18, ""CALL"": 19, ""EQ"": 19, ""JMP"": 19, ""LOADBOOL"": 3, ""RETURN"": 4}"
813	0.33.761	2	0x139d650	0x139d7e2	402	10002_data03.o	31498	31511	25	12	0	5	0	0	"[[""tgr_cha"", 5], [""tgr_RemoveItemFromCha"", 3], [""tgr_getNewItem"", 1], [""TriggerAddEffectAndTimes"", 1]]"	[]	"{""GETGLOBAL"": 10, ""LOADK"": 9, ""CALL"": 5, ""RETURN"": 1}"
814	0.33.762	2	0x139d7e2	0x139dd08	1318	10002_data03.o	31525	31533	138	15	0	3	0	0	"[[""tgr_cha"", 19], [""objGetAttr"", 18], [""Cha_InventoryTakeItem"", 18], [""objGetSubType"", 1]]"	[]	"{""GETGLOBAL"": 56, ""GETTABLE"": 18, ""CALL"": 19, ""EQ"": 19, ""JMP"": 19, ""LOADBOOL"": 3, ""RETURN"": 4}"
815	0.33.763	2	0x139dd08	0x139de9a	402	10002_data03.o	31535	31548	25	12	0	5	0	0	"[[""tgr_cha"", 5], [""tgr_RemoveItemFromCha"", 3], [""tgr_getNewItem"", 1], [""TriggerAddEffectAndTimes"", 1]]"	[]	"{""GETGLOBAL"": 10, ""LOADK"": 9, ""CALL"": 5, ""RETURN"": 1}"
816	0.33.764	2	0x139de9a	0x139e3c0	1318	10002_data03.o	31562	31570	138	15	0	3	0	0	"[[""tgr_cha"", 19], [""objGetAttr"", 18], [""Cha_InventoryTakeItem"", 18], [""objGetSubType"", 1]]"	[]	"{""GETGLOBAL"": 56, ""GETTABLE"": 18, ""CALL"": 19, ""EQ"": 19, ""JMP"": 19, ""LOADBOOL"": 3, ""RETURN"": 4}"
817	0.33.765	2	0x139e3c0	0x139e552	402	10002_data03.o	31572	31585	25	12	0	5	0	0	"[[""tgr_cha"", 5], [""tgr_RemoveItemFromCha"", 3], [""tgr_getNewItem"", 1], [""TriggerAddEffectAndTimes"", 1]]"	[]	"{""GETGLOBAL"": 10, ""LOADK"": 9, ""CALL"": 5, ""RETURN"": 1}"
818	0.33.766	2	0x139e552	0x139e626	212	10002_data03.o	31599	31607	15	4	0	2	0	0	"[[""_template_data_0001"", 2]]"	[]	"{""GETGLOBAL"": 2, ""GETTABLE"": 2, ""EQ"": 2, ""JMP"": 2, ""LOADBOOL"": 3, ""RETURN"": 4}"
819	0.33.767	2	0x139e626	0x139e955	815	10002_data03.o	31609	31643	66	19	0	9	3	0	"[[""AddChaPoint"", 6], [""AddCha"", 3], [""lua_objSetAttr"", 3], [""NEXTPOINT"", 3]]"	[]	"{""GETGLOBAL"": 15, ""LOADK"": 24, ""CALL"": 12, ""MOVE"": 12, ""LOADNIL"": 2, ""RETURN"": 1}"
820	0.33.768	2	0x139e955	0x139ea29	212	10002_data03.o	31657	31665	15	4	0	2	0	0	"[[""_template_data_0001"", 2]]"	[]	"{""GETGLOBAL"": 2, ""GETTABLE"": 2, ""EQ"": 2, ""JMP"": 2, ""LOADBOOL"": 3, ""RETURN"": 4}"
821	0.33.769	2	0x139ea29	0x139ec74	587	10002_data03.o	31667	31690	44	15	0	8	2	0	"[[""AddChaPoint"", 4], [""AddCha"", 2], [""lua_objSetAttr"", 2], [""NEXTPOINT"", 2]]"	[]	"{""GETGLOBAL"": 10, ""LOADK"": 16, ""CALL"": 8, ""MOVE"": 8, ""LOADNIL"": 1, ""RETURN"": 1}"
822	0.33.770	2	0x139ec74	0x139ee2a	438	10002_data03.o	31704	31718	35	11	0	4	0	0	"[[""_template_data_0001"", 5], [""GetInt"", 2]]"	[]	"{""GETGLOBAL"": 7, ""GETTABLE"": 5, ""MUL"": 1, ""CALL"": 2, ""ADD"": 1, ""LT"": 1, ""JMP"": 4, ""LOADBOOL"": 5, ""RETURN"": 6, ""LE"": 1, ""EQ"": 2}"
823	0.33.771	2	0x139ee2a	0x139f27d	1107	10002_data03.o	31720	31758	94	20	0	9	5	0	"[[""_template_data_0001"", 8], [""AddChaPoint"", 6], [""AddCha"", 3], [""GetInt"", 3], [""lua_objSetAttr"", 3], [""NEXTPOINT"", 3]]"	[]	"{""GETGLOBAL"": 26, ""GETTABLE"": 10, ""CALL"": 15, ""LOADK"": 23, ""MOVE"": 12, ""LOADNIL"": 2, ""MUL"": 2, ""ADD"": 2, ""SETTABLE"": 1, ""RETURN"": 1}"
824	0.33.772	2	0x139f27d	0x139f393	278	10002_data03.o	31772	31783	21	6	0	2	0	0	"[[""_template_data_0001"", 3]]"	[]	"{""GETGLOBAL"": 3, ""GETTABLE"": 3, ""LT"": 1, ""JMP"": 3, ""LOADBOOL"": 4, ""RETURN"": 5, ""EQ"": 2}"
825	0.33.773	2	0x139f393	0x139ff4a	2999	10002_data03.o	31785	31847	310	33	0	14	6	0	"[[""tgr_SendSignal"", 24], [""_template_data_0001"", 20], [""GetInt"", 7], [""TriggerStringConcat"", 2], [""TriggerShowHint"", 1], [""tgr_cha"", 1]]"	[]	"{""LOADK"": 180, ""GETGLOBAL"": 55, ""GETTABLE"": 15, ""MUL"": 6, ""ADD"": 13, ""SETTABLE"": 5, ""CALL"": 34, ""MOVE"": 1, ""RETURN"": 1}"
826	0.33.774	2	0x139ff4a	0x13a001e	212	10002_data03.o	31861	31869	15	4	0	2	0	0	"[[""_template_data_0001"", 2]]"	[]	"{""GETGLOBAL"": 2, ""GETTABLE"": 2, ""EQ"": 2, ""JMP"": 2, ""LOADBOOL"": 3, ""RETURN"": 4}"
827	0.33.775	2	0x13a001e	0x13a0453	1077	10002_data03.o	31871	31916	91	21	0	9	4	0	"[[""_template_data_0001"", 8], [""AddChaPoint"", 4], [""tgr_GetRandomNum"", 2], [""AddCha"", 2], [""GetInt"", 2], [""lua_objSetAttr"", 2], [""NEXTPOINT"", 2]]"	[]	"{""LOADK"": 22, ""EQ"": 6, ""JMP"": 8, ""GETGLOBAL"": 22, ""GETTABLE"": 8, ""CALL"": 12, ""SETTABLE"": 2, ""LOADNIL"": 2, ""MOVE"": 8, ""RETURN"": 1}"
828	0.33.776	2	0x13a0453	0x13a0527	212	10002_data03.o	31930	31938	15	4	0	2	0	0	"[[""_template_data_0001"", 2]]"	[]	"{""GETGLOBAL"": 2, ""GETTABLE"": 2, ""EQ"": 2, ""JMP"": 2, ""LOADBOOL"": 3, ""RETURN"": 4}"
829	0.33.777	2	0x13a0527	0x13a0953	1068	10002_data03.o	31940	31985	91	20	0	9	4	0	"[[""_template_data_0001"", 8], [""AddChaPoint"", 4], [""tgr_GetRandomNum"", 2], [""AddCha"", 2], [""GetInt"", 2], [""lua_objSetAttr"", 2], [""NEXTPOINT"", 2]]"	[]	"{""LOADK"": 22, ""EQ"": 6, ""JMP"": 8, ""GETGLOBAL"": 22, ""GETTABLE"": 8, ""CALL"": 12, ""SETTABLE"": 2, ""LOADNIL"": 2, ""MOVE"": 8, ""RETURN"": 1}"
830	0.33.778	2	0x13a0953	0x13a0a27	212	10002_data03.o	31999	32007	15	4	0	2	0	0	"[[""_template_data_0001"", 2]]"	[]	"{""GETGLOBAL"": 2, ""GETTABLE"": 2, ""EQ"": 2, ""JMP"": 2, ""LOADBOOL"": 3, ""RETURN"": 4}"
831	0.33.779	2	0x13a0a27	0x13a0d44	797	10002_data03.o	32009	32043	66	17	0	9	3	0	"[[""AddChaPoint"", 6], [""AddCha"", 3], [""lua_objSetAttr"", 3], [""NEXTPOINT"", 3]]"	[]	"{""GETGLOBAL"": 15, ""LOADK"": 24, ""CALL"": 12, ""MOVE"": 12, ""LOADNIL"": 2, ""RETURN"": 1}"
832	0.33.780	2	0x13a0d44	0x13a0e5a	278	10002_data03.o	32057	32068	21	6	0	2	0	0	"[[""_template_data_0001"", 3]]"	[]	"{""GETGLOBAL"": 3, ""GETTABLE"": 3, ""EQ"": 2, ""JMP"": 3, ""LOADBOOL"": 4, ""RETURN"": 5, ""LE"": 1}"
833	0.33.781	2	0x13a0e5a	0x13a12bf	1125	10002_data03.o	32070	32124	99	19	0	11	5	0	"[[""AddChaPoint"", 8], [""AddCha"", 4], [""lua_objSetAttr"", 4], [""NEXTPOINT"", 4], [""_template_data_0001"", 1]]"	[]	"{""GETGLOBAL"": 21, ""LOADK"": 34, ""CALL"": 16, ""MOVE"": 16, ""LOADNIL"": 3, ""EQ"": 3, ""JMP"": 4, ""GETTABLE"": 1, ""RETURN"": 1}"
834	0.33.782	2	0x13a12bf	0x13a13cc	269	10002_data03.o	32138	32149	21	5	0	2	0	0	"[[""_template_data_0001"", 3]]"	[]	"{""GETGLOBAL"": 3, ""GETTABLE"": 3, ""EQ"": 2, ""JMP"": 3, ""LOADBOOL"": 4, ""RETURN"": 5, ""LE"": 1}"
835	0.33.783	2	0x13a13cc	0x13a1831	1125	10002_data03.o	32151	32205	99	19	0	11	5	0	"[[""AddChaPoint"", 8], [""AddCha"", 4], [""lua_objSetAttr"", 4], [""NEXTPOINT"", 4], [""_template_data_0001"", 1]]"	[]	"{""GETGLOBAL"": 21, ""LOADK"": 34, ""CALL"": 16, ""MOVE"": 16, ""LOADNIL"": 3, ""EQ"": 3, ""JMP"": 4, ""GETTABLE"": 1, ""RETURN"": 1}"
836	0.33.784	2	0x13a1831	0x13a18cc	155	10002_data03.o	32219	32224	9	3	0	2	0	0	"[[""_template_data_0001"", 1]]"	[]	"{""GETGLOBAL"": 1, ""GETTABLE"": 1, ""EQ"": 1, ""JMP"": 1, ""LOADBOOL"": 2, ""RETURN"": 3}"
837	0.33.785	2	0x13a18cc	0x13a2d22	5206	10002_data03.o	32226	32368	514	32	0	19	30	0	"[[""tgr_cha"", 30], [""tgr_SendSignal"", 24], [""TriggerShowHint"", 15], [""AddChaPoint"", 6], [""GetPlayerUseHeroNum"", 3], [""GetPlayerUseHeroCha"", 3], [""TriggerCheckChatypeID"", 3], [""TriggerAddUnitAttr"", 3], [""lua_objSetAttr"", 3], [""NEXTPOINT"", 3]]"	"[[""tgr_cha"", 3]]"	"{""LOADK"": 315, ""FORPREP"": 6, ""GETGLOBAL"": 93, ""MOVE"": 12, ""CALL"": 60, ""SETGLOBAL"": 3, ""EQ"": 6, ""JMP"": 9, ""TEST"": 3, ""FORLOOP"": 6, ""RETURN"": 1}"
838	0.33.786	2	0x13a2d22	0x13a2dbd	155	10002_data03.o	32382	32387	9	3	0	2	0	0	"[[""_template_data_0001"", 1]]"	[]	"{""GETGLOBAL"": 1, ""GETTABLE"": 1, ""EQ"": 1, ""JMP"": 1, ""LOADBOOL"": 2, ""RETURN"": 3}"
839	0.33.787	2	0x13a2dbd	0x13a358d	2000	10002_data03.o	32389	32440	188	45	0	10	0	0	"[[""_template_data_0001"", 49], [""TriggerSetLable"", 8], [""tgr_cha"", 8], [""GetInt"", 7], [""TriggerStringConcat"", 6]]"	[]	"{""GETGLOBAL"": 78, ""GETTABLE"": 43, ""ADD"": 7, ""CALL"": 21, ""SETTABLE"": 6, ""LOADK"": 32, ""RETURN"": 1}"
840	0.33.788	2	0x13a358d	0x13a362e	161	10002_data03.o	32454	32459	10	3	0	2	0	0	"[[""objGetSubType"", 1], [""tgr_cha"", 1]]"	[]	"{""GETGLOBAL"": 2, ""CALL"": 1, ""EQ"": 1, ""JMP"": 1, ""LOADBOOL"": 2, ""RETURN"": 3}"
841	0.33.789	2	0x13a362e	0x13a379d	367	10002_data03.o	32461	32471	21	10	0	9	0	0	"[[""tgr_cha"", 3], [""tgr_RemoveItemFromCha"", 1], [""tgr_getNewItem"", 1], [""TriggerShowHint"", 1]]"	[]	"{""GETGLOBAL"": 6, ""LOADK"": 11, ""CALL"": 3, ""RETURN"": 1}"
842	0.33.790	2	0x13a379d	0x13a383e	161	10002_data03.o	32485	32490	10	3	0	2	0	0	"[[""objGetSubType"", 1], [""tgr_cha"", 1]]"	[]	"{""GETGLOBAL"": 2, ""CALL"": 1, ""EQ"": 1, ""JMP"": 1, ""LOADBOOL"": 2, ""RETURN"": 3}"
843	0.33.791	2	0x13a383e	0x13a39ad	367	10002_data03.o	32492	32502	21	10	0	9	0	0	"[[""tgr_cha"", 3], [""tgr_RemoveItemFromCha"", 1], [""tgr_getNewItem"", 1], [""TriggerShowHint"", 1]]"	[]	"{""GETGLOBAL"": 6, ""LOADK"": 11, ""CALL"": 3, ""RETURN"": 1}"
844	0.33.792	2	0x13a39ad	0x13a3cdf	818	10002_data03.o	32516	32521	77	14	0	3	0	0	"[[""objGetAttr"", 9], [""tgr_NormalAtkObj"", 9], [""Cha_InventoryTakeItem"", 9]]"	[]	"{""GETGLOBAL"": 27, ""GETTABLE"": 18, ""CALL"": 9, ""EQ"": 9, ""JMP"": 9, ""LOADBOOL"": 2, ""RETURN"": 3}"
845	0.33.793	2	0x13a3cdf	0x13a3dae	207	10002_data03.o	32523	32532	10	6	0	2	0	0	"[[""GetRandomNumber"", 1], [""Skill_Refresh"", 1], [""tgr_NormalAtkObj"", 1]]"	[]	"{""GETGLOBAL"": 3, ""LOADK"": 1, ""CALL"": 2, ""LE"": 1, ""JMP"": 1, ""GETTABLE"": 1, ""RETURN"": 1}"
846	0.33.794	2	0x13a3dae	0x13a3e4f	161	10002_data03.o	32546	32551	10	3	0	2	0	0	"[[""objGetSubType"", 1], [""tgr_cha"", 1]]"	[]	"{""GETGLOBAL"": 2, ""CALL"": 1, ""EQ"": 1, ""JMP"": 1, ""LOADBOOL"": 2, ""RETURN"": 3}"
847	0.33.795	2	0x13a3e4f	0x13a3fd5	390	10002_data03.o	32553	32567	23	12	0	5	0	0	"[[""tgr_cha"", 4], [""TriggerAddUnitAttr"", 2], [""tgr_RemoveItemFromCha"", 1], [""TriggerAddEffectAndTimes"", 1]]"	[]	"{""GETGLOBAL"": 8, ""LOADK"": 10, ""CALL"": 4, ""RETURN"": 1}"
848	0.33.796	2	0x13a3fd5	0x13a4076	161	10002_data03.o	32581	32586	10	3	0	2	0	0	"[[""objGetSubType"", 1], [""tgr_cha"", 1]]"	[]	"{""GETGLOBAL"": 2, ""CALL"": 1, ""EQ"": 1, ""JMP"": 1, ""LOADBOOL"": 2, ""RETURN"": 3}"
849	0.33.797	2	0x13a4076	0x13a426e	504	10002_data03.o	32588	32608	35	14	0	5	0	0	"[[""tgr_cha"", 6], [""TriggerAddUnitAttr"", 4], [""tgr_RemoveItemFromCha"", 1], [""TriggerAddEffectAndTimes"", 1]]"	[]	"{""GETGLOBAL"": 12, ""LOADK"": 16, ""CALL"": 6, ""RETURN"": 1}"
850	0.33.798	2	0x13a426e	0x13a430f	161	10002_data03.o	32622	32627	10	3	0	2	0	0	"[[""objGetSubType"", 1], [""tgr_cha"", 1]]"	[]	"{""GETGLOBAL"": 2, ""CALL"": 1, ""EQ"": 1, ""JMP"": 1, ""LOADBOOL"": 2, ""RETURN"": 3}"
851	0.33.799	2	0x13a430f	0x13a4495	390	10002_data03.o	32629	32643	23	12	0	5	0	0	"[[""tgr_cha"", 4], [""TriggerAddUnitAttr"", 2], [""tgr_RemoveItemFromCha"", 1], [""TriggerAddEffectAndTimes"", 1]]"	[]	"{""GETGLOBAL"": 8, ""LOADK"": 10, ""CALL"": 4, ""RETURN"": 1}"
852	0.33.800	2	0x13a4495	0x13a4536	161	10002_data03.o	32657	32662	10	3	0	2	0	0	"[[""objGetSubType"", 1], [""tgr_cha"", 1]]"	[]	"{""GETGLOBAL"": 2, ""CALL"": 1, ""EQ"": 1, ""JMP"": 1, ""LOADBOOL"": 2, ""RETURN"": 3}"
853	0.33.801	2	0x13a4536	0x13a474b	533	10002_data03.o	32664	32684	35	16	0	5	0	0	"[[""tgr_cha"", 6], [""tgr_getNewItem"", 2], [""TriggerAddUnitAttr"", 2], [""tgr_RemoveItemFromCha"", 1], [""TriggerAddEffectAndTimes"", 1]]"	[]	"{""GETGLOBAL"": 12, ""LOADK"": 16, ""CALL"": 6, ""RETURN"": 1}"
854	0.33.802	2	0x13a474b	0x13a47ec	161	10002_data03.o	32698	32703	10	3	0	2	0	0	"[[""objGetSubType"", 1], [""tgr_cha"", 1]]"	[]	"{""GETGLOBAL"": 2, ""CALL"": 1, ""EQ"": 1, ""JMP"": 1, ""LOADBOOL"": 2, ""RETURN"": 3}"
855	0.33.803	2	0x13a47ec	0x13a4994	424	10002_data03.o	32705	32719	24	13	0	6	0	0	"[[""tgr_cha"", 5], [""TriggerAddUnitAttr"", 1], [""TriggerAddSkillState"", 1], [""tgr_RemoveItemFromCha"", 1], [""TriggerAddEffectAndTimes"", 1]]"	[]	"{""GETGLOBAL"": 9, ""LOADK"": 10, ""CALL"": 4, ""RETURN"": 1}"
856	0.33.804	2	0x13a4994	0x13a4c06	626	10002_data03.o	32733	32744	53	12	0	3	0	0	"[[""tgr_KEobj"", 6], [""TriggerCheckChatypeID"", 4], [""CONTROL_PLAYER"", 1], [""objGetControl"", 1], [""objGetSubType"", 1]]"	[]	"{""GETGLOBAL"": 13, ""GETTABLE"": 8, ""CALL"": 6, ""EQ"": 2, ""JMP"": 6, ""LOADBOOL"": 4, ""RETURN"": 5, ""LOADK"": 4, ""TEST"": 4, ""NOT"": 1}"
857	0.33.805	2	0x13a4c06	0x13a620d	5639	10002_data03.o	32746	33007	579	38	0	20	27	0	"[[""_template_data_0001"", 92], [""tgr_KEobj"", 27], [""GetInt"", 16], [""objGetControl"", 8], [""tgr_GetRandomNum"", 8], [""TriggerAddUnitAttr"", 8], [""TriggerStringConcat"", 8], [""TriggerPopupText"", 8], [""TriggerchaGetCustomizeData"", 1], [""IsChaInRegion"", 1], [""TriggerCheckChatypeID"", 1]]"	[]	"{""GETGLOBAL"": 178, ""GETTABLE"": 93, ""LOADK"": 103, ""CALL"": 59, ""SETTABLE"": 26, ""MUL"": 34, ""ADD"": 18, ""EQ"": 28, ""JMP"": 38, ""TEST"": 1, ""RETURN"": 1}"
858	0.33.806	2	0x13a620d	0x13a6348	315	10002_data03.o	33021	33029	22	7	0	3	0	0	"[[""tgr_KEobj"", 2], [""CONTROL_PLAYER"", 1], [""objGetControl"", 1], [""objGetSubType"", 1]]"	[]	"{""GETGLOBAL"": 5, ""GETTABLE"": 4, ""CALL"": 2, ""EQ"": 2, ""JMP"": 2, ""LOADBOOL"": 3, ""RETURN"": 4}"
859	0.33.807	2	0x13a6348	0x13a7d30	6632	10002_data03.o	33031	33351	662	39	0	20	43	0	"[[""_template_data_0001"", 108], [""tgr_KEobj"", 27], [""GetInt"", 16], [""objGetControl"", 8], [""tgr_GetRandomNum"", 8], [""TriggerAddUnitAttr"", 8], [""TriggerStringConcat"", 8], [""TriggerPopupText"", 8], [""TriggerchaGetCustomizeData"", 1], [""IsChaInRegion"", 1], [""TriggerCheckChatypeID"", 1]]"	[]	"{""GETGLOBAL"": 194, ""GETTABLE"": 101, ""LOADK"": 120, ""CALL"": 59, ""SETTABLE"": 34, ""MUL"": 50, ""ADD"": 34, ""EQ"": 29, ""JMP"": 39, ""TEST"": 1, ""RETURN"": 1}"
860	0.33.808	2	0x13a7d30	0x13a8190	1120	10002_data03.o	33365	33373	107	20	0	3	0	0	"[[""tgr_KEobj"", 14], [""TriggerCheckChatypeID"", 13], [""CONTROL_PLAYER"", 1], [""objGetControl"", 1]]"	[]	"{""GETGLOBAL"": 29, ""LOADK"": 13, ""GETTABLE"": 16, ""CALL"": 14, ""TEST"": 13, ""JMP"": 14, ""LOADBOOL"": 3, ""RETURN"": 4, ""EQ"": 1}"
861	0.33.809	2	0x13a8190	0x13a9ab9	6441	10002_data03.o	33375	33692	645	36	0	20	43	0	"[[""_template_data_0001"", 108], [""tgr_KEobj"", 25], [""GetInt"", 16], [""objGetControl"", 8], [""tgr_GetRandomNum"", 8], [""TriggerAddUnitAttr"", 8], [""TriggerStringConcat"", 8], [""TriggerPopupText"", 8], [""TriggerchaGetCustomizeData"", 1]]"	[]	"{""GETGLOBAL"": 190, ""GETTABLE"": 99, ""LOADK"": 117, ""CALL"": 57, ""SETTABLE"": 34, ""MUL"": 50, ""ADD"": 34, ""EQ"": 27, ""JMP"": 36, ""RETURN"": 1}"
862	0.33.810	2	0x13a9ab9	0x13a9e2f	886	10002_data03.o	33706	33714	81	16	0	3	0	0	"[[""tgr_KEobj"", 10], [""TriggerCheckChatypeID"", 7], [""CONTROL_PLAYER"", 2], [""objGetControl"", 2], [""objGetSubType"", 1]]"	[]	"{""GETGLOBAL"": 22, ""GETTABLE"": 14, ""CALL"": 10, ""EQ"": 3, ""JMP"": 10, ""LOADK"": 7, ""TEST"": 7, ""NOT"": 1, ""LOADBOOL"": 3, ""RETURN"": 4}"
863	0.33.811	2	0x13a9e2f	0x13ab758	6441	10002_data03.o	33716	34033	645	36	0	20	43	0	"[[""_template_data_0001"", 108], [""tgr_KEobj"", 25], [""GetInt"", 16], [""objGetControl"", 8], [""tgr_GetRandomNum"", 8], [""TriggerAddUnitAttr"", 8], [""TriggerStringConcat"", 8], [""TriggerPopupText"", 8], [""TriggerchaGetCustomizeData"", 1]]"	[]	"{""GETGLOBAL"": 190, ""GETTABLE"": 99, ""LOADK"": 117, ""CALL"": 57, ""SETTABLE"": 34, ""MUL"": 50, ""ADD"": 34, ""EQ"": 27, ""JMP"": 36, ""RETURN"": 1}"
864	0.33.812	2	0x13ab758	0x13ab948	496	10002_data03.o	34047	34055	39	10	0	3	0	0	"[[""tgr_KEobj"", 4], [""CONTROL_PLAYER"", 2], [""objGetControl"", 2], [""TriggerCheckChatypeID"", 1], [""objGetSubType"", 1]]"	[]	"{""GETGLOBAL"": 10, ""GETTABLE"": 8, ""CALL"": 4, ""EQ"": 3, ""JMP"": 4, ""LOADK"": 1, ""NOT"": 1, ""TEST"": 1, ""LOADBOOL"": 3, ""RETURN"": 4}"
865	0.33.813	2	0x13ab948	0x13ad0c9	6017	10002_data03.o	34057	34350	597	33	0	20	43	0	"[[""_template_data_0001"", 100], [""tgr_KEobj"", 25], [""GetInt"", 16], [""objGetControl"", 8], [""TriggerAddUnitAttr"", 8], [""TriggerStringConcat"", 8], [""TriggerPopupText"", 8], [""TriggerchaGetCustomizeData"", 1]]"	[]	"{""GETGLOBAL"": 174, ""GETTABLE"": 99, ""LOADK"": 101, ""CALL"": 49, ""SETTABLE"": 26, ""MUL"": 50, ""ADD"": 34, ""EQ"": 27, ""JMP"": 36, ""RETURN"": 1}"
866	0.33.814	2	0x13ad0c9	0x13ad2d0	519	10002_data03.o	34364	34369	47	9	0	3	0	0	"[[""TriggerCheckChatypeID"", 6], [""tgr_KEobj"", 6]]"	[]	"{""GETGLOBAL"": 12, ""LOADK"": 6, ""GETTABLE"": 6, ""CALL"": 6, ""TEST"": 6, ""JMP"": 6, ""LOADBOOL"": 2, ""RETURN"": 3}"
867	0.33.815	2	0x13ad2d0	0x13aebf9	6441	10002_data03.o	34371	34688	645	36	0	20	43	0	"[[""_template_data_0001"", 108], [""tgr_KEobj"", 25], [""GetInt"", 16], [""objGetControl"", 8], [""tgr_GetRandomNum"", 8], [""TriggerAddUnitAttr"", 8], [""TriggerStringConcat"", 8], [""TriggerPopupText"", 8], [""TriggerchaGetCustomizeData"", 1]]"	[]	"{""GETGLOBAL"": 190, ""GETTABLE"": 99, ""LOADK"": 117, ""CALL"": 57, ""SETTABLE"": 34, ""MUL"": 50, ""ADD"": 34, ""EQ"": 27, ""JMP"": 36, ""RETURN"": 1}"
868	0.33.816	2	0x13aebf9	0x13aec9a	161	10002_data03.o	34702	34707	10	3	0	2	0	0	"[[""objGetSubType"", 1], [""tgr_cha"", 1]]"	[]	"{""GETGLOBAL"": 2, ""CALL"": 1, ""EQ"": 1, ""JMP"": 1, ""LOADBOOL"": 2, ""RETURN"": 3}"
869	0.33.817	2	0x13aec9a	0x13af0e5	1099	10002_data03.o	34709	34753	78	19	0	11	2	0	"[[""tgr_cha"", 7], [""_template_data_0001"", 3], [""TriggerShowHint"", 3], [""TriggerchaGetCustomizeData"", 1], [""TriggerchaSetCustomizeData"", 1], [""TriggerAddEffect"", 1], [""TriggerAddEffectAndTimes"", 1]]"	[]	"{""GETGLOBAL"": 17, ""LOADK"": 36, ""CALL"": 7, ""SETTABLE"": 1, ""EQ"": 6, ""JMP"": 8, ""GETTABLE"": 2, ""RETURN"": 1}"
870	0.33.818	2	0x13af0e5	0x13af186	161	10002_data03.o	34767	34772	10	3	0	2	0	0	"[[""objGetSubType"", 1], [""tgr_cha"", 1]]"	[]	"{""GETGLOBAL"": 2, ""CALL"": 1, ""EQ"": 1, ""JMP"": 1, ""LOADBOOL"": 2, ""RETURN"": 3}"
871	0.33.819	2	0x13af186	0x13b0587	5121	10002_data03.o	34774	35056	545	40	0	16	13	0	"[[""_template_data_0001"", 65], [""tgr_cha"", 44], [""TriggerGetControlChaName"", 10], [""TriggerStringConcat"", 10], [""TriggerShowHint"", 10], [""objGetAttr"", 9], [""Cha_InventoryTakeItem"", 9], [""tgr_getNewItem"", 7], [""TriggerAddUnitAttr"", 5], [""tgr_GetRandomNum"", 2], [""TriggerchaSetCustomizeData"", 2], [""TriggerchaGetCustomizeData"", 1]]"	[]	"{""GETGLOBAL"": 174, ""LOADK"": 133, ""CALL"": 56, ""SETTABLE"": 23, ""EQ"": 45, ""JMP"": 60, ""GETTABLE"": 51, ""LE"": 2, ""RETURN"": 1}"
872	0.33.820	2	0x13b0587	0x13b0628	161	10002_data03.o	35070	35075	10	3	0	2	0	0	"[[""objGetSubType"", 1], [""tgr_cha"", 1]]"	[]	"{""GETGLOBAL"": 2, ""CALL"": 1, ""EQ"": 1, ""JMP"": 1, ""LOADBOOL"": 2, ""RETURN"": 3}"
873	0.33.821	2	0x13b0628	0x13b0907	735	10002_data03.o	35077	35111	52	15	0	11	2	0	"[[""tgr_cha"", 4], [""_template_data_0001"", 3], [""TriggerchaGetCustomizeData"", 1], [""TriggerchaSetCustomizeData"", 1], [""TriggerAddEffect"", 1], [""TriggerShowHint"", 1]]"	[]	"{""GETGLOBAL"": 11, ""LOADK"": 19, ""CALL"": 4, ""SETTABLE"": 1, ""EQ"": 6, ""JMP"": 8, ""GETTABLE"": 2, ""RETURN"": 1}"
874	0.33.822	2	0x13b0907	0x13b0a0a	259	10002_data03.o	35125	35130	19	5	0	3	0	0	"[[""TriggerCheckChatypeID"", 2], [""tgr_KEobj"", 2]]"	[]	"{""GETGLOBAL"": 4, ""LOADK"": 2, ""GETTABLE"": 2, ""CALL"": 2, ""TEST"": 2, ""JMP"": 2, ""LOADBOOL"": 2, ""RETURN"": 3}"
875	0.33.823	2	0x13b0a0a	0x13b3f8c	13698	10002_data03.o	35132	35841	1478	60	0	23	62	0	"[[""_template_data_0001"", 201], [""tgr_KEobj"", 62], [""GetInt"", 48], [""objGetControl"", 16], [""tgr_GetRandomNum"", 16], [""TriggerAddUnitAttr"", 16], [""TriggerStringConcat"", 16], [""TriggerPopupText"", 16], [""GetRandomNumber"", 9], [""tgr_getNewItem"", 9], [""TriggerchaGetCustomizeData"", 2], [""TriggerDeleteEffect"", 1], [""TriggerchaSetCustomizeData"", 1], [""TriggerShowHint"", 1], [""tgr_cha"", 1], [""TriggerAddEffectAndTimes"", 1]]"	[]	"{""GETGLOBAL"": 416, ""GETTABLE"": 212, ""LOADK"": 280, ""CALL"": 152, ""SETTABLE"": 51, ""MUL"": 66, ""ADD"": 50, ""EQ"": 84, ""JMP"": 139, ""LT"": 10, ""LE"": 17, ""RETURN"": 1}"
876	0.33.824	2	0x13b3f8c	0x13b404e	194	10002_data03.o	35855	35860	12	4	0	3	0	0	"[[""TriggerCheckChatypeID"", 1], [""tgr_KEobj"", 1]]"	[]	"{""GETGLOBAL"": 2, ""LOADK"": 1, ""GETTABLE"": 1, ""CALL"": 1, ""TEST"": 1, ""JMP"": 1, ""LOADBOOL"": 2, ""RETURN"": 3}"
877	0.33.825	2	0x13b404e	0x13b75d0	13698	10002_data03.o	35862	36571	1478	60	0	23	62	0	"[[""_template_data_0001"", 201], [""tgr_KEobj"", 62], [""GetInt"", 48], [""objGetControl"", 16], [""tgr_GetRandomNum"", 16], [""TriggerAddUnitAttr"", 16], [""TriggerStringConcat"", 16], [""TriggerPopupText"", 16], [""GetRandomNumber"", 9], [""tgr_getNewItem"", 9], [""TriggerchaGetCustomizeData"", 2], [""TriggerDeleteEffect"", 1], [""TriggerchaSetCustomizeData"", 1], [""TriggerShowHint"", 1], [""tgr_cha"", 1], [""TriggerAddEffectAndTimes"", 1]]"	[]	"{""GETGLOBAL"": 416, ""GETTABLE"": 212, ""LOADK"": 280, ""CALL"": 152, ""SETTABLE"": 51, ""MUL"": 66, ""ADD"": 50, ""EQ"": 84, ""JMP"": 139, ""LT"": 10, ""LE"": 17, ""RETURN"": 1}"
878	0.33.826	2	0x13b75d0	0x13b7692	194	10002_data03.o	36585	36590	12	4	0	3	0	0	"[[""TriggerCheckChatypeID"", 1], [""tgr_KEobj"", 1]]"	[]	"{""GETGLOBAL"": 2, ""LOADK"": 1, ""GETTABLE"": 1, ""CALL"": 1, ""TEST"": 1, ""JMP"": 1, ""LOADBOOL"": 2, ""RETURN"": 3}"
879	0.33.827	2	0x13b7692	0x13bac14	13698	10002_data03.o	36592	37301	1478	60	0	23	62	0	"[[""_template_data_0001"", 201], [""tgr_KEobj"", 62], [""GetInt"", 48], [""objGetControl"", 16], [""tgr_GetRandomNum"", 16], [""TriggerAddUnitAttr"", 16], [""TriggerStringConcat"", 16], [""TriggerPopupText"", 16], [""GetRandomNumber"", 9], [""tgr_getNewItem"", 9], [""TriggerchaGetCustomizeData"", 2], [""TriggerDeleteEffect"", 1], [""TriggerchaSetCustomizeData"", 1], [""TriggerShowHint"", 1], [""tgr_cha"", 1], [""TriggerAddEffectAndTimes"", 1]]"	[]	"{""GETGLOBAL"": 416, ""GETTABLE"": 212, ""LOADK"": 280, ""CALL"": 152, ""SETTABLE"": 51, ""MUL"": 66, ""ADD"": 50, ""EQ"": 84, ""JMP"": 139, ""LT"": 10, ""LE"": 17, ""RETURN"": 1}"
880	0.33.828	2	0x13bac14	0x13bad3d	297	10002_data03.o	37315	37323	20	7	0	3	0	0	"[[""tgr_KEobj"", 2], [""objGetSubType"", 1], [""objGetAttr"", 1], [""CREAT_SUMMERUNIT"", 1]]"	[]	"{""GETGLOBAL"": 5, ""GETTABLE"": 2, ""CALL"": 2, ""EQ"": 2, ""JMP"": 2, ""LOADBOOL"": 3, ""RETURN"": 4}"
881	0.33.829	2	0x13bad3d	0x13bb43e	1793	10002_data03.o	37325	37387	165	23	0	11	7	0	"[[""tgr_KEobj"", 15], [""objGetAttr"", 9], [""Cha_InventoryTakeItem"", 9], [""_template_data_0001"", 9], [""TriggerAddUnitAttr"", 4], [""TriggerchaGetCustomizeData"", 1], [""tgr_RemoveItemnumFromCha"", 1]]"	[]	"{""LOADK"": 23, ""EQ"": 16, ""JMP"": 20, ""GETGLOBAL"": 48, ""GETTABLE"": 30, ""CALL"": 15, ""SETTABLE"": 3, ""LT"": 1, ""MUL"": 4, ""ADD"": 4, ""RETURN"": 1}"
882	0.33.830	2	0x13bb43e	0x13bb5e1	419	10002_data03.o	37401	37412	29	10	0	3	0	0	"[[""tgr_NormalAtkObj"", 3], [""objGetSubType"", 1], [""TriggerCheckChatypeID"", 1], [""objGetAttr"", 1], [""CREAT_SUMMERUNIT"", 1]]"	[]	"{""GETGLOBAL"": 7, ""GETTABLE"": 3, ""CALL"": 3, ""EQ"": 2, ""JMP"": 3, ""LOADBOOL"": 4, ""RETURN"": 5, ""LOADK"": 1, ""TEST"": 1}"
883	0.33.831	2	0x13bb5e1	0x13bbd74	1939	10002_data03.o	37414	37478	174	29	0	11	5	0	"[[""tgr_NormalAtkObj"", 16], [""_template_data_0001"", 10], [""objGetAttr"", 9], [""Cha_InventoryTakeItem"", 9], [""TriggerAddUnitAttr"", 2], [""TriggerPopupText"", 2], [""TriggerchaGetCustomizeData"", 1], [""TriggerStringConcat"", 1], [""tgr_RemoveItemnumFromCha"", 1], [""TriggerchaSetCustomizeData"", 1]]"	[]	"{""LOADK"": 28, ""EQ"": 16, ""JMP"": 20, ""GETGLOBAL"": 52, ""GETTABLE"": 32, ""CALL"": 17, ""SETTABLE"": 3, ""LT"": 1, ""MUL"": 2, ""ADD"": 2, ""RETURN"": 1}"
884	0.33.832	2	0x13bbd74	0x13bbdb4	64	10002_data03.o	37492	37494	3	0	0	2	0	0	[]	[]	"{""LOADBOOL"": 1, ""RETURN"": 2}"
885	0.33.833	2	0x13bbdb4	0x13bbe90	220	10002_data03.o	37496	37504	11	4	0	5	2	0	"[[""_template_data_0001"", 2]]"	[]	"{""LOADK"": 2, ""GETGLOBAL"": 2, ""GETTABLE"": 1, ""MUL"": 2, ""ADD"": 2, ""SETTABLE"": 1, ""RETURN"": 1}"
886	0.33.834	2	0x13bbe90	0x13bbed0	64	10002_data03.o	37518	37520	3	0	0	2	0	0	[]	[]	"{""LOADBOOL"": 1, ""RETURN"": 2}"
887	0.33.835	2	0x13bbed0	0x13bbf49	121	10002_data03.o	37522	37526	5	3	0	3	0	0	"[[""Rem_Cha_State"", 1], [""tgr_cha"", 1]]"	[]	"{""GETGLOBAL"": 2, ""LOADK"": 1, ""CALL"": 1, ""RETURN"": 1}"
888	0.33.836	2	0x13bbf49	0x13bbf89	64	10002_data03.o	37540	37542	3	0	0	2	0	0	[]	[]	"{""LOADBOOL"": 1, ""RETURN"": 2}"
889	0.33.837	2	0x13bbf89	0x13bc002	121	10002_data03.o	37544	37548	5	3	0	3	0	0	"[[""Rem_Cha_State"", 1], [""tgr_cha"", 1]]"	[]	"{""GETGLOBAL"": 2, ""LOADK"": 1, ""CALL"": 1, ""RETURN"": 1}"
890	0.33.838	2	0x13bc002	0x13bc0c4	194	10002_data03.o	37563	37568	12	4	0	3	0	0	"[[""TriggerCheckChatypeID"", 1], [""tgr_CSobj"", 1]]"	[]	"{""GETGLOBAL"": 2, ""LOADK"": 1, ""GETTABLE"": 1, ""CALL"": 1, ""TEST"": 1, ""JMP"": 1, ""LOADBOOL"": 2, ""RETURN"": 3}"
891	0.33.839	2	0x13bc0c4	0x13bc187	195	10002_data03.o	37570	37574	10	6	0	6	0	0	"[[""tgr_CSobj"", 2], [""TriggerAddSkillState"", 1]]"	[]	"{""GETGLOBAL"": 3, ""GETTABLE"": 2, ""LOADK"": 3, ""CALL"": 1, ""RETURN"": 1}"
892	0.33.840	2	0x13bc187	0x13bc253	204	10002_data03.o	37588	37593	12	5	0	3	0	0	"[[""CheckSkillExist"", 1], [""tgr_NormalAtkObj"", 1]]"	[]	"{""GETGLOBAL"": 2, ""GETTABLE"": 1, ""LOADK"": 1, ""CALL"": 1, ""EQ"": 1, ""JMP"": 1, ""LOADBOOL"": 2, ""RETURN"": 3}"
893	0.33.841	2	0x13bc253	0x13bd6ea	5271	10002_data03.o	37595	37840	487	36	0	18	42	0	"[[""_template_data_0001"", 87], [""tgr_NormalAtkObj"", 13], [""TriggerDoAreaDamage"", 6], [""GetInt"", 6], [""TriggerCheckSkillLV"", 4], [""TriggerGetPolarCoordinates"", 4], [""TriggerAddEffectAtPara"", 4], [""TriggerGetPropertyValue"", 1], [""TriggerGetUnitPosition"", 1], [""Check_SkilleffNum_Bit"", 1]]"	[]	"{""GETGLOBAL"": 127, ""GETTABLE"": 72, ""LOADK"": 100, ""CALL"": 27, ""SETTABLE"": 28, ""EQ"": 13, ""JMP"": 32, ""TEST"": 4, ""MUL"": 34, ""ADD"": 32, ""NEWTABLE"": 6, ""SETLIST"": 6, ""LE"": 4, ""LT"": 1, ""RETURN"": 1}"
894	0.33.842	2	0x13bd6ea	0x13bd72a	64	10002_data03.o	37854	37856	3	0	0	2	0	0	[]	[]	"{""LOADBOOL"": 1, ""RETURN"": 2}"
895	0.33.843	2	0x13bd72a	0x13bd806	220	10002_data03.o	37858	37866	11	4	0	5	2	0	"[[""_template_data_0001"", 2]]"	[]	"{""LOADK"": 2, ""GETGLOBAL"": 2, ""GETTABLE"": 1, ""MUL"": 2, ""ADD"": 2, ""SETTABLE"": 1, ""RETURN"": 1}"
896	0.33.844	2	0x13bd806	0x13bd846	64	10002_data03.o	37880	37882	3	0	0	2	0	0	[]	[]	"{""LOADBOOL"": 1, ""RETURN"": 2}"
897	0.33.845	2	0x13bd846	0x13bd92b	229	10002_data03.o	37884	37892	11	5	0	5	2	0	"[[""_template_data_0001"", 2]]"	[]	"{""LOADK"": 2, ""GETGLOBAL"": 2, ""GETTABLE"": 1, ""MUL"": 2, ""ADD"": 2, ""SETTABLE"": 1, ""RETURN"": 1}"
898	0.33.846	2	0x13bd92b	0x13bd9cc	161	10002_data03.o	37906	37911	10	3	0	2	0	0	"[[""objGetSubType"", 1], [""tgr_cha"", 1]]"	[]	"{""GETGLOBAL"": 2, ""CALL"": 1, ""EQ"": 1, ""JMP"": 1, ""LOADBOOL"": 2, ""RETURN"": 3}"
899	0.33.847	2	0x13bd9cc	0x13bdd5d	913	10002_data03.o	37913	37929	81	17	0	6	1	0	"[[""tgr_cha"", 11], [""objGetAttr"", 9], [""Cha_InventoryTakeItem"", 9], [""tgr_RemoveItemFromCha"", 1], [""tgr_getNewItem"", 1]]"	[]	"{""LOADK"": 6, ""EQ"": 11, ""JMP"": 12, ""GETGLOBAL"": 31, ""GETTABLE"": 9, ""CALL"": 11, ""RETURN"": 1}"
900	0.33.848	2	0x13bdd5d	0x13bddfe	161	10002_data03.o	37943	37948	10	3	0	2	0	0	"[[""objGetSubType"", 1], [""tgr_cha"", 1]]"	[]	"{""GETGLOBAL"": 2, ""CALL"": 1, ""EQ"": 1, ""JMP"": 1, ""LOADBOOL"": 2, ""RETURN"": 3}"
901	0.33.849	2	0x13bddfe	0x13be18f	913	10002_data03.o	37950	37966	81	17	0	6	1	0	"[[""tgr_cha"", 11], [""objGetAttr"", 9], [""Cha_InventoryTakeItem"", 9], [""tgr_RemoveItemFromCha"", 1], [""tgr_getNewItem"", 1]]"	[]	"{""LOADK"": 6, ""EQ"": 11, ""JMP"": 12, ""GETGLOBAL"": 31, ""GETTABLE"": 9, ""CALL"": 11, ""RETURN"": 1}"
902	0.33.850	2	0x13be18f	0x13be5d1	1090	10002_data03.o	37980	37991	102	20	0	3	0	0	"[[""tgr_KEobj"", 13], [""TriggerCheckChatypeID"", 11], [""CONTROL_PLAYER"", 1], [""objGetControl"", 1], [""objGetSubType"", 1]]"	[]	"{""GETGLOBAL"": 27, ""LOADK"": 11, ""GETTABLE"": 15, ""CALL"": 13, ""TEST"": 11, ""JMP"": 13, ""NOT"": 1, ""LOADBOOL"": 4, ""RETURN"": 5, ""EQ"": 2}"
903	0.33.851	2	0x13be5d1	0x13bfd52	6017	10002_data03.o	37993	38286	597	33	0	20	43	0	"[[""_template_data_0001"", 100], [""tgr_KEobj"", 25], [""GetInt"", 16], [""objGetControl"", 8], [""TriggerAddUnitAttr"", 8], [""TriggerStringConcat"", 8], [""TriggerPopupText"", 8], [""TriggerchaGetCustomizeData"", 1]]"	[]	"{""GETGLOBAL"": 174, ""GETTABLE"": 99, ""LOADK"": 101, ""CALL"": 49, ""SETTABLE"": 26, ""MUL"": 50, ""ADD"": 34, ""EQ"": 27, ""JMP"": 36, ""RETURN"": 1}"
904	0.33.852	2	0x13bfd52	0x13bfe17	197	10002_data03.o	38300	38305	12	5	0	3	0	0	"[[""CheckSkillExist"", 1], [""tgr_CSobj"", 1]]"	[]	"{""GETGLOBAL"": 2, ""GETTABLE"": 1, ""LOADK"": 1, ""CALL"": 1, ""EQ"": 1, ""JMP"": 1, ""LOADBOOL"": 2, ""RETURN"": 3}"
905	0.33.853	2	0x13bfe17	0x13bfeda	195	10002_data03.o	38307	38311	10	6	0	6	0	0	"[[""tgr_CSobj"", 2], [""TriggerAddSkillState"", 1]]"	[]	"{""GETGLOBAL"": 3, ""GETTABLE"": 2, ""LOADK"": 3, ""CALL"": 1, ""RETURN"": 1}"
906	0.33.854	2	0x13bfeda	0x13c01ff	805	10002_data03.o	38325	38333	75	14	0	3	0	0	"[[""tgr_cha"", 10], [""objGetAttr"", 9], [""Cha_InventoryTakeItem"", 9], [""objGetSubType"", 1]]"	[]	"{""GETGLOBAL"": 29, ""GETTABLE"": 9, ""CALL"": 10, ""EQ"": 10, ""JMP"": 10, ""LOADBOOL"": 3, ""RETURN"": 4}"
907	0.33.855	2	0x13c01ff	0x13c0432	563	10002_data03.o	38335	38350	31	15	0	9	0	0	"[[""tgr_cha"", 5], [""tgr_RemoveItemFromCha"", 2], [""tgr_getNewItem"", 1], [""TriggerShowHint"", 1], [""TriggerAddEffectAndTimes"", 1]]"	[]	"{""GETGLOBAL"": 10, ""LOADK"": 15, ""CALL"": 5, ""RETURN"": 1}"
908	0.33.856	2	0x13c0432	0x13c0757	805	10002_data03.o	38364	38372	75	14	0	3	0	0	"[[""tgr_cha"", 10], [""objGetAttr"", 9], [""Cha_InventoryTakeItem"", 9], [""objGetSubType"", 1]]"	[]	"{""GETGLOBAL"": 29, ""GETTABLE"": 9, ""CALL"": 10, ""EQ"": 10, ""JMP"": 10, ""LOADBOOL"": 3, ""RETURN"": 4}"
909	0.33.857	2	0x13c0757	0x13c098a	563	10002_data03.o	38374	38389	31	15	0	9	0	0	"[[""tgr_cha"", 5], [""tgr_RemoveItemFromCha"", 2], [""tgr_getNewItem"", 1], [""TriggerShowHint"", 1], [""TriggerAddEffectAndTimes"", 1]]"	[]	"{""GETGLOBAL"": 10, ""LOADK"": 15, ""CALL"": 5, ""RETURN"": 1}"
910	0.33.858	2	0x13c098a	0x13c0a4f	197	10002_data03.o	38403	38408	12	5	0	3	0	0	"[[""CheckSkillExist"", 1], [""tgr_CSobj"", 1]]"	[]	"{""GETGLOBAL"": 2, ""GETTABLE"": 1, ""LOADK"": 1, ""CALL"": 1, ""EQ"": 1, ""JMP"": 1, ""LOADBOOL"": 2, ""RETURN"": 3}"
911	0.33.859	2	0x13c0a4f	0x13c0b12	195	10002_data03.o	38410	38414	10	6	0	6	0	0	"[[""tgr_CSobj"", 2], [""TriggerAddSkillState"", 1]]"	[]	"{""GETGLOBAL"": 3, ""GETTABLE"": 2, ""LOADK"": 3, ""CALL"": 1, ""RETURN"": 1}"
912	0.33.860	2	0x13c0b12	0x13c0bd7	197	10002_data03.o	38428	38433	12	5	0	3	0	0	"[[""CheckSkillExist"", 1], [""tgr_CSobj"", 1]]"	[]	"{""GETGLOBAL"": 2, ""GETTABLE"": 1, ""LOADK"": 1, ""CALL"": 1, ""EQ"": 1, ""JMP"": 1, ""LOADBOOL"": 2, ""RETURN"": 3}"
913	0.33.861	2	0x13c0bd7	0x13c0c9a	195	10002_data03.o	38435	38439	10	6	0	6	0	0	"[[""tgr_CSobj"", 2], [""TriggerAddSkillState"", 1]]"	[]	"{""GETGLOBAL"": 3, ""GETTABLE"": 2, ""LOADK"": 3, ""CALL"": 1, ""RETURN"": 1}"
914	0.33.862	2	0x13c0c9a	0x13c0d5f	197	10002_data03.o	38453	38458	12	5	0	3	0	0	"[[""CheckSkillExist"", 1], [""tgr_CSobj"", 1]]"	[]	"{""GETGLOBAL"": 2, ""GETTABLE"": 1, ""LOADK"": 1, ""CALL"": 1, ""EQ"": 1, ""JMP"": 1, ""LOADBOOL"": 2, ""RETURN"": 3}"
915	0.33.863	2	0x13c0d5f	0x13c0e22	195	10002_data03.o	38460	38464	10	6	0	6	0	0	"[[""tgr_CSobj"", 2], [""TriggerAddSkillState"", 1]]"	[]	"{""GETGLOBAL"": 3, ""GETTABLE"": 2, ""LOADK"": 3, ""CALL"": 1, ""RETURN"": 1}"
916	0.33.864	2	0x13c0e22	0x13c1147	805	10002_data03.o	38478	38486	75	14	0	3	0	0	"[[""tgr_cha"", 10], [""objGetAttr"", 9], [""Cha_InventoryTakeItem"", 9], [""objGetSubType"", 1]]"	[]	"{""GETGLOBAL"": 29, ""GETTABLE"": 9, ""CALL"": 10, ""EQ"": 10, ""JMP"": 10, ""LOADBOOL"": 3, ""RETURN"": 4}"
917	0.33.865	2	0x13c1147	0x13c137a	563	10002_data03.o	38488	38503	31	15	0	9	0	0	"[[""tgr_cha"", 5], [""tgr_RemoveItemFromCha"", 2], [""tgr_getNewItem"", 1], [""TriggerShowHint"", 1], [""TriggerAddEffectAndTimes"", 1]]"	[]	"{""GETGLOBAL"": 10, ""LOADK"": 15, ""CALL"": 5, ""RETURN"": 1}"
918	0.33.866	2	0x13c137a	0x13c169f	805	10002_data03.o	38517	38525	75	14	0	3	0	0	"[[""tgr_cha"", 10], [""objGetAttr"", 9], [""Cha_InventoryTakeItem"", 9], [""objGetSubType"", 1]]"	[]	"{""GETGLOBAL"": 29, ""GETTABLE"": 9, ""CALL"": 10, ""EQ"": 10, ""JMP"": 10, ""LOADBOOL"": 3, ""RETURN"": 4}"
919	0.33.867	2	0x13c169f	0x13c18d2	563	10002_data03.o	38527	38542	31	15	0	9	0	0	"[[""tgr_cha"", 5], [""tgr_RemoveItemFromCha"", 2], [""tgr_getNewItem"", 1], [""TriggerShowHint"", 1], [""TriggerAddEffectAndTimes"", 1]]"	[]	"{""GETGLOBAL"": 10, ""LOADK"": 15, ""CALL"": 5, ""RETURN"": 1}"
920	0.33.868	2	0x13c18d2	0x13c1bf7	805	10002_data03.o	38556	38564	75	14	0	3	0	0	"[[""tgr_cha"", 10], [""objGetAttr"", 9], [""Cha_InventoryTakeItem"", 9], [""objGetSubType"", 1]]"	[]	"{""GETGLOBAL"": 29, ""GETTABLE"": 9, ""CALL"": 10, ""EQ"": 10, ""JMP"": 10, ""LOADBOOL"": 3, ""RETURN"": 4}"
921	0.33.869	2	0x13c1bf7	0x13c1e2a	563	10002_data03.o	38566	38581	31	15	0	9	0	0	"[[""tgr_cha"", 5], [""tgr_RemoveItemFromCha"", 2], [""tgr_getNewItem"", 1], [""TriggerShowHint"", 1], [""TriggerAddEffectAndTimes"", 1]]"	[]	"{""GETGLOBAL"": 10, ""LOADK"": 15, ""CALL"": 5, ""RETURN"": 1}"
922	0.33.870	2	0x13c1e2a	0x13c214f	805	10002_data03.o	38595	38603	75	14	0	3	0	0	"[[""tgr_cha"", 10], [""objGetAttr"", 9], [""Cha_InventoryTakeItem"", 9], [""objGetSubType"", 1]]"	[]	"{""GETGLOBAL"": 29, ""GETTABLE"": 9, ""CALL"": 10, ""EQ"": 10, ""JMP"": 10, ""LOADBOOL"": 3, ""RETURN"": 4}"
923	0.33.871	2	0x13c214f	0x13c2382	563	10002_data03.o	38605	38620	31	15	0	9	0	0	"[[""tgr_cha"", 5], [""tgr_RemoveItemFromCha"", 2], [""tgr_getNewItem"", 1], [""TriggerShowHint"", 1], [""TriggerAddEffectAndTimes"", 1]]"	[]	"{""GETGLOBAL"": 10, ""LOADK"": 15, ""CALL"": 5, ""RETURN"": 1}"
924	0.33.872	2	0x13c2382	0x13c24bd	315	10002_data03.o	38634	38642	22	7	0	3	0	0	"[[""tgr_KEobj"", 2], [""CONTROL_PLAYER"", 1], [""objGetControl"", 1], [""objGetSubType"", 1]]"	[]	"{""GETGLOBAL"": 5, ""GETTABLE"": 4, ""CALL"": 2, ""EQ"": 2, ""JMP"": 2, ""LOADBOOL"": 3, ""RETURN"": 4}"
925	0.33.873	2	0x13c24bd	0x13c3a50	5523	10002_data03.o	38644	38757	638	25	0	12	7	0	"[[""tgr_KEobj"", 70], [""objGetAttr"", 63], [""Cha_InventoryTakeItem"", 63], [""GetRandomNumber"", 7], [""TriggerAddUnitAttr"", 7]]"	[]	"{""LOADK"": 42, ""EQ"": 77, ""JMP"": 91, ""GETGLOBAL"": 210, ""GETTABLE"": 133, ""CALL"": 77, ""LE"": 7, ""RETURN"": 1}"
926	0.33.874	2	0x13c3a50	0x13c3af1	161	10002_data03.o	38771	38776	10	3	0	2	0	0	"[[""objGetSubType"", 1], [""tgr_cha"", 1]]"	[]	"{""GETGLOBAL"": 2, ""CALL"": 1, ""EQ"": 1, ""JMP"": 1, ""LOADBOOL"": 2, ""RETURN"": 3}"
927	0.33.875	2	0x13c3af1	0x13c3c60	367	10002_data03.o	38778	38788	21	10	0	9	0	0	"[[""tgr_cha"", 3], [""tgr_RemoveItemFromCha"", 1], [""tgr_getNewItem"", 1], [""TriggerShowHint"", 1]]"	[]	"{""GETGLOBAL"": 6, ""LOADK"": 11, ""CALL"": 3, ""RETURN"": 1}"
928	0.33.876	2	0x13c3c60	0x13c3d11	177	10002_data03.o	38802	38807	11	3	0	3	0	0	"[[""TriggerCheckChatypeID"", 1], [""tgr_cha"", 1]]"	[]	"{""GETGLOBAL"": 2, ""LOADK"": 1, ""CALL"": 1, ""TEST"": 1, ""JMP"": 1, ""LOADBOOL"": 2, ""RETURN"": 3}"
929	0.33.877	2	0x13c3d11	0x13c4233	1314	10002_data03.o	38809	38897	119	20	0	11	7	0	"[[""_template_data_0001"", 8], [""tgr_LearnSkill"", 7], [""tgr_cha"", 7], [""tgr_GetRandomNum"", 1]]"	[]	"{""GETGLOBAL"": 23, ""LOADK"": 30, ""CALL"": 8, ""SETTABLE"": 1, ""EQ"": 21, ""JMP"": 28, ""GETTABLE"": 7, ""RETURN"": 1}"
930	0.33.878	2	0x13c4233	0x13c4558	805	10002_data03.o	38911	38919	75	14	0	3	0	0	"[[""tgr_cha"", 10], [""objGetAttr"", 9], [""Cha_InventoryTakeItem"", 9], [""objGetSubType"", 1]]"	[]	"{""GETGLOBAL"": 29, ""GETTABLE"": 9, ""CALL"": 10, ""EQ"": 10, ""JMP"": 10, ""LOADBOOL"": 3, ""RETURN"": 4}"
931	0.33.879	2	0x13c4558	0x13c478b	563	10002_data03.o	38921	38936	31	15	0	9	0	0	"[[""tgr_cha"", 5], [""tgr_RemoveItemFromCha"", 2], [""tgr_getNewItem"", 1], [""TriggerShowHint"", 1], [""TriggerAddEffectAndTimes"", 1]]"	[]	"{""GETGLOBAL"": 10, ""LOADK"": 15, ""CALL"": 5, ""RETURN"": 1}"
932	0.33.880	2	0x13c478b	0x13c4ab0	805	10002_data03.o	38950	38958	75	14	0	3	0	0	"[[""tgr_cha"", 10], [""objGetAttr"", 9], [""Cha_InventoryTakeItem"", 9], [""objGetSubType"", 1]]"	[]	"{""GETGLOBAL"": 29, ""GETTABLE"": 9, ""CALL"": 10, ""EQ"": 10, ""JMP"": 10, ""LOADBOOL"": 3, ""RETURN"": 4}"
933	0.33.881	2	0x13c4ab0	0x13c4ce3	563	10002_data03.o	38960	38975	31	15	0	9	0	0	"[[""tgr_cha"", 5], [""tgr_RemoveItemFromCha"", 2], [""tgr_getNewItem"", 1], [""TriggerShowHint"", 1], [""TriggerAddEffectAndTimes"", 1]]"	[]	"{""GETGLOBAL"": 10, ""LOADK"": 15, ""CALL"": 5, ""RETURN"": 1}"
934	0.33.882	2	0x13c4ce3	0x13c4d23	64	10002_data03.o	38989	38991	3	0	0	2	0	0	[]	[]	"{""LOADBOOL"": 1, ""RETURN"": 2}"
935	0.33.883	2	0x13c4d23	0x13c53f0	1741	10002_data03.o	38993	39017	155	16	0	9	0	0	"[[""tgr_SendSignal"", 16], [""TriggerShowHint"", 1], [""tgr_cha"", 1]]"	[]	"{""GETGLOBAL"": 18, ""LOADK"": 119, ""CALL"": 17, ""RETURN"": 1}"
936	0.33.884	2	0x13c53f0	0x13c5430	64	10002_data03.o	39031	39033	3	0	0	2	0	0	[]	[]	"{""LOADBOOL"": 1, ""RETURN"": 2}"
937	0.33.885	2	0x13c5430	0x13c5bd4	1956	10002_data03.o	39035	39127	154	23	0	15	18	0	"[[""_template_data_0001"", 37], [""TriggerGetPolarCoordinates"", 3], [""TriggerAddEffectAtPara"", 3], [""TriggerGetUnitPosition"", 1], [""tgr_CSobj"", 1]]"	[]	"{""GETGLOBAL"": 45, ""GETTABLE"": 22, ""CALL"": 7, ""SETTABLE"": 16, ""LOADK"": 27, ""LE"": 3, ""JMP"": 6, ""MUL"": 12, ""ADD"": 15, ""RETURN"": 1}"
938	0.33.886	2	0x13c5bd4	0x13c5f06	818	10002_data03.o	39141	39146	77	14	0	3	0	0	"[[""objGetAttr"", 9], [""tgr_NormalAtkObj"", 9], [""Cha_InventoryTakeItem"", 9]]"	[]	"{""GETGLOBAL"": 27, ""GETTABLE"": 18, ""CALL"": 9, ""EQ"": 9, ""JMP"": 9, ""LOADBOOL"": 2, ""RETURN"": 3}"
939	0.33.887	2	0x13c5f06	0x13c630c	1030	10002_data03.o	39148	39188	72	24	0	14	5	0	"[[""_template_data_0001"", 10], [""tgr_NormalAtkObj"", 4], [""TriggerGetUnitPosition"", 1], [""TriggerGetPropertyValue"", 1], [""TriggerDoAreaDamage"", 1], [""GetInt"", 1], [""TriggerAddEffectAndTimes"", 1]]"	[]	"{""LOADK"": 15, ""GETGLOBAL"": 19, ""GETTABLE"": 10, ""MUL"": 5, ""ADD"": 4, ""SETTABLE"": 4, ""EQ"": 3, ""JMP"": 4, ""CALL"": 5, ""NEWTABLE"": 1, ""SETLIST"": 1, ""RETURN"": 1}"
940	0.33.888	2	0x13c630c	0x13c634c	64	10002_data03.o	39202	39204	3	0	0	2	0	0	[]	[]	"{""LOADBOOL"": 1, ""RETURN"": 2}"
941	0.33.889	2	0x13c634c	0x13c6703	951	10002_data03.o	39206	39230	59	16	0	14	10	0	"[[""tgr_cha"", 6], [""TriggerCheckChatypeID"", 2], [""GetPlayerUseHeroNum"", 1], [""GetPlayerUseHeroCha"", 1], [""IsChaInRegion"", 1], [""IsMoveByTrack"", 1], [""objSetPos"", 1], [""GameOp_StopCha"", 1]]"	"[[""tgr_cha"", 1]]"	"{""LOADK"": 13, ""FORPREP"": 2, ""GETGLOBAL"": 14, ""MOVE"": 4, ""CALL"": 8, ""SETGLOBAL"": 1, ""EQ"": 5, ""JMP"": 7, ""TEST"": 2, ""FORLOOP"": 2, ""RETURN"": 1}"
942	0.33.890	2	0x13c6703	0x13c67ee	235	10002_data03.o	39244	39252	17	4	0	2	0	0	"[[""tgr_cha"", 2], [""cha_GetPType"", 1], [""objGetSubType"", 1]]"	[]	"{""GETGLOBAL"": 4, ""CALL"": 2, ""EQ"": 2, ""JMP"": 2, ""LOADBOOL"": 3, ""RETURN"": 4}"
943	0.33.891	2	0x13c67ee	0x13c73f4	3078	10002_data03.o	39254	39409	289	41	0	20	11	0	"[[""_template_data_0001"", 33], [""tgr_cha"", 23], [""tostring"", 10], [""objGetControl"", 8], [""TriggerchaSetCustomizeData"", 8], [""TriggerShowHint"", 3], [""objGetSubType"", 1], [""TriggerchaGetCustomizeData"", 1], [""TriggerGetControlChaName"", 1], [""TriggerStringConcat"", 1], [""TriggerAddUnitAttr"", 1]]"	[]	"{""LOADK"": 59, ""EQ"": 27, ""JMP"": 36, ""GETGLOBAL"": 90, ""CALL"": 34, ""GETTABLE"": 23, ""SETTABLE"": 10, ""MUL"": 2, ""ADD"": 2, ""CONCAT"": 5, ""RETURN"": 1}"
944	0.33.892	2	0x13c73f4	0x13c7434	64	10002_data03.o	39423	39425	3	0	0	2	0	0	[]	[]	"{""LOADBOOL"": 1, ""RETURN"": 2}"
945	0.33.893	2	0x13c7434	0x13c7a2d	1529	10002_data03.o	39427	39466	139	25	0	9	3	0	"[[""tgr_NormalAtkObj"", 14], [""objGetAttr"", 9], [""Cha_InventoryTakeItem"", 9], [""_template_data_0001"", 4], [""GetInt"", 3], [""TriggerGetPropertyValue"", 2], [""Check_SkilleffNum_Bit"", 1], [""TriggerAddSkillState"", 1]]"	[]	"{""LOADK"": 12, ""EQ"": 16, ""JMP"": 20, ""GETGLOBAL"": 43, ""GETTABLE"": 25, ""CALL"": 16, ""SETTABLE"": 2, ""MUL"": 2, ""ADD"": 1, ""LT"": 1, ""RETURN"": 1}"
946	0.33.894	2	0x13c7a2d	0x13c7ffb	1486	10002_data03.o	39480	39488	157	16	0	3	0	0	"[[""tgr_NormalAtkObj"", 19], [""objGetAttr"", 18], [""Cha_InventoryTakeItem"", 18], [""objGetSubType"", 1]]"	[]	"{""GETGLOBAL"": 56, ""GETTABLE"": 37, ""CALL"": 19, ""EQ"": 19, ""JMP"": 19, ""LOADBOOL"": 3, ""RETURN"": 4}"
947	0.33.895	2	0x13c7ffb	0x13c89fc	2561	10002_data03.o	39490	39554	248	35	0	13	4	0	"[[""tgr_NormalAtkObj"", 22], [""objGetAttr"", 18], [""Cha_InventoryTakeItem"", 18], [""_template_data_0001"", 7], [""Game_End"", 2], [""TriggerShowHint"", 2], [""tgr_cha"", 2], [""TriggerGetUnitPosition"", 1], [""TriggerDoAreaDamage"", 1], [""GetInt"", 1], [""TriggerAddUnitAttr"", 1], [""TriggerAddEffectAndTimes"", 1]]"	[]	"{""GETGLOBAL"": 76, ""GETTABLE"": 46, ""CALL"": 27, ""SETTABLE"": 1, ""LOADK"": 34, ""EQ"": 26, ""JMP"": 32, ""LT"": 2, ""MUL"": 1, ""NEWTABLE"": 1, ""SETLIST"": 1, ""RETURN"": 1}"
948	0.33.896	2	0x13c89fc	0x13c8a3c	64	10002_data03.o	39568	39570	3	0	0	2	0	0	[]	[]	"{""LOADBOOL"": 1, ""RETURN"": 2}"
949	0.33.897	2	0x13c8a3c	0x13c975d	3361	10002_data03.o	39572	39677	325	43	0	20	10	0	"[[""tgr_NormalAtkObj"", 29], [""_template_data_0001"", 23], [""objGetAttr"", 18], [""Cha_InventoryTakeItem"", 18], [""TriggerGetPropertyValue"", 4], [""GetInt"", 3], [""TriggerGetUnitPosition"", 2], [""TriggerDoAreaDamage"", 2], [""TriggerAddEffectAndTimes"", 2], [""tgr_GetRandomNum"", 1], [""TriggerDeleteEffect"", 1]]"	[]	"{""LOADK"": 38, ""EQ"": 27, ""JMP"": 32, ""GETGLOBAL"": 103, ""GETTABLE"": 60, ""CALL"": 33, ""SETTABLE"": 10, ""LE"": 1, ""MUL"": 7, ""NEWTABLE"": 2, ""SETLIST"": 2, ""ADD"": 8, ""MOVE"": 1, ""RETURN"": 1}"
950	0.33.898	2	0x13c975d	0x13c980f	178	10002_data03.o	39691	39696	11	4	0	2	0	0	"[[""objGetSubType"", 1], [""tgr_IUobj"", 1]]"	[]	"{""GETGLOBAL"": 2, ""GETTABLE"": 1, ""CALL"": 1, ""EQ"": 1, ""JMP"": 1, ""LOADBOOL"": 2, ""RETURN"": 3}"
951	0.33.899	2	0x13c980f	0x13c9923	276	10002_data03.o	39698	39705	19	7	0	6	0	0	"[[""tgr_IUobj"", 4], [""TriggerAddSkillState"", 2]]"	[]	"{""GETGLOBAL"": 6, ""GETTABLE"": 4, ""LOADK"": 6, ""CALL"": 2, ""RETURN"": 1}"
952	0.33.900	2	0x13c9923	0x13c99be	155	10002_data03.o	39719	39724	9	3	0	2	0	0	"[[""_template_data_0001"", 1]]"	[]	"{""GETGLOBAL"": 1, ""GETTABLE"": 1, ""EQ"": 1, ""JMP"": 1, ""LOADBOOL"": 2, ""RETURN"": 3}"
953	0.33.901	2	0x13c99be	0x13c9cb0	754	10002_data03.o	39726	39772	61	13	0	10	6	0	"[[""_template_data_0001"", 3], [""AddCha"", 3]]"	[]	"{""LOADK"": 21, ""EQ"": 9, ""JMP"": 12, ""GETGLOBAL"": 6, ""GETTABLE"": 3, ""LOADNIL"": 3, ""CALL"": 3, ""MOVE"": 3, ""RETURN"": 1}"
954	0.33.902	2	0x13c9cb0	0x13c9d61	177	10002_data03.o	39786	39791	11	3	0	3	0	0	"[[""TriggerCheckChatypeID"", 1], [""tgr_cha"", 1]]"	[]	"{""GETGLOBAL"": 2, ""LOADK"": 1, ""CALL"": 1, ""TEST"": 1, ""JMP"": 1, ""LOADBOOL"": 2, ""RETURN"": 3}"
955	0.33.903	2	0x13c9d61	0x13c9e46	229	10002_data03.o	39793	39801	11	5	0	5	2	0	"[[""_template_data_0001"", 2]]"	[]	"{""LOADK"": 2, ""GETGLOBAL"": 2, ""GETTABLE"": 1, ""MUL"": 2, ""ADD"": 2, ""SETTABLE"": 1, ""RETURN"": 1}"
956	0.33.904	2	0x13c9e46	0x13c9f0f	201	10002_data03.o	39815	39820	12	4	0	3	0	0	"[[""TriggerCheckChatypeID"", 1], [""tgr_NormalAtkObj"", 1]]"	[]	"{""GETGLOBAL"": 2, ""LOADK"": 1, ""GETTABLE"": 1, ""CALL"": 1, ""TEST"": 1, ""JMP"": 1, ""LOADBOOL"": 2, ""RETURN"": 3}"
957	0.33.905	2	0x13c9f0f	0x13ca0f2	483	10002_data03.o	39822	39837	27	14	0	5	0	0	"[[""tgr_NormalAtkObj"", 4], [""_template_data_0001"", 2], [""TriggerGetUnitPosition"", 1], [""TriggerAddUnitAttr"", 1], [""TriggerCastSkillFromXY"", 1], [""TriggerChaApplyTimedLife"", 1]]"	[]	"{""GETGLOBAL"": 10, ""GETTABLE"": 5, ""CALL"": 4, ""SETTABLE"": 1, ""LOADK"": 6, ""RETURN"": 1}"
958	0.33.906	2	0x13ca0f2	0x13ca132	64	10002_data03.o	39851	39853	3	0	0	2	0	0	[]	[]	"{""LOADBOOL"": 1, ""RETURN"": 2}"
959	0.33.907	2	0x13ca132	0x13ca2c1	399	10002_data03.o	39855	39872	25	7	0	7	4	0	"[[""_template_data_0001"", 6]]"	[]	"{""LOADK"": 4, ""GETGLOBAL"": 6, ""GETTABLE"": 4, ""MUL"": 4, ""ADD"": 4, ""SETTABLE"": 2, ""RETURN"": 1}"
960	0.33.908	2	0x13ca2c1	0x13ca301	64	10002_data03.o	39886	39888	3	0	0	2	0	0	[]	[]	"{""LOADBOOL"": 1, ""RETURN"": 2}"
961	0.33.909	2	0x13ca301	0x13cb512	4625	10002_data03.o	39890	40099	481	36	0	18	16	0	"[[""_template_data_0001"", 48], [""GetInt"", 32], [""type"", 8], [""TriggerGetUserScoreInfo"", 8], [""TriggerAllianceFailed"", 8], [""TriggerShowHint"", 8], [""tgr_cha"", 8]]"	[]	"{""LOADK"": 104, ""EQ"": 32, ""JMP"": 64, ""GETGLOBAL"": 120, ""GETTABLE"": 40, ""CALL"": 64, ""SETTABLE"": 8, ""MUL"": 16, ""ADD"": 16, ""LT"": 16, ""RETURN"": 1}"
962	0.33.910	2	0x13cb512	0x13cb552	64	10002_data03.o	40113	40115	3	0	0	2	0	0	[]	[]	"{""LOADBOOL"": 1, ""RETURN"": 2}"
963	0.33.911	2	0x13cb552	0x13cc76c	4634	10002_data03.o	40117	40326	481	37	0	18	16	0	"[[""_template_data_0001"", 48], [""GetInt"", 32], [""type"", 8], [""TriggerGetUserScoreInfo"", 8], [""TriggerAllianceFailed"", 8], [""TriggerShowHint"", 8], [""tgr_cha"", 8]]"	[]	"{""LOADK"": 104, ""EQ"": 32, ""JMP"": 64, ""GETGLOBAL"": 120, ""GETTABLE"": 40, ""CALL"": 64, ""SETTABLE"": 8, ""MUL"": 16, ""ADD"": 16, ""LT"": 16, ""RETURN"": 1}"
964	0.33.912	2	0x13cc76c	0x13cc81e	178	10002_data03.o	40340	40345	11	4	0	2	0	0	"[[""objGetSubType"", 1], [""tgr_IUobj"", 1]]"	[]	"{""GETGLOBAL"": 2, ""GETTABLE"": 1, ""CALL"": 1, ""EQ"": 1, ""JMP"": 1, ""LOADBOOL"": 2, ""RETURN"": 3}"
965	0.33.913	2	0x13cc81e	0x13cc932	276	10002_data03.o	40347	40354	19	7	0	6	0	0	"[[""tgr_IUobj"", 4], [""TriggerAddSkillState"", 2]]"	[]	"{""GETGLOBAL"": 6, ""GETTABLE"": 4, ""LOADK"": 6, ""CALL"": 2, ""RETURN"": 1}"
966	0.33.914	2	0x13cc932	0x13cc9eb	185	10002_data03.o	40368	40373	11	4	0	2	0	0	"[[""objGetSubType"", 1], [""tgr_NormalAtkObj"", 1]]"	[]	"{""GETGLOBAL"": 2, ""GETTABLE"": 1, ""CALL"": 1, ""EQ"": 1, ""JMP"": 1, ""LOADBOOL"": 2, ""RETURN"": 3}"
967	0.33.915	2	0x13cc9eb	0x13cd6a2	3255	10002_data03.o	40375	40475	331	33	0	16	9	0	"[[""tgr_NormalAtkObj"", 30], [""_template_data_0001"", 23], [""objGetAttr"", 18], [""Cha_InventoryTakeItem"", 18], [""TriggerDoAreaDamage"", 4], [""TriggerGetPropertyValue"", 3], [""TriggerGetUnitPosition"", 3], [""CheckSkillExist"", 2], [""GetInt"", 2]]"	[]	"{""LOADK"": 39, ""EQ"": 30, ""JMP"": 36, ""GETGLOBAL"": 103, ""GETTABLE"": 63, ""CALL"": 32, ""SETTABLE"": 8, ""MUL"": 6, ""ADD"": 4, ""NEWTABLE"": 4, ""SETLIST"": 4, ""LT"": 1, ""RETURN"": 1}"
968	0.33.916	2	0x13cd6a2	0x13cd743	161	10002_data03.o	40489	40494	10	3	0	2	0	0	"[[""objGetSubType"", 1], [""tgr_cha"", 1]]"	[]	"{""GETGLOBAL"": 2, ""CALL"": 1, ""EQ"": 1, ""JMP"": 1, ""LOADBOOL"": 2, ""RETURN"": 3}"
969	0.33.917	2	0x13cd743	0x13ce3c4	3201	10002_data03.o	40496	40625	288	49	0	15	10	0	"[[""_template_data_0001"", 37], [""tgr_cha"", 7], [""Game_End"", 5], [""TriggerShowHint"", 5], [""TriggerGetAttrFromUnit"", 2]]"	[]	"{""GETGLOBAL"": 56, ""LOADK"": 62, ""CALL"": 12, ""SETTABLE"": 2, ""EQ"": 24, ""JMP"": 65, ""GETTABLE"": 35, ""LE"": 31, ""RETURN"": 1}"
970	0.33.918	2	0x13ce3c4	0x13ce404	64	10002_data03.o	40639	40641	3	0	0	2	0	0	[]	[]	"{""LOADBOOL"": 1, ""RETURN"": 2}"
971	0.33.919	2	0x13ce404	0x13ce9b5	1457	10002_data03.o	40643	40676	124	29	0	13	3	0	"[[""tgr_KEobj"", 12], [""objGetAttr"", 9], [""Cha_InventoryTakeItem"", 9], [""_template_data_0001"", 7], [""TriggerGetPropertyValue"", 1], [""TriggerGetUnitPosition"", 1], [""GetRandomNumber"", 1], [""TriggerDoAreaDamage"", 1]]"	[]	"{""LOADK"": 10, ""EQ"": 11, ""JMP"": 13, ""GETGLOBAL"": 41, ""GETTABLE"": 25, ""CALL"": 13, ""SETTABLE"": 3, ""MUL"": 2, ""ADD"": 2, ""LE"": 1, ""NEWTABLE"": 1, ""SETLIST"": 1, ""RETURN"": 1}"
972	0.33.920	2	0x13ce9b5	0x13ce9f5	64	10002_data03.o	40690	40692	3	0	0	2	0	0	[]	[]	"{""LOADBOOL"": 1, ""RETURN"": 2}"
973	0.33.921	2	0x13ce9f5	0x13ceb4f	346	10002_data03.o	40694	40702	21	9	0	4	0	0	"[[""tgr_cha"", 4], [""IsMoveByTrack"", 1], [""objSetPos"", 1], [""GameOp_StopCha"", 1], [""tgr_SetPlayerCamera"", 1], [""objGetControl"", 1]]"	[]	"{""GETGLOBAL"": 9, ""CALL"": 5, ""EQ"": 1, ""JMP"": 1, ""LOADK"": 4, ""RETURN"": 1}"
974	0.33.922	2	0x13ceb4f	0x13ceb8f	64	10002_data03.o	40716	40718	3	0	0	2	0	0	[]	[]	"{""LOADBOOL"": 1, ""RETURN"": 2}"
975	0.33.923	2	0x13ceb8f	0x13cf0a9	1306	10002_data03.o	40720	40760	114	29	0	7	1	0	"[[""tgr_cha"", 14], [""_template_data_0001"", 11], [""TriggerAddUnitAttr"", 6], [""TriggerCheckChatypeID"", 5], [""GetInt"", 4], [""TriggerchaGetCustomizeData"", 3]]"	[]	"{""LOADK"": 22, ""EQ"": 2, ""JMP"": 8, ""GETGLOBAL"": 43, ""CALL"": 18, ""TEST"": 5, ""SETTABLE"": 3, ""GETTABLE"": 8, ""ADD"": 3, ""MUL"": 1, ""RETURN"": 1}"
976	0.33.924	2	0x13cf0a9	0x13cf0e9	64	10002_data03.o	40774	40776	3	0	0	2	0	0	[]	[]	"{""LOADBOOL"": 1, ""RETURN"": 2}"
977	0.33.925	2	0x13cf0e9	0x13cff00	3607	10002_data03.o	40778	40938	340	43	0	16	26	0	"[[""_template_data_0001"", 21], [""tgr_cha"", 17], [""TriggerCheckChatypeID"", 10], [""objGetPos"", 7], [""AddCha"", 7], [""tab_item"", 7], [""tgr_GetRandomNum"", 1]]"	[]	"{""LOADK"": 60, ""EQ"": 32, ""JMP"": 64, ""GETGLOBAL"": 70, ""CALL"": 25, ""TEST"": 10, ""SETTABLE"": 3, ""GETTABLE"": 39, ""LE"": 14, ""MOVE"": 14, ""MUL"": 4, ""ADD"": 4, ""RETURN"": 1}"
978	0.33.926	2	0x13cff00	0x13cff40	64	10002_data03.o	40952	40954	3	0	0	2	0	0	[]	[]	"{""LOADBOOL"": 1, ""RETURN"": 2}"
979	0.33.927	2	0x13cff40	0x13d026d	813	10002_data03.o	40956	40991	54	16	0	14	5	0	"[[""_template_data_0001"", 3], [""tgr_cha"", 2], [""TriggerCheckChatypeID"", 1], [""AddCha"", 1], [""TriggerShowHint"", 1]]"	[]	"{""LOADK"": 19, ""EQ"": 5, ""JMP"": 8, ""GETGLOBAL"": 8, ""CALL"": 3, ""TEST"": 1, ""GETTABLE"": 2, ""MUL"": 2, ""ADD"": 2, ""SETTABLE"": 1, ""LOADNIL"": 1, ""MOVE"": 1, ""RETURN"": 1}"
980	0.33.928	2	0x13d026d	0x13d03e1	372	10002_data03.o	41005	41016	29	9	0	4	0	0	"[[""_template_data_0001"", 4], [""GetInt"", 2]]"	[]	"{""GETGLOBAL"": 6, ""GETTABLE"": 4, ""MUL"": 1, ""CALL"": 2, ""ADD"": 1, ""LT"": 1, ""JMP"": 3, ""LOADBOOL"": 4, ""RETURN"": 5, ""LE"": 1, ""EQ"": 1}"
981	0.33.929	2	0x13d03e1	0x13d0c59	2168	10002_data03.o	41018	41105	206	27	0	15	11	0	"[[""_template_data_0001"", 18], [""AddChaPoint"", 12], [""AddCha"", 6], [""GetInt"", 6], [""lua_objSetAttr"", 6], [""NEXTPOINT"", 6]]"	[]	"{""GETGLOBAL"": 54, ""GETTABLE"": 22, ""CALL"": 30, ""LOADK"": 49, ""MOVE"": 24, ""LOADNIL"": 5, ""MUL"": 4, ""ADD"": 4, ""SETTABLE"": 2, ""EQ"": 3, ""JMP"": 6, ""LE"": 1, ""LT"": 1, ""RETURN"": 1}"
982	0.33.930	2	0x13d0c59	0x13d0d6f	278	10002_data03.o	41119	41130	21	6	0	2	0	0	"[[""_template_data_0001"", 3]]"	[]	"{""GETGLOBAL"": 3, ""GETTABLE"": 3, ""LT"": 1, ""JMP"": 3, ""LOADBOOL"": 4, ""RETURN"": 5, ""EQ"": 2}"
983	0.33.931	2	0x13d0d6f	0x13d3f5f	12784	10002_data03.o	41132	41705	1285	83	0	28	69	0	"[[""_template_data_0001"", 86], [""AddChaPoint"", 50], [""AddCha"", 25], [""lua_objSetAttr"", 25], [""NEXTPOINT"", 25], [""tgr_SendSignal"", 24], [""GetInt"", 17], [""TriggerShowHint"", 5], [""tgr_cha"", 5], [""tgr_GetRandomNum"", 5], [""TriggerStringConcat"", 2]]"	[]	"{""LOADK"": 463, ""GETGLOBAL"": 269, ""GETTABLE"": 74, ""MUL"": 30, ""ADD"": 37, ""SETTABLE"": 22, ""CALL"": 153, ""MOVE"": 101, ""EQ"": 38, ""JMP"": 62, ""LT"": 6, ""LOADNIL"": 25, ""LE"": 4, ""RETURN"": 1}"
984	0.33.932	2	0x13d3f5f	0x13d4445	1254	10002_data03.o	41719	41730	118	24	0	3	0	0	"[[""tgr_cha"", 18], [""TriggerCheckChatypeID"", 16], [""CONTROL_PLAYER"", 1], [""objGetControl"", 1], [""objGetSubType"", 1]]"	[]	"{""GETGLOBAL"": 37, ""CALL"": 18, ""GETTABLE"": 2, ""EQ"": 2, ""JMP"": 18, ""LOADBOOL"": 4, ""RETURN"": 5, ""LOADK"": 16, ""TEST"": 16}"
985	0.33.933	2	0x13d4445	0x13d465b	534	10002_data03.o	41732	41748	39	16	0	5	0	0	"[[""TriggerAddUnitAttr"", 5], [""tgr_cha"", 5], [""_template_data_0001"", 5], [""GetInt"", 1]]"	[]	"{""GETGLOBAL"": 16, ""LOADK"": 10, ""GETTABLE"": 5, ""CALL"": 6, ""MUL"": 1, ""RETURN"": 1}"
986	0.33.934	2	0x13d465b	0x13d4eb9	2142	10002_data03.o	41762	41770	216	38	0	3	0	0	"[[""tgr_cha"", 35], [""TriggerCheckChatypeID"", 34], [""objGetSubType"", 1]]"	[]	"{""GETGLOBAL"": 70, ""CALL"": 35, ""EQ"": 1, ""JMP"": 35, ""LOADBOOL"": 3, ""RETURN"": 4, ""LOADK"": 34, ""TEST"": 34}"
987	0.33.935	2	0x13d4eb9	0x13d531e	1125	10002_data03.o	41772	41821	98	25	0	7	2	0	"[[""tgr_cha"", 12], [""TriggerAddUnitAttr"", 10], [""_template_data_0001"", 10], [""objGetControl"", 2], [""GetInt"", 1]]"	[]	"{""LOADK"": 24, ""EQ"": 6, ""JMP"": 8, ""GETGLOBAL"": 35, ""CALL"": 13, ""GETTABLE"": 10, ""MUL"": 1, ""RETURN"": 1}"
988	0.33.936	2	0x13d531e	0x13d543d	287	10002_data03.o	41835	41846	21	7	0	2	0	0	"[[""_template_data_0001"", 3]]"	[]	"{""GETGLOBAL"": 3, ""GETTABLE"": 3, ""LT"": 1, ""JMP"": 3, ""LOADBOOL"": 4, ""RETURN"": 5, ""EQ"": 2}"
989	0.33.937	2	0x13d543d	0x13d8646	12809	10002_data03.o	41848	42421	1285	83	0	28	69	0	"[[""_template_data_0001"", 86], [""AddChaPoint"", 50], [""AddCha"", 25], [""lua_objSetAttr"", 25], [""NEXTPOINT"", 25], [""tgr_SendSignal"", 24], [""GetInt"", 17], [""TriggerShowHint"", 5], [""tgr_cha"", 5], [""tgr_GetRandomNum"", 5], [""TriggerStringConcat"", 2]]"	[]	"{""LOADK"": 463, ""GETGLOBAL"": 269, ""GETTABLE"": 74, ""MUL"": 30, ""ADD"": 37, ""SETTABLE"": 22, ""CALL"": 153, ""MOVE"": 101, ""EQ"": 38, ""JMP"": 62, ""LT"": 6, ""LOADNIL"": 25, ""LE"": 4, ""RETURN"": 1}"
990	0.33.938	2	0x13d8646	0x13d8723	221	10002_data03.o	42435	42443	15	5	0	2	0	0	"[[""_template_data_0001"", 2]]"	[]	"{""GETGLOBAL"": 2, ""GETTABLE"": 2, ""LT"": 1, ""JMP"": 2, ""LOADBOOL"": 3, ""RETURN"": 4, ""EQ"": 1}"
991	0.33.939	2	0x13d8723	0x13d87ff	220	10002_data03.o	42445	42453	11	4	0	5	2	0	"[[""_template_data_0001"", 2]]"	[]	"{""LOADK"": 2, ""GETGLOBAL"": 2, ""GETTABLE"": 1, ""MUL"": 2, ""ADD"": 2, ""SETTABLE"": 1, ""RETURN"": 1}"
992	0.33.940	2	0x13d87ff	0x13d883f	64	10002_data03.o	42467	42469	3	0	0	2	0	0	[]	[]	"{""LOADBOOL"": 1, ""RETURN"": 2}"
993	0.33.941	2	0x13d883f	0x13d9a41	4610	10002_data03.o	42471	42646	497	43	0	13	12	0	"[[""AddCha"", 58], [""_template_data_0001"", 2]]"	[]	"{""LOADK"": 294, ""EQ"": 6, ""JMP"": 8, ""GETGLOBAL"": 60, ""GETTABLE"": 2, ""LOADNIL"": 10, ""CALL"": 58, ""MOVE"": 58, ""RETURN"": 1}"
994	0.33.942	2	0x13d9a41	0x13d9ae2	161	10002_data03.o	42660	42665	10	3	0	2	0	0	"[[""objGetSubType"", 1], [""tgr_cha"", 1]]"	[]	"{""GETGLOBAL"": 2, ""CALL"": 1, ""EQ"": 1, ""JMP"": 1, ""LOADBOOL"": 2, ""RETURN"": 3}"
995	0.33.943	2	0x13d9ae2	0x13d9c8e	428	10002_data03.o	42667	42682	26	10	0	11	2	0	"[[""_template_data_0001"", 3], [""tgr_cha"", 2], [""tgr_RemoveItemFromCha"", 1], [""TriggerShowHint"", 1]]"	[]	"{""GETGLOBAL"": 7, ""LOADK"": 9, ""CALL"": 2, ""GETTABLE"": 2, ""MUL"": 2, ""ADD"": 2, ""SETTABLE"": 1, ""RETURN"": 1}"
996	0.33.944	2	0x13d9c8e	0x13d9d2f	161	10002_data03.o	42696	42701	10	3	0	2	0	0	"[[""objGetSubType"", 1], [""tgr_cha"", 1]]"	[]	"{""GETGLOBAL"": 2, ""CALL"": 1, ""EQ"": 1, ""JMP"": 1, ""LOADBOOL"": 2, ""RETURN"": 3}"
997	0.33.945	2	0x13d9d2f	0x13d9edb	428	10002_data03.o	42703	42718	26	10	0	11	2	0	"[[""_template_data_0001"", 3], [""tgr_cha"", 2], [""tgr_RemoveItemFromCha"", 1], [""TriggerShowHint"", 1]]"	[]	"{""GETGLOBAL"": 7, ""LOADK"": 9, ""CALL"": 2, ""GETTABLE"": 2, ""MUL"": 2, ""ADD"": 2, ""SETTABLE"": 1, ""RETURN"": 1}"
998	0.33.946	2	0x13d9edb	0x13da200	805	10002_data03.o	42732	42740	75	14	0	3	0	0	"[[""tgr_cha"", 10], [""objGetAttr"", 9], [""Cha_InventoryTakeItem"", 9], [""objGetSubType"", 1]]"	[]	"{""GETGLOBAL"": 29, ""GETTABLE"": 9, ""CALL"": 10, ""EQ"": 10, ""JMP"": 10, ""LOADBOOL"": 3, ""RETURN"": 4}"
999	0.33.947	2	0x13da200	0x13da431	561	10002_data03.o	42742	42757	31	15	0	9	0	0	"[[""tgr_cha"", 5], [""tgr_RemoveItemFromCha"", 2], [""tgr_getNewItem"", 1], [""TriggerShowHint"", 1], [""TriggerAddEffectAndTimes"", 1]]"	[]	"{""GETGLOBAL"": 10, ""LOADK"": 15, ""CALL"": 5, ""RETURN"": 1}"
1000	0.33.948	2	0x13da431	0x13da756	805	10002_data03.o	42771	42779	75	14	0	3	0	0	"[[""tgr_cha"", 10], [""objGetAttr"", 9], [""Cha_InventoryTakeItem"", 9], [""objGetSubType"", 1]]"	[]	"{""GETGLOBAL"": 29, ""GETTABLE"": 9, ""CALL"": 10, ""EQ"": 10, ""JMP"": 10, ""LOADBOOL"": 3, ""RETURN"": 4}"
1001	0.33.949	2	0x13da756	0x13da987	561	10002_data03.o	42781	42796	31	15	0	9	0	0	"[[""tgr_cha"", 5], [""tgr_RemoveItemFromCha"", 2], [""tgr_getNewItem"", 1], [""TriggerShowHint"", 1], [""TriggerAddEffectAndTimes"", 1]]"	[]	"{""GETGLOBAL"": 10, ""LOADK"": 15, ""CALL"": 5, ""RETURN"": 1}"
1002	0.33.950	2	0x13da987	0x13da9c7	64	10002_data03.o	42810	42812	3	0	0	2	0	0	[]	[]	"{""LOADBOOL"": 1, ""RETURN"": 2}"
1003	0.33.951	2	0x13da9c7	0x13dae55	1166	10002_data03.o	42814	42866	92	20	0	11	9	0	"[[""_template_data_0001"", 7], [""tgr_cha"", 3], [""objGetPos"", 2], [""AddCha"", 2], [""tab_item"", 2], [""TriggerCheckChatypeID"", 1], [""tgr_GetRandomNum"", 1]]"	[]	"{""LOADK"": 17, ""EQ"": 10, ""JMP"": 16, ""GETGLOBAL"": 18, ""CALL"": 6, ""TEST"": 1, ""SETTABLE"": 2, ""GETTABLE"": 11, ""LE"": 2, ""MOVE"": 4, ""MUL"": 2, ""ADD"": 2, ""RETURN"": 1}"
1004	0.33.952	2	0x13dae55	0x13daf21	204	10002_data03.o	42880	42885	12	5	0	3	0	0	"[[""CheckSkillExist"", 1], [""tgr_NormalAtkObj"", 1]]"	[]	"{""GETGLOBAL"": 2, ""GETTABLE"": 1, ""LOADK"": 1, ""CALL"": 1, ""EQ"": 1, ""JMP"": 1, ""LOADBOOL"": 2, ""RETURN"": 3}"
1005	0.33.953	2	0x13daf21	0x13dbc0e	3309	10002_data03.o	42887	43060	341	33	0	16	8	0	"[[""_template_data_0001"", 36], [""tgr_NormalAtkObj"", 28], [""TriggerGetPropertyValue"", 12], [""GetInt"", 8], [""TriggerCheckSkillLV"", 4], [""GetRandomNumber"", 4], [""TriggerAddEffectAndTimes"", 4], [""TriggerGetUnitPosition"", 4], [""TriggerDoAreaDamage"", 4]]"	[]	"{""LOADK"": 68, ""EQ"": 12, ""JMP"": 28, ""GETGLOBAL"": 104, ""GETTABLE"": 48, ""CALL"": 40, ""TEST"": 4, ""LE"": 4, ""SETTABLE"": 16, ""ADD"": 8, ""NEWTABLE"": 4, ""SETLIST"": 4, ""RETURN"": 1}"
1006	0.33.954	2	0x13dbc0e	0x13dbcaf	161	10002_data03.o	43074	43079	10	3	0	2	0	0	"[[""objGetSubType"", 1], [""tgr_cha"", 1]]"	[]	"{""GETGLOBAL"": 2, ""CALL"": 1, ""EQ"": 1, ""JMP"": 1, ""LOADBOOL"": 2, ""RETURN"": 3}"
1007	0.33.955	2	0x13dbcaf	0x13dbd59	170	10002_data03.o	43081	43085	8	5	0	6	0	0	"[[""tgr_cha"", 2], [""TriggerAddSkillState"", 1]]"	[]	"{""GETGLOBAL"": 3, ""LOADK"": 3, ""CALL"": 1, ""RETURN"": 1}"
1008	0.33.956	2	0x13dbd59	0x13dbd99	64	10002_data03.o	43099	43101	3	0	0	2	0	0	[]	[]	"{""LOADBOOL"": 1, ""RETURN"": 2}"
1009	0.33.957	2	0x13dbd99	0x13dcccf	3894	10002_data03.o	43103	43330	335	32	0	21	35	0	"[[""_template_data_0001"", 14], [""TriggerGetPropertyValue"", 7], [""Game_End"", 7], [""TriggerShowHint"", 7], [""TriggerCheckChatypeID"", 5], [""sceGetAIChaNum"", 3], [""sceGetAICha"", 3], [""TriggerAddUnitAttr"", 2]]"	[]	"{""GETGLOBAL"": 48, ""CALL"": 34, ""EQ"": 30, ""JMP"": 56, ""LOADK"": 107, ""SUB"": 3, ""FORPREP"": 3, ""MOVE"": 24, ""TEST"": 5, ""SETTABLE"": 7, ""GETTABLE"": 7, ""LT"": 7, ""FORLOOP"": 3, ""RETURN"": 1}"
1010	0.33.958	2	0x13dcccf	0x13dce85	438	10002_data03.o	43344	43355	30	11	0	3	0	0	"[[""tgr_KEobj"", 2], [""cha_GetPType"", 1], [""CONTROL_PLAYER"", 1], [""objGetControl"", 1], [""objGetAttr"", 1], [""tgr_cha"", 1], [""CREAT_SUMMERUNIT"", 1]]"	[]	"{""GETGLOBAL"": 8, ""GETTABLE"": 4, ""CALL"": 3, ""EQ"": 3, ""JMP"": 3, ""LOADBOOL"": 4, ""RETURN"": 5}"
1011	0.33.959	2	0x13dce85	0x13ddfe6	4449	10002_data03.o	43357	43634	442	41	0	23	21	0	"[[""_template_data_0001"", 39], [""tgr_cha"", 21], [""tostring"", 10], [""TriggerAddEffect"", 10], [""tgr_KEobj"", 9], [""TriggerDeleteEffect"", 9], [""TriggerchaSetCustomizeData"", 4], [""TriggerchaGetCustomizeData"", 3], [""objGetSubType"", 2], [""TriggerShowHint"", 2]]"	[]	"{""LOADK"": 122, ""EQ"": 42, ""JMP"": 60, ""GETGLOBAL"": 109, ""GETTABLE"": 36, ""CALL"": 40, ""MUL"": 6, ""ADD"": 6, ""SETTABLE"": 12, ""LE"": 1, ""LT"": 2, ""CONCAT"": 5, ""RETURN"": 1}"
1012	0.33.960	2	0x13ddfe6	0x13de18a	420	10002_data03.o	43648	43659	31	9	0	3	0	0	"[[""tgr_KEobj"", 3], [""objGetSubType"", 1], [""CONTROL_PLAYER"", 1], [""objGetControl"", 1], [""objGetAttr"", 1], [""Cha_ReBirth"", 1]]"	[]	"{""GETGLOBAL"": 8, ""GETTABLE"": 5, ""CALL"": 3, ""EQ"": 3, ""JMP"": 3, ""LOADBOOL"": 4, ""RETURN"": 5}"
1013	0.33.961	2	0x13de18a	0x13de600	1142	10002_data03.o	43661	43695	87	26	0	10	3	0	"[[""_template_data_0001"", 7], [""tgr_KEobj"", 4], [""GetInt"", 3], [""TriggerShowHint"", 2], [""chaGetName"", 2], [""tgr_cha"", 2], [""TriggerchaGetCustomizeData"", 1], [""TriggerchaSetCustomizeData"", 1]]"	[]	"{""GETGLOBAL"": 22, ""LOADK"": 24, ""GETTABLE"": 9, ""CALL"": 9, ""CONCAT"": 1, ""EQ"": 5, ""JMP"": 6, ""MUL"": 4, ""ADD"": 3, ""SETTABLE"": 2, ""MOVE"": 1, ""RETURN"": 1}"
1014	0.33.962	2	0x13de600	0x13de640	64	10002_data03.o	43709	43711	3	0	0	2	0	0	[]	[]	"{""LOADBOOL"": 1, ""RETURN"": 2}"
1015	0.33.963	2	0x13de640	0x13de71c	220	10002_data03.o	43713	43721	11	4	0	5	2	0	"[[""_template_data_0001"", 2]]"	[]	"{""LOADK"": 2, ""GETGLOBAL"": 2, ""GETTABLE"": 1, ""MUL"": 2, ""ADD"": 2, ""SETTABLE"": 1, ""RETURN"": 1}"
1016	0.33.964	2	0x13de71c	0x13de7bd	161	10002_data03.o	43735	43740	10	3	0	2	0	0	"[[""objGetSubType"", 1], [""tgr_cha"", 1]]"	[]	"{""GETGLOBAL"": 2, ""CALL"": 1, ""EQ"": 1, ""JMP"": 1, ""LOADBOOL"": 2, ""RETURN"": 3}"
1017	0.33.965	2	0x13de7bd	0x13de92c	367	10002_data03.o	43742	43752	21	10	0	9	0	0	"[[""tgr_cha"", 3], [""tgr_RemoveItemFromCha"", 1], [""tgr_getNewItem"", 1], [""TriggerShowHint"", 1]]"	[]	"{""GETGLOBAL"": 6, ""LOADK"": 11, ""CALL"": 3, ""RETURN"": 1}"
1018	0.33.966	2	0x13de92c	0x13dea67	315	10002_data03.o	43766	43774	22	7	0	3	0	0	"[[""tgr_KEobj"", 2], [""CONTROL_PLAYER"", 1], [""objGetControl"", 1], [""objGetSubType"", 1]]"	[]	"{""GETGLOBAL"": 5, ""GETTABLE"": 4, ""CALL"": 2, ""EQ"": 2, ""JMP"": 2, ""LOADBOOL"": 3, ""RETURN"": 4}"
1019	0.33.967	2	0x13dea67	0x13e1114	9901	10002_data03.o	43776	43968	1134	29	0	14	25	0	"[[""tgr_KEobj"", 122], [""objGetAttr"", 108], [""Cha_InventoryTakeItem"", 108], [""_template_data_0001"", 22], [""tgr_RemoveItemFromCha"", 6], [""tgr_getNewItem"", 6], [""objGetSubType"", 2]]"	[]	"{""LOADK"": 64, ""EQ"": 134, ""JMP"": 149, ""GETGLOBAL"": 374, ""GETTABLE"": 244, ""CALL"": 122, ""LE"": 6, ""MUL"": 16, ""ADD"": 16, ""SETTABLE"": 8, ""RETURN"": 1}"
1020	0.33.968	2	0x13e1114	0x13e124f	315	10002_data03.o	43982	43990	22	7	0	3	0	0	"[[""tgr_KEobj"", 2], [""CONTROL_PLAYER"", 1], [""objGetControl"", 1], [""objGetSubType"", 1]]"	[]	"{""GETGLOBAL"": 5, ""GETTABLE"": 4, ""CALL"": 2, ""EQ"": 2, ""JMP"": 2, ""LOADBOOL"": 3, ""RETURN"": 4}"
1021	0.33.969	2	0x13e124f	0x13e27e2	5523	10002_data03.o	43992	44105	638	25	0	12	7	0	"[[""tgr_KEobj"", 70], [""objGetAttr"", 63], [""Cha_InventoryTakeItem"", 63], [""GetRandomNumber"", 7], [""TriggerAddUnitAttr"", 7]]"	[]	"{""LOADK"": 42, ""EQ"": 77, ""JMP"": 91, ""GETGLOBAL"": 210, ""GETTABLE"": 133, ""CALL"": 77, ""LE"": 7, ""RETURN"": 1}"
1022	0.33.970	2	0x13e27e2	0x13e2883	161	10002_data03.o	44119	44124	10	3	0	2	0	0	"[[""objGetSubType"", 1], [""tgr_cha"", 1]]"	[]	"{""GETGLOBAL"": 2, ""CALL"": 1, ""EQ"": 1, ""JMP"": 1, ""LOADBOOL"": 2, ""RETURN"": 3}"
1023	0.33.971	2	0x13e2883	0x13e29f2	367	10002_data03.o	44126	44136	21	10	0	9	0	0	"[[""tgr_cha"", 3], [""tgr_RemoveItemFromCha"", 1], [""tgr_getNewItem"", 1], [""TriggerShowHint"", 1]]"	[]	"{""GETGLOBAL"": 6, ""LOADK"": 11, ""CALL"": 3, ""RETURN"": 1}"
1024	0.33.972	2	0x13e29f2	0x13e2b2d	315	10002_data03.o	44150	44158	22	7	0	3	0	0	"[[""tgr_KEobj"", 2], [""CONTROL_PLAYER"", 1], [""objGetControl"", 1], [""objGetSubType"", 1]]"	[]	"{""GETGLOBAL"": 5, ""GETTABLE"": 4, ""CALL"": 2, ""EQ"": 2, ""JMP"": 2, ""LOADBOOL"": 3, ""RETURN"": 4}"
1025	0.33.973	2	0x13e2b2d	0x13e51da	9901	10002_data03.o	44160	44352	1134	29	0	14	25	0	"[[""tgr_KEobj"", 122], [""objGetAttr"", 108], [""Cha_InventoryTakeItem"", 108], [""_template_data_0001"", 22], [""tgr_RemoveItemFromCha"", 6], [""tgr_getNewItem"", 6], [""objGetSubType"", 2]]"	[]	"{""LOADK"": 64, ""EQ"": 134, ""JMP"": 149, ""GETGLOBAL"": 374, ""GETTABLE"": 244, ""CALL"": 122, ""LE"": 6, ""MUL"": 16, ""ADD"": 16, ""SETTABLE"": 8, ""RETURN"": 1}"
1026	0.33.974	2	0x13e51da	0x13e5315	315	10002_data03.o	44366	44374	22	7	0	3	0	0	"[[""tgr_KEobj"", 2], [""CONTROL_PLAYER"", 1], [""objGetControl"", 1], [""objGetSubType"", 1]]"	[]	"{""GETGLOBAL"": 5, ""GETTABLE"": 4, ""CALL"": 2, ""EQ"": 2, ""JMP"": 2, ""LOADBOOL"": 3, ""RETURN"": 4}"
1027	0.33.975	2	0x13e5315	0x13e6cfa	6629	10002_data03.o	44376	44573	764	25	0	13	14	0	"[[""tgr_KEobj"", 84], [""objGetAttr"", 63], [""Cha_InventoryTakeItem"", 63], [""TriggerAddUnitAttr"", 21], [""GetRandomNumber"", 7]]"	[]	"{""LOADK"": 91, ""EQ"": 84, ""JMP"": 105, ""GETGLOBAL"": 238, ""GETTABLE"": 147, ""CALL"": 91, ""LE"": 7, ""RETURN"": 1}"
1028	0.33.976	2	0x13e6cfa	0x13e6d9b	161	10002_data03.o	44587	44592	10	3	0	2	0	0	"[[""objGetSubType"", 1], [""tgr_cha"", 1]]"	[]	"{""GETGLOBAL"": 2, ""CALL"": 1, ""EQ"": 1, ""JMP"": 1, ""LOADBOOL"": 2, ""RETURN"": 3}"
1029	0.33.977	2	0x13e6d9b	0x13e7260	1221	10002_data03.o	44594	44637	104	24	0	10	1	0	"[[""tgr_cha"", 20], [""tgr_RemoveItemFromCha"", 16], [""_template_data_0001"", 2], [""TriggerchaGetCustomizeData"", 1], [""tgr_getNewItem"", 1], [""TriggerShowHint"", 1], [""TriggerAddUnitAttr"", 1]]"	[]	"{""GETGLOBAL"": 42, ""LOADK"": 32, ""CALL"": 20, ""SETTABLE"": 1, ""EQ"": 2, ""JMP"": 4, ""GETTABLE"": 1, ""LE"": 1, ""RETURN"": 1}"
1030	0.33.978	2	0x13e7260	0x13e7301	161	10002_data03.o	44651	44656	10	3	0	2	0	0	"[[""objGetSubType"", 1], [""tgr_cha"", 1]]"	[]	"{""GETGLOBAL"": 2, ""CALL"": 1, ""EQ"": 1, ""JMP"": 1, ""LOADBOOL"": 2, ""RETURN"": 3}"
1031	0.33.979	2	0x13e7301	0x13e77cf	1230	10002_data03.o	44658	44701	104	25	0	10	1	0	"[[""tgr_cha"", 20], [""tgr_RemoveItemFromCha"", 16], [""_template_data_0001"", 2], [""TriggerchaGetCustomizeData"", 1], [""tgr_getNewItem"", 1], [""TriggerShowHint"", 1], [""TriggerAddUnitAttr"", 1]]"	[]	"{""GETGLOBAL"": 42, ""LOADK"": 32, ""CALL"": 20, ""SETTABLE"": 1, ""EQ"": 2, ""JMP"": 4, ""GETTABLE"": 1, ""LE"": 1, ""RETURN"": 1}"
1032	0.33.980	2	0x13e77cf	0x13e7870	161	10002_data03.o	44715	44720	10	3	0	2	0	0	"[[""objGetSubType"", 1], [""tgr_cha"", 1]]"	[]	"{""GETGLOBAL"": 2, ""CALL"": 1, ""EQ"": 1, ""JMP"": 1, ""LOADBOOL"": 2, ""RETURN"": 3}"
1033	0.33.981	2	0x13e7870	0x13e7d47	1239	10002_data03.o	44722	44765	104	26	0	10	1	0	"[[""tgr_cha"", 20], [""tgr_RemoveItemFromCha"", 16], [""_template_data_0001"", 2], [""TriggerchaGetCustomizeData"", 1], [""tgr_getNewItem"", 1], [""TriggerShowHint"", 1], [""TriggerAddUnitAttr"", 1]]"	[]	"{""GETGLOBAL"": 42, ""LOADK"": 32, ""CALL"": 20, ""SETTABLE"": 1, ""EQ"": 2, ""JMP"": 4, ""GETTABLE"": 1, ""LE"": 1, ""RETURN"": 1}"
1034	0.33.982	2	0x13e7d47	0x13e7de8	161	10002_data03.o	44779	44784	10	3	0	2	0	0	"[[""objGetSubType"", 1], [""tgr_cha"", 1]]"	[]	"{""GETGLOBAL"": 2, ""CALL"": 1, ""EQ"": 1, ""JMP"": 1, ""LOADBOOL"": 2, ""RETURN"": 3}"
1035	0.33.983	2	0x13e7de8	0x13e82b6	1230	10002_data03.o	44786	44829	104	25	0	10	1	0	"[[""tgr_cha"", 20], [""tgr_RemoveItemFromCha"", 16], [""_template_data_0001"", 2], [""TriggerchaGetCustomizeData"", 1], [""tgr_getNewItem"", 1], [""TriggerShowHint"", 1], [""TriggerAddUnitAttr"", 1]]"	[]	"{""GETGLOBAL"": 42, ""LOADK"": 32, ""CALL"": 20, ""SETTABLE"": 1, ""EQ"": 2, ""JMP"": 4, ""GETTABLE"": 1, ""LE"": 1, ""RETURN"": 1}"
1036	0.33.984	2	0x13e82b6	0x13e8357	161	10002_data03.o	44843	44848	10	3	0	2	0	0	"[[""objGetSubType"", 1], [""tgr_cha"", 1]]"	[]	"{""GETGLOBAL"": 2, ""CALL"": 1, ""EQ"": 1, ""JMP"": 1, ""LOADBOOL"": 2, ""RETURN"": 3}"
1037	0.33.985	2	0x13e8357	0x13e882e	1239	10002_data03.o	44850	44893	104	26	0	10	1	0	"[[""tgr_cha"", 20], [""tgr_RemoveItemFromCha"", 16], [""_template_data_0001"", 2], [""TriggerchaGetCustomizeData"", 1], [""tgr_getNewItem"", 1], [""TriggerShowHint"", 1], [""TriggerAddUnitAttr"", 1]]"	[]	"{""GETGLOBAL"": 42, ""LOADK"": 32, ""CALL"": 20, ""SETTABLE"": 1, ""EQ"": 2, ""JMP"": 4, ""GETTABLE"": 1, ""LE"": 1, ""RETURN"": 1}"
1038	0.33.986	2	0x13e882e	0x13e8905	215	10002_data03.o	44907	44912	13	5	0	3	0	0	"[[""CONTROL_PLAYER"", 1], [""objGetControl"", 1], [""tgr_cha"", 1]]"	[]	"{""GETGLOBAL"": 3, ""CALL"": 1, ""GETTABLE"": 2, ""EQ"": 1, ""JMP"": 1, ""LOADBOOL"": 2, ""RETURN"": 3}"
1039	0.33.987	2	0x13e8905	0x13e8b75	624	10002_data03.o	44914	44930	47	14	0	10	1	0	"[[""tgr_cha"", 6], [""objGetSubType"", 4], [""CheckSkillExist"", 1], [""Game_End"", 1], [""TriggerShowHint"", 1]]"	[]	"{""LOADK"": 11, ""EQ"": 7, ""JMP"": 8, ""GETGLOBAL"": 13, ""CALL"": 7, ""RETURN"": 1}"
1040	0.33.988	2	0x13e8b75	0x13e8bb5	64	10002_data03.o	44944	44946	3	0	0	2	0	0	[]	[]	"{""LOADBOOL"": 1, ""RETURN"": 2}"
1041	0.33.989	2	0x13e8bb5	0x13e8c91	220	10002_data03.o	44948	44956	11	4	0	5	2	0	"[[""_template_data_0001"", 2]]"	[]	"{""LOADK"": 2, ""GETGLOBAL"": 2, ""GETTABLE"": 1, ""MUL"": 2, ""ADD"": 2, ""SETTABLE"": 1, ""RETURN"": 1}"
1042	0.33.990	2	0x13e8c91	0x13e8dfd	364	10002_data03.o	44970	44981	27	7	0	3	0	0	"[[""tgr_cha"", 3], [""objGetSubType"", 1], [""CONTROL_PLAYER"", 1], [""objGetControl"", 1], [""cha_GetPType"", 1]]"	[]	"{""GETGLOBAL"": 7, ""CALL"": 3, ""EQ"": 3, ""JMP"": 3, ""LOADBOOL"": 4, ""RETURN"": 5, ""GETTABLE"": 2}"
1043	0.33.991	2	0x13e8dfd	0x13e8f4b	334	10002_data03.o	44983	44995	19	9	0	6	0	0	"[[""tgr_cha"", 5], [""TriggerAddSkillState"", 1], [""tgr_SetCameraOnUnit"", 1], [""objGetControl"", 1], [""TriggerUnitSelect"", 1]]"	[]	"{""GETGLOBAL"": 9, ""LOADK"": 5, ""CALL"": 4, ""RETURN"": 1}"
1044	0.33.992	2	0x13e8f4b	0x13e906d	290	10002_data03.o	45009	45017	20	6	0	3	0	0	"[[""tgr_cha"", 2], [""objGetSubType"", 1], [""CONTROL_PLAYER"", 1], [""objGetControl"", 1]]"	[]	"{""GETGLOBAL"": 5, ""CALL"": 2, ""EQ"": 2, ""JMP"": 2, ""LOADBOOL"": 3, ""RETURN"": 4, ""GETTABLE"": 2}"
1045	0.33.993	2	0x13e906d	0x13eb1bf	8530	10002_data03.o	45019	45457	791	85	0	43	35	0	"[[""tgr_cha"", 76], [""TriggerCheckChatypeID"", 35], [""TriggerSetDialogBubble"", 32], [""tgr_getNewItem"", 6], [""tgr_SetCameraOnUnit"", 1], [""objGetControl"", 1], [""TriggerUnitSelect"", 1]]"	[]	"{""GETGLOBAL"": 152, ""LOADK"": 317, ""CALL"": 76, ""EQ"": 70, ""JMP"": 140, ""TEST"": 35, ""RETURN"": 1}"
1046	0.33.994	2	0x13eb1bf	0x13eb260	161	10002_data03.o	45471	45476	10	3	0	2	0	0	"[[""objGetSubType"", 1], [""tgr_cha"", 1]]"	[]	"{""GETGLOBAL"": 2, ""CALL"": 1, ""EQ"": 1, ""JMP"": 1, ""LOADBOOL"": 2, ""RETURN"": 3}"
1047	0.33.995	2	0x13eb260	0x13eb342	226	10002_data03.o	45478	45485	11	7	0	5	0	0	"[[""tgr_cha"", 2], [""tgr_RemoveItemFromCha"", 1], [""Replace_ChaSkill"", 1]]"	[]	"{""GETGLOBAL"": 4, ""LOADK"": 4, ""CALL"": 2, ""RETURN"": 1}"
1048	0.33.996	2	0x13eb342	0x13eb47d	315	10002_data03.o	45499	45507	22	7	0	3	0	0	"[[""tgr_KEobj"", 2], [""CONTROL_PLAYER"", 1], [""objGetControl"", 1], [""objGetSubType"", 1]]"	[]	"{""GETGLOBAL"": 5, ""GETTABLE"": 4, ""CALL"": 2, ""EQ"": 2, ""JMP"": 2, ""LOADBOOL"": 3, ""RETURN"": 4}"
1049	0.33.997	2	0x13eb47d	0x13edb2a	9901	10002_data03.o	45509	45701	1134	29	0	14	25	0	"[[""tgr_KEobj"", 122], [""objGetAttr"", 108], [""Cha_InventoryTakeItem"", 108], [""_template_data_0001"", 22], [""tgr_RemoveItemFromCha"", 6], [""tgr_getNewItem"", 6], [""objGetSubType"", 2]]"	[]	"{""LOADK"": 64, ""EQ"": 134, ""JMP"": 149, ""GETGLOBAL"": 374, ""GETTABLE"": 244, ""CALL"": 122, ""LE"": 6, ""MUL"": 16, ""ADD"": 16, ""SETTABLE"": 8, ""RETURN"": 1}"
1050	0.33.998	2	0x13edb2a	0x13edbe4	186	10002_data03.o	45715	45720	11	4	0	3	0	0	"[[""Check_SkilleffNum_Bit"", 1], [""tgr_cha"", 1]]"	[]	"{""GETGLOBAL"": 2, ""LOADK"": 1, ""CALL"": 1, ""EQ"": 1, ""JMP"": 1, ""LOADBOOL"": 2, ""RETURN"": 3}"
1051	0.33.999	2	0x13edbe4	0x13edc5d	121	10002_data03.o	45722	45726	5	3	0	3	0	0	"[[""Rem_Cha_State"", 1], [""tgr_cha"", 1]]"	[]	"{""GETGLOBAL"": 2, ""LOADK"": 1, ""CALL"": 1, ""RETURN"": 1}"
1052	0.33.1000	2	0x13edc5d	0x13edd17	186	10002_data03.o	45740	45745	11	4	0	3	0	0	"[[""Check_SkilleffNum_Bit"", 1], [""tgr_cha"", 1]]"	[]	"{""GETGLOBAL"": 2, ""LOADK"": 1, ""CALL"": 1, ""EQ"": 1, ""JMP"": 1, ""LOADBOOL"": 2, ""RETURN"": 3}"
1053	0.33.1001	2	0x13edd17	0x13eddc1	170	10002_data03.o	45747	45751	8	5	0	6	0	0	"[[""tgr_cha"", 2], [""TriggerAddSkillState"", 1]]"	[]	"{""GETGLOBAL"": 3, ""LOADK"": 3, ""CALL"": 1, ""RETURN"": 1}"
1054	0.33.1002	2	0x13eddc1	0x13ee09b	730	10002_data03.o	45765	45770	68	13	0	3	0	0	"[[""objGetAttr"", 9], [""tgr_cha"", 9], [""Cha_InventoryTakeItem"", 9]]"	[]	"{""GETGLOBAL"": 27, ""GETTABLE"": 9, ""CALL"": 9, ""EQ"": 9, ""JMP"": 9, ""LOADBOOL"": 2, ""RETURN"": 3}"
1055	0.33.1003	2	0x13ee09b	0x13ee145	170	10002_data03.o	45772	45776	8	5	0	6	0	0	"[[""tgr_cha"", 2], [""TriggerAddSkillState"", 1]]"	[]	"{""GETGLOBAL"": 3, ""LOADK"": 3, ""CALL"": 1, ""RETURN"": 1}"
1056	0.33.1004	2	0x13ee145	0x13ee1f9	180	10002_data03.o	45790	45795	11	4	0	3	0	0	"[[""CheckSkillExist"", 1], [""tgr_cha"", 1]]"	[]	"{""GETGLOBAL"": 2, ""LOADK"": 1, ""CALL"": 1, ""EQ"": 1, ""JMP"": 1, ""LOADBOOL"": 2, ""RETURN"": 3}"
1057	0.33.1005	2	0x13ee1f9	0x13eea0c	2067	10002_data03.o	45797	45898	205	26	0	17	4	0	"[[""_template_data_0001"", 24], [""tgr_cha"", 12], [""TriggerAddEffectAtPara"", 8], [""TriggerCheckSkillLV"", 4], [""TriggerGetUnitPosition"", 4], [""TriggerChaDoAddEffFromArea"", 4]]"	[]	"{""LOADK"": 68, ""EQ"": 8, ""JMP"": 16, ""GETGLOBAL"": 56, ""CALL"": 20, ""TEST"": 4, ""SETTABLE"": 4, ""GETTABLE"": 20, ""NEWTABLE"": 4, ""SETLIST"": 4, ""RETURN"": 1}"
1058	0.33.1006	2	0x13eea0c	0x13eeb37	299	10002_data03.o	45912	45920	20	7	0	3	0	0	"[[""tgr_cha"", 2], [""objGetSubType"", 1], [""CONTROL_PLAYER"", 1], [""objGetControl"", 1]]"	[]	"{""GETGLOBAL"": 5, ""CALL"": 2, ""EQ"": 2, ""JMP"": 2, ""LOADBOOL"": 3, ""RETURN"": 4, ""GETTABLE"": 2}"
1059	0.33.1007	2	0x13eeb37	0x13eeca6	367	10002_data03.o	45922	45926	22	13	0	9	0	0	"[[""chaGetName"", 2], [""tgr_KEobj"", 2], [""TriggerShowHint"", 1], [""tgr_cha"", 1]]"	[]	"{""GETGLOBAL"": 6, ""LOADK"": 9, ""GETTABLE"": 2, ""CALL"": 3, ""CONCAT"": 1, ""RETURN"": 1}"
1060	0.33.1008	2	0x13eeca6	0x13eed47	161	10002_data03.o	45940	45945	10	3	0	2	0	0	"[[""objGetSubType"", 1], [""tgr_cha"", 1]]"	[]	"{""GETGLOBAL"": 2, ""CALL"": 1, ""EQ"": 1, ""JMP"": 1, ""LOADBOOL"": 2, ""RETURN"": 3}"
1061	0.33.1009	2	0x13eed47	0x13eeea1	346	10002_data03.o	45947	45955	21	9	0	4	0	0	"[[""tgr_cha"", 4], [""IsMoveByTrack"", 1], [""objSetPos"", 1], [""GameOp_StopCha"", 1], [""tgr_SetPlayerCamera"", 1], [""objGetControl"", 1]]"	[]	"{""GETGLOBAL"": 9, ""CALL"": 5, ""EQ"": 1, ""JMP"": 1, ""LOADK"": 4, ""RETURN"": 1}"
1062	0.33.1010	2	0x13eeea1	0x13eef42	161	10002_data03.o	45969	45974	10	3	0	2	0	0	"[[""objGetSubType"", 1], [""tgr_cha"", 1]]"	[]	"{""GETGLOBAL"": 2, ""CALL"": 1, ""EQ"": 1, ""JMP"": 1, ""LOADBOOL"": 2, ""RETURN"": 3}"
1063	0.33.1011	2	0x13eef42	0x13ef419	1239	10002_data03.o	45976	46019	104	26	0	10	1	0	"[[""tgr_cha"", 20], [""tgr_RemoveItemFromCha"", 16], [""_template_data_0001"", 2], [""TriggerchaGetCustomizeData"", 1], [""tgr_getNewItem"", 1], [""TriggerShowHint"", 1], [""TriggerAddUnitAttr"", 1]]"	[]	"{""GETGLOBAL"": 42, ""LOADK"": 32, ""CALL"": 20, ""SETTABLE"": 1, ""EQ"": 2, ""JMP"": 4, ""GETTABLE"": 1, ""LE"": 1, ""RETURN"": 1}"
1064	0.33.1012	2	0x13ef419	0x13ef4ba	161	10002_data03.o	46033	46038	10	3	0	2	0	0	"[[""objGetSubType"", 1], [""tgr_cha"", 1]]"	[]	"{""GETGLOBAL"": 2, ""CALL"": 1, ""EQ"": 1, ""JMP"": 1, ""LOADBOOL"": 2, ""RETURN"": 3}"
1065	0.33.1013	2	0x13ef4ba	0x13ef991	1239	10002_data03.o	46040	46083	104	26	0	10	1	0	"[[""tgr_cha"", 20], [""tgr_RemoveItemFromCha"", 16], [""_template_data_0001"", 2], [""TriggerchaGetCustomizeData"", 1], [""tgr_getNewItem"", 1], [""TriggerShowHint"", 1], [""TriggerAddUnitAttr"", 1]]"	[]	"{""GETGLOBAL"": 42, ""LOADK"": 32, ""CALL"": 20, ""SETTABLE"": 1, ""EQ"": 2, ""JMP"": 4, ""GETTABLE"": 1, ""LE"": 1, ""RETURN"": 1}"
1066	0.33.1014	2	0x13ef991	0x13efa32	161	10002_data03.o	46097	46102	10	3	0	2	0	0	"[[""objGetSubType"", 1], [""tgr_cha"", 1]]"	[]	"{""GETGLOBAL"": 2, ""CALL"": 1, ""EQ"": 1, ""JMP"": 1, ""LOADBOOL"": 2, ""RETURN"": 3}"
1067	0.33.1015	2	0x13efa32	0x13eff09	1239	10002_data03.o	46104	46147	104	26	0	10	1	0	"[[""tgr_cha"", 20], [""tgr_RemoveItemFromCha"", 16], [""_template_data_0001"", 2], [""TriggerchaGetCustomizeData"", 1], [""tgr_getNewItem"", 1], [""TriggerShowHint"", 1], [""TriggerAddUnitAttr"", 1]]"	[]	"{""GETGLOBAL"": 42, ""LOADK"": 32, ""CALL"": 20, ""SETTABLE"": 1, ""EQ"": 2, ""JMP"": 4, ""GETTABLE"": 1, ""LE"": 1, ""RETURN"": 1}"
1068	0.33.1016	2	0x13eff09	0x13effd5	204	10002_data03.o	46161	46166	12	5	0	3	0	0	"[[""CheckSkillExist"", 1], [""tgr_NormalAtkObj"", 1]]"	[]	"{""GETGLOBAL"": 2, ""GETTABLE"": 1, ""LOADK"": 1, ""CALL"": 1, ""EQ"": 1, ""JMP"": 1, ""LOADBOOL"": 2, ""RETURN"": 3}"
1069	0.33.1017	2	0x13effd5	0x13f0711	1852	10002_data03.o	46168	46285	185	16	0	11	8	0	"[[""tgr_NormalAtkObj"", 20], [""TriggerCheckSkillLV"", 4], [""GetRandomNumber"", 4], [""objGetSubType"", 4], [""TriggerAddSkillState"", 4], [""Skill_Refresh"", 4]]"	[]	"{""LOADK"": 40, ""EQ"": 20, ""JMP"": 36, ""GETGLOBAL"": 40, ""GETTABLE"": 20, ""CALL"": 20, ""TEST"": 4, ""LE"": 4, ""RETURN"": 1}"
1070	0.33.1018	2	0x13f0711	0x13f07b2	161	10002_data03.o	46299	46304	10	3	0	2	0	0	"[[""objGetSubType"", 1], [""tgr_cha"", 1]]"	[]	"{""GETGLOBAL"": 2, ""CALL"": 1, ""EQ"": 1, ""JMP"": 1, ""LOADBOOL"": 2, ""RETURN"": 3}"
1071	0.33.1019	2	0x13f07b2	0x13f0b43	913	10002_data03.o	46306	46322	81	17	0	6	1	0	"[[""tgr_cha"", 11], [""objGetAttr"", 9], [""Cha_InventoryTakeItem"", 9], [""tgr_RemoveItemFromCha"", 1], [""tgr_getNewItem"", 1]]"	[]	"{""LOADK"": 6, ""EQ"": 11, ""JMP"": 12, ""GETGLOBAL"": 31, ""GETTABLE"": 9, ""CALL"": 11, ""RETURN"": 1}"
1072	0.33.1020	2	0x13f0b43	0x13f0be4	161	10002_data03.o	46336	46341	10	3	0	2	0	0	"[[""objGetSubType"", 1], [""tgr_cha"", 1]]"	[]	"{""GETGLOBAL"": 2, ""CALL"": 1, ""EQ"": 1, ""JMP"": 1, ""LOADBOOL"": 2, ""RETURN"": 3}"
1073	0.33.1021	2	0x13f0be4	0x13f0f75	913	10002_data03.o	46343	46359	81	17	0	6	1	0	"[[""tgr_cha"", 11], [""objGetAttr"", 9], [""Cha_InventoryTakeItem"", 9], [""tgr_RemoveItemFromCha"", 1], [""tgr_getNewItem"", 1]]"	[]	"{""LOADK"": 6, ""EQ"": 11, ""JMP"": 12, ""GETGLOBAL"": 31, ""GETTABLE"": 9, ""CALL"": 11, ""RETURN"": 1}"
1074	0.33.1022	2	0x13f0f75	0x13f1016	161	10002_data03.o	46373	46378	10	3	0	2	0	0	"[[""objGetSubType"", 1], [""tgr_cha"", 1]]"	[]	"{""GETGLOBAL"": 2, ""CALL"": 1, ""EQ"": 1, ""JMP"": 1, ""LOADBOOL"": 2, ""RETURN"": 3}"
1075	0.33.1023	2	0x13f1016	0x13f13a7	913	10002_data03.o	46380	46396	81	17	0	6	1	0	"[[""tgr_cha"", 11], [""objGetAttr"", 9], [""Cha_InventoryTakeItem"", 9], [""tgr_RemoveItemFromCha"", 1], [""tgr_getNewItem"", 1]]"	[]	"{""LOADK"": 6, ""EQ"": 11, ""JMP"": 12, ""GETGLOBAL"": 31, ""GETTABLE"": 9, ""CALL"": 11, ""RETURN"": 1}"
1076	0.33.1024	2	0x13f13a7	0x13f1448	161	10002_data03.o	46410	46415	10	3	0	2	0	0	"[[""objGetSubType"", 1], [""tgr_cha"", 1]]"	[]	"{""GETGLOBAL"": 2, ""CALL"": 1, ""EQ"": 1, ""JMP"": 1, ""LOADBOOL"": 2, ""RETURN"": 3}"
1077	0.33.1025	2	0x13f1448	0x13f17d9	913	10002_data03.o	46417	46433	81	17	0	6	1	0	"[[""tgr_cha"", 11], [""objGetAttr"", 9], [""Cha_InventoryTakeItem"", 9], [""tgr_RemoveItemFromCha"", 1], [""tgr_getNewItem"", 1]]"	[]	"{""LOADK"": 6, ""EQ"": 11, ""JMP"": 12, ""GETGLOBAL"": 31, ""GETTABLE"": 9, ""CALL"": 11, ""RETURN"": 1}"
1078	0.33.1026	2	0x13f17d9	0x13f188d	180	10002_data03.o	46447	46452	11	4	0	3	0	0	"[[""CheckSkillExist"", 1], [""tgr_cha"", 1]]"	[]	"{""GETGLOBAL"": 2, ""LOADK"": 1, ""CALL"": 1, ""EQ"": 1, ""JMP"": 1, ""LOADBOOL"": 2, ""RETURN"": 3}"
1079	0.33.1027	2	0x13f188d	0x13f1cff	1138	10002_data03.o	46454	46519	105	17	0	10	4	0	"[[""tgr_cha"", 12], [""TriggerCheckSkillLV"", 4], [""GetRandomNumber"", 4], [""TriggerAddSkillState"", 4]]"	[]	"{""LOADK"": 32, ""EQ"": 8, ""JMP"": 20, ""GETGLOBAL"": 24, ""CALL"": 12, ""TEST"": 4, ""LE"": 4, ""RETURN"": 1}"
1080	0.33.1028	2	0x13f1cff	0x13f1dd6	215	10002_data03.o	46533	46538	13	5	0	3	0	0	"[[""CONTROL_PLAYER"", 1], [""objGetControl"", 1], [""tgr_cha"", 1]]"	[]	"{""GETGLOBAL"": 3, ""CALL"": 1, ""GETTABLE"": 2, ""EQ"": 1, ""JMP"": 1, ""LOADBOOL"": 2, ""RETURN"": 3}"
1081	0.33.1029	2	0x13f1dd6	0x13f2322	1356	10002_data03.o	46540	46625	127	14	0	13	6	0	"[[""tgr_cha"", 9], [""_template_data_0001"", 6], [""objGetSubType"", 3], [""TriggerGetBagPosItemNum"", 3], [""Game_End"", 3], [""TriggerShowHint"", 3]]"	[]	"{""LOADK"": 39, ""EQ"": 15, ""JMP"": 24, ""GETGLOBAL"": 27, ""CALL"": 12, ""SETTABLE"": 3, ""GETTABLE"": 3, ""LE"": 3, ""RETURN"": 1}"
1082	0.33.1030	2	0x13f2322	0x13f2362	64	10002_data03.o	46639	46641	3	0	0	2	0	0	[]	[]	"{""LOADBOOL"": 1, ""RETURN"": 2}"
1083	0.33.1031	2	0x13f2362	0x13f246b	265	10002_data03.o	46643	46648	14	9	0	9	0	0	"[[""_template_data_0001"", 3], [""TriggerSetLable"", 1], [""tgr_cha"", 1]]"	[]	"{""GETGLOBAL"": 5, ""LOADK"": 4, ""GETTABLE"": 3, ""CALL"": 1, ""RETURN"": 1}"
1084	0.33.1032	2	0x13f246b	0x13f27c0	853	10002_data03.o	46662	46673	77	16	0	3	0	0	"[[""tgr_cha"", 11], [""TriggerCheckChatypeID"", 9], [""CONTROL_PLAYER"", 1], [""objGetControl"", 1], [""cha_GetPType"", 1]]"	[]	"{""GETGLOBAL"": 23, ""CALL"": 11, ""GETTABLE"": 2, ""EQ"": 2, ""JMP"": 11, ""LOADBOOL"": 4, ""RETURN"": 5, ""LOADK"": 9, ""TEST"": 9, ""NOT"": 1}"
1085	0.33.1033	2	0x13f27c0	0x13f29df	543	10002_data03.o	46675	46698	35	11	0	12	3	0	"[[""_template_data_0001"", 3], [""Game_End"", 1], [""TriggerShowHint"", 1], [""tgr_cha"", 1]]"	[]	"{""LOADK"": 12, ""GETGLOBAL"": 6, ""GETTABLE"": 2, ""MUL"": 2, ""ADD"": 2, ""SETTABLE"": 1, ""EQ"": 2, ""JMP"": 4, ""LE"": 1, ""CALL"": 2, ""RETURN"": 1}"
1086	0.33.1034	2	0x13f29df	0x13f2d34	853	10002_data03.o	46712	46723	77	16	0	3	0	0	"[[""tgr_cha"", 11], [""TriggerCheckChatypeID"", 9], [""CONTROL_PLAYER"", 1], [""objGetControl"", 1], [""cha_GetPType"", 1]]"	[]	"{""GETGLOBAL"": 23, ""CALL"": 11, ""GETTABLE"": 2, ""EQ"": 2, ""JMP"": 11, ""LOADBOOL"": 4, ""RETURN"": 5, ""LOADK"": 9, ""TEST"": 9, ""NOT"": 1}"
1087	0.33.1035	2	0x13f2d34	0x13f2f53	543	10002_data03.o	46725	46748	35	11	0	12	3	0	"[[""_template_data_0001"", 3], [""Game_End"", 1], [""TriggerShowHint"", 1], [""tgr_cha"", 1]]"	[]	"{""LOADK"": 12, ""GETGLOBAL"": 6, ""GETTABLE"": 2, ""MUL"": 2, ""ADD"": 2, ""SETTABLE"": 1, ""EQ"": 2, ""JMP"": 4, ""LE"": 1, ""CALL"": 2, ""RETURN"": 1}"
1088	0.33.1036	2	0x13f2f53	0x13f32a8	853	10002_data03.o	46762	46773	77	16	0	3	0	0	"[[""tgr_cha"", 11], [""TriggerCheckChatypeID"", 9], [""CONTROL_PLAYER"", 1], [""objGetControl"", 1], [""cha_GetPType"", 1]]"	[]	"{""GETGLOBAL"": 23, ""CALL"": 11, ""GETTABLE"": 2, ""EQ"": 2, ""JMP"": 11, ""LOADBOOL"": 4, ""RETURN"": 5, ""LOADK"": 9, ""TEST"": 9, ""NOT"": 1}"
1089	0.33.1037	2	0x13f32a8	0x13f34c7	543	10002_data03.o	46775	46798	35	11	0	12	3	0	"[[""_template_data_0001"", 3], [""Game_End"", 1], [""TriggerShowHint"", 1], [""tgr_cha"", 1]]"	[]	"{""LOADK"": 12, ""GETGLOBAL"": 6, ""GETTABLE"": 2, ""MUL"": 2, ""ADD"": 2, ""SETTABLE"": 1, ""EQ"": 2, ""JMP"": 4, ""LE"": 1, ""CALL"": 2, ""RETURN"": 1}"
1090	0.33.1038	2	0x13f34c7	0x13f381c	853	10002_data03.o	46812	46823	77	16	0	3	0	0	"[[""tgr_cha"", 11], [""TriggerCheckChatypeID"", 9], [""CONTROL_PLAYER"", 1], [""objGetControl"", 1], [""cha_GetPType"", 1]]"	[]	"{""GETGLOBAL"": 23, ""CALL"": 11, ""GETTABLE"": 2, ""EQ"": 2, ""JMP"": 11, ""LOADBOOL"": 4, ""RETURN"": 5, ""LOADK"": 9, ""TEST"": 9, ""NOT"": 1}"
1091	0.33.1039	2	0x13f381c	0x13f3a3b	543	10002_data03.o	46825	46848	35	11	0	12	3	0	"[[""_template_data_0001"", 3], [""Game_End"", 1], [""TriggerShowHint"", 1], [""tgr_cha"", 1]]"	[]	"{""LOADK"": 12, ""GETGLOBAL"": 6, ""GETTABLE"": 2, ""MUL"": 2, ""ADD"": 2, ""SETTABLE"": 1, ""EQ"": 2, ""JMP"": 4, ""LE"": 1, ""CALL"": 2, ""RETURN"": 1}"
1092	0.33.1040	2	0x13f3a3b	0x13f3d90	853	10002_data03.o	46862	46873	77	16	0	3	0	0	"[[""tgr_cha"", 11], [""TriggerCheckChatypeID"", 9], [""CONTROL_PLAYER"", 1], [""objGetControl"", 1], [""cha_GetPType"", 1]]"	[]	"{""GETGLOBAL"": 23, ""CALL"": 11, ""GETTABLE"": 2, ""EQ"": 2, ""JMP"": 11, ""LOADBOOL"": 4, ""RETURN"": 5, ""LOADK"": 9, ""TEST"": 9, ""NOT"": 1}"
1093	0.33.1041	2	0x13f3d90	0x13f3faf	543	10002_data03.o	46875	46898	35	11	0	12	3	0	"[[""_template_data_0001"", 3], [""Game_End"", 1], [""TriggerShowHint"", 1], [""tgr_cha"", 1]]"	[]	"{""LOADK"": 12, ""GETGLOBAL"": 6, ""GETTABLE"": 2, ""MUL"": 2, ""ADD"": 2, ""SETTABLE"": 1, ""EQ"": 2, ""JMP"": 4, ""LE"": 1, ""CALL"": 2, ""RETURN"": 1}"
1094	0.33.1042	2	0x13f3faf	0x13f4304	853	10002_data03.o	46912	46923	77	16	0	3	0	0	"[[""tgr_cha"", 11], [""TriggerCheckChatypeID"", 9], [""CONTROL_PLAYER"", 1], [""objGetControl"", 1], [""cha_GetPType"", 1]]"	[]	"{""GETGLOBAL"": 23, ""CALL"": 11, ""GETTABLE"": 2, ""EQ"": 2, ""JMP"": 11, ""LOADBOOL"": 4, ""RETURN"": 5, ""LOADK"": 9, ""TEST"": 9, ""NOT"": 1}"
1095	0.33.1043	2	0x13f4304	0x13f4523	543	10002_data03.o	46925	46948	35	11	0	12	3	0	"[[""_template_data_0001"", 3], [""Game_End"", 1], [""TriggerShowHint"", 1], [""tgr_cha"", 1]]"	[]	"{""LOADK"": 12, ""GETGLOBAL"": 6, ""GETTABLE"": 2, ""MUL"": 2, ""ADD"": 2, ""SETTABLE"": 1, ""EQ"": 2, ""JMP"": 4, ""LE"": 1, ""CALL"": 2, ""RETURN"": 1}"
1096	0.33.1044	2	0x13f4523	0x13f4563	64	10002_data03.o	46962	46964	3	0	0	2	0	0	[]	[]	"{""LOADBOOL"": 1, ""RETURN"": 2}"
1097	0.33.1045	2	0x13f4563	0x13f48bb	856	10002_data03.o	46966	47009	61	8	0	15	12	0	"[[""_template_data_0001"", 12]]"	[]	"{""LOADK"": 12, ""GETGLOBAL"": 12, ""GETTABLE"": 6, ""MUL"": 12, ""ADD"": 12, ""SETTABLE"": 6, ""RETURN"": 1}"
1098	0.33.1046	2	0x13f48bb	0x13f48fb	64	10002_data03.o	47023	47025	3	0	0	2	0	0	[]	[]	"{""LOADBOOL"": 1, ""RETURN"": 2}"
1099	0.33.1047	2	0x13f48fb	0x13f4a04	265	10002_data03.o	47027	47032	14	9	0	9	0	0	"[[""_template_data_0001"", 3], [""TriggerSetLable"", 1], [""tgr_cha"", 1]]"	[]	"{""GETGLOBAL"": 5, ""LOADK"": 4, ""GETTABLE"": 3, ""CALL"": 1, ""RETURN"": 1}"
1100	0.33.1048	2	0x13f4a04	0x13f4a44	64	10002_data03.o	47046	47048	3	0	0	2	0	0	[]	[]	"{""LOADBOOL"": 1, ""RETURN"": 2}"
1101	0.33.1049	2	0x13f4a44	0x13f514e	1802	10002_data03.o	47050	47106	125	21	0	20	22	0	"[[""_template_data_0001"", 12], [""tgr_cha"", 7], [""TriggerCheckChatypeID"", 3], [""GetPlayerUseHeroNum"", 2], [""GetPlayerUseHeroCha"", 2], [""TriggerGetPropertyValue"", 2], [""TriggerStringConcat"", 2], [""TriggerSetDialogBubble"", 2]]"	"[[""tgr_cha"", 2]]"	"{""LOADK"": 31, ""FORPREP"": 4, ""GETGLOBAL"": 32, ""MOVE"": 8, ""CALL"": 13, ""SETGLOBAL"": 2, ""EQ"": 4, ""JMP"": 7, ""TEST"": 3, ""SETTABLE"": 5, ""GETTABLE"": 7, ""FORLOOP"": 4, ""MUL"": 2, ""ADD"": 2, ""RETURN"": 1}"
1102	0.33.1050	2	0x13f514e	0x13f5735	1511	10002_data03.o	47120	47128	158	18	0	3	0	0	"[[""tgr_KEobj"", 19], [""objGetAttr"", 18], [""Cha_InventoryTakeItem"", 18], [""TriggerCheckChatypeID"", 1]]"	[]	"{""GETGLOBAL"": 56, ""GETTABLE"": 37, ""CALL"": 19, ""EQ"": 18, ""JMP"": 19, ""LOADBOOL"": 3, ""RETURN"": 4, ""LOADK"": 1, ""TEST"": 1}"
1103	0.33.1051	2	0x13f5735	0x13f5975	576	10002_data03.o	47130	47145	35	17	0	9	0	0	"[[""tgr_KEobj"", 4], [""tgr_RemoveItemFromCha"", 2], [""tgr_getNewItem"", 1], [""TriggerShowHint"", 1], [""tgr_cha"", 1], [""TriggerAddEffectAndTimes"", 1]]"	[]	"{""GETGLOBAL"": 10, ""GETTABLE"": 4, ""LOADK"": 15, ""CALL"": 5, ""RETURN"": 1}"
1104	0.33.1052	2	0x13f5975	0x13f5ca7	818	10002_data03.o	47159	47164	77	14	0	3	0	0	"[[""objGetAttr"", 9], [""tgr_NormalAtkObj"", 9], [""Cha_InventoryTakeItem"", 9]]"	[]	"{""GETGLOBAL"": 27, ""GETTABLE"": 18, ""CALL"": 9, ""EQ"": 9, ""JMP"": 9, ""LOADBOOL"": 2, ""RETURN"": 3}"
1105	0.33.1053	2	0x13f5ca7	0x13f60a4	1021	10002_data03.o	47166	47206	72	23	0	14	5	0	"[[""_template_data_0001"", 10], [""tgr_NormalAtkObj"", 4], [""TriggerGetUnitPosition"", 1], [""TriggerGetPropertyValue"", 1], [""TriggerDoAreaDamage"", 1], [""GetInt"", 1], [""TriggerAddEffectAndTimes"", 1]]"	[]	"{""LOADK"": 15, ""GETGLOBAL"": 19, ""GETTABLE"": 10, ""MUL"": 5, ""ADD"": 4, ""SETTABLE"": 4, ""EQ"": 3, ""JMP"": 4, ""CALL"": 5, ""NEWTABLE"": 1, ""SETLIST"": 1, ""RETURN"": 1}"
1106	0.33.1054	2	0x13f60a4	0x13f6158	180	10002_data03.o	47220	47225	11	4	0	3	0	0	"[[""CheckSkillExist"", 1], [""tgr_cha"", 1]]"	[]	"{""GETGLOBAL"": 2, ""LOADK"": 1, ""CALL"": 1, ""EQ"": 1, ""JMP"": 1, ""LOADBOOL"": 2, ""RETURN"": 3}"
1107	0.33.1055	2	0x13f6158	0x13f6503	939	10002_data03.o	47227	47276	85	14	0	10	4	0	"[[""tgr_cha"", 12], [""TriggerCheckSkillLV"", 4], [""TriggerAddSkillState"", 4]]"	[]	"{""LOADK"": 28, ""EQ"": 8, ""JMP"": 16, ""GETGLOBAL"": 20, ""CALL"": 8, ""TEST"": 4, ""RETURN"": 1}"
1108	0.33.1056	2	0x13f6503	0x13f659e	155	10002_data03.o	47290	47295	9	3	0	2	0	0	"[[""_template_data_0001"", 1]]"	[]	"{""GETGLOBAL"": 1, ""GETTABLE"": 1, ""EQ"": 1, ""JMP"": 1, ""LOADBOOL"": 2, ""RETURN"": 3}"
1109	0.33.1057	2	0x13f659e	0x13f6979	987	10002_data03.o	47297	47331	91	14	0	6	2	0	"[[""CONTROL_PLAYER"", 8], [""tgr_PlayerGetResource"", 8], [""_template_data_0001"", 2]]"	[]	"{""LOADK"": 26, ""GETGLOBAL"": 18, ""GETTABLE"": 17, ""MUL"": 2, ""ADD"": 2, ""SETTABLE"": 1, ""EQ"": 8, ""JMP"": 8, ""CALL"": 8, ""RETURN"": 1}"
1110	0.33.1058	2	0x13f6979	0x13f6adc	355	10002_data03.o	47345	47356	27	7	0	3	0	0	"[[""tgr_cha"", 3], [""objGetControl"", 2], [""CONTROL_PLAYER"", 1], [""objGetSubType"", 1]]"	[]	"{""GETGLOBAL"": 7, ""CALL"": 3, ""GETTABLE"": 2, ""EQ"": 3, ""JMP"": 3, ""LOADBOOL"": 4, ""RETURN"": 5}"
1111	0.33.1059	2	0x13f6adc	0x13f6cf2	534	10002_data03.o	47358	47383	40	12	0	7	2	0	"[[""_template_data_0001"", 4], [""TriggerAddUnitAttr"", 2], [""tgr_cha"", 2], [""GetInt"", 1]]"	[]	"{""LOADK"": 8, ""EQ"": 6, ""JMP"": 8, ""GETGLOBAL"": 9, ""GETTABLE"": 4, ""MUL"": 1, ""CALL"": 3, ""RETURN"": 1}"
1112	0.33.1060	2	0x13f6cf2	0x13f6d93	161	10002_data03.o	47397	47402	10	3	0	2	0	0	"[[""objGetSubType"", 1], [""tgr_cha"", 1]]"	[]	"{""GETGLOBAL"": 2, ""CALL"": 1, ""EQ"": 1, ""JMP"": 1, ""LOADBOOL"": 2, ""RETURN"": 3}"
1113	0.33.1061	2	0x13f6d93	0x13f6e14	129	10002_data03.o	47404	47408	5	3	0	3	0	0	"[[""tgr_RemoveItemFromCha"", 1], [""tgr_cha"", 1]]"	[]	"{""GETGLOBAL"": 2, ""LOADK"": 1, ""CALL"": 1, ""RETURN"": 1}"
1114	0.33.1062	2	0x13f6e14	0x13f6ed9	197	10002_data03.o	47422	47427	12	5	0	3	0	0	"[[""CheckSkillExist"", 1], [""tgr_KEobj"", 1]]"	[]	"{""GETGLOBAL"": 2, ""GETTABLE"": 1, ""LOADK"": 1, ""CALL"": 1, ""EQ"": 1, ""JMP"": 1, ""LOADBOOL"": 2, ""RETURN"": 3}"
1115	0.33.1063	2	0x13f6ed9	0x13f6fd8	255	10002_data03.o	47429	47438	12	8	0	3	0	0	"[[""GetRandomNumber"", 1], [""TriggerRefreshSKCD"", 1], [""tgr_KEobj"", 1], [""_template_data_0001"", 1]]"	[]	"{""GETGLOBAL"": 4, ""LOADK"": 1, ""CALL"": 2, ""LE"": 1, ""JMP"": 1, ""GETTABLE"": 2, ""RETURN"": 1}"
1116	0.33.1064	2	0x13f6fd8	0x13f708a	178	10002_data03.o	47452	47457	11	4	0	2	0	0	"[[""objGetSubType"", 1], [""tgr_CSobj"", 1]]"	[]	"{""GETGLOBAL"": 2, ""GETTABLE"": 1, ""CALL"": 1, ""EQ"": 1, ""JMP"": 1, ""LOADBOOL"": 2, ""RETURN"": 3}"
1117	0.33.1065	2	0x13f708a	0x13f728b	513	10002_data03.o	47459	47479	40	11	0	7	1	0	"[[""tgr_CSobj"", 4], [""GetRandomNumber"", 2], [""TriggerAddSkillState"", 2]]"	[]	"{""LOADK"": 9, ""LT"": 2, ""JMP"": 6, ""GETGLOBAL"": 8, ""MOVE"": 2, ""CALL"": 4, ""LE"": 2, ""GETTABLE"": 4, ""SUB"": 2, ""RETURN"": 1}"
1118	0.33.1066	2	0x13f728b	0x13f7357	204	10002_data03.o	47493	47498	12	5	0	3	0	0	"[[""CheckSkillExist"", 1], [""tgr_NormalAtkObj"", 1]]"	[]	"{""GETGLOBAL"": 2, ""GETTABLE"": 1, ""LOADK"": 1, ""CALL"": 1, ""EQ"": 1, ""JMP"": 1, ""LOADBOOL"": 2, ""RETURN"": 3}"
1119	0.33.1067	2	0x13f7357	0x13f745d	262	10002_data03.o	47500	47509	12	8	0	3	0	0	"[[""GetRandomNumber"", 1], [""TriggerRefreshSKCD"", 1], [""tgr_NormalAtkObj"", 1], [""_template_data_0001"", 1]]"	[]	"{""GETGLOBAL"": 4, ""LOADK"": 1, ""CALL"": 2, ""LE"": 1, ""JMP"": 1, ""GETTABLE"": 2, ""RETURN"": 1}"
1120	0.33.1068	2	0x13f745d	0x13f7529	204	10002_data03.o	47523	47528	12	5	0	3	0	0	"[[""CheckSkillExist"", 1], [""tgr_NormalAtkObj"", 1]]"	[]	"{""GETGLOBAL"": 2, ""GETTABLE"": 1, ""LOADK"": 1, ""CALL"": 1, ""EQ"": 1, ""JMP"": 1, ""LOADBOOL"": 2, ""RETURN"": 3}"
1121	0.33.1069	2	0x13f7529	0x13f7e46	2333	10002_data03.o	47530	47660	216	30	0	18	11	0	"[[""_template_data_0001"", 16], [""tgr_NormalAtkObj"", 14], [""TriggerCheckSkillLV"", 4], [""GetRandomNumber"", 4], [""TriggerDoAreaDamage"", 4], [""TriggerAddEffectAndTimes"", 4], [""TriggerGetPropertyValue"", 1], [""TriggerGetUnitPosition"", 1]]"	[]	"{""LOADK"": 56, ""EQ"": 13, ""JMP"": 30, ""GETGLOBAL"": 48, ""GETTABLE"": 27, ""CALL"": 18, ""SETTABLE"": 3, ""MUL"": 2, ""ADD"": 2, ""TEST"": 4, ""LE"": 4, ""NEWTABLE"": 4, ""SETLIST"": 4, ""RETURN"": 1}"
1122	0.33.1070	2	0x13f7e46	0x13f7f0b	197	10002_data03.o	47674	47679	12	5	0	3	0	0	"[[""CheckSkillExist"", 1], [""tgr_KEobj"", 1]]"	[]	"{""GETGLOBAL"": 2, ""GETTABLE"": 1, ""LOADK"": 1, ""CALL"": 1, ""EQ"": 1, ""JMP"": 1, ""LOADBOOL"": 2, ""RETURN"": 3}"
1123	0.33.1071	2	0x13f7f0b	0x13f8501	1526	10002_data03.o	47681	47771	147	19	0	10	6	0	"[[""tgr_KEobj"", 11], [""GetRandomNumber"", 5], [""TriggerAddUnitAttr"", 5], [""TriggerCheckSkillLV"", 4], [""objGetSubType"", 2]]"	[]	"{""LOADK"": 40, ""EQ"": 14, ""JMP"": 29, ""GETGLOBAL"": 27, ""GETTABLE"": 11, ""CALL"": 16, ""TEST"": 4, ""LE"": 5, ""RETURN"": 1}"
1124	0.33.1072	2	0x13f8501	0x13f8541	64	10002_data03.o	47785	47787	3	0	0	2	0	0	[]	[]	"{""LOADBOOL"": 1, ""RETURN"": 2}"
1125	0.33.1073	2	0x13f8541	0x13f8f13	2514	10002_data03.o	47789	47908	247	31	0	15	6	0	"[[""tgr_NormalAtkObj"", 23], [""_template_data_0001"", 20], [""TriggerGetUnitPosition"", 4], [""TriggerGetPropertyValue"", 4], [""TriggerDoAreaDamage"", 4], [""GetInt"", 4], [""TriggerAddEffectAndTimes"", 4], [""objGetSubType"", 3], [""CheckSkillExist"", 2], [""objGetAttrHp"", 2]]"	[]	"{""LOADK"": 50, ""EQ"": 17, ""JMP"": 25, ""GETGLOBAL"": 70, ""GETTABLE"": 35, ""CALL"": 27, ""LE"": 1, ""SETTABLE"": 8, ""MUL"": 4, ""NEWTABLE"": 4, ""SETLIST"": 4, ""LT"": 1, ""RETURN"": 1}"
1126	0.33.1074	2	0x13f8f13	0x13f8f53	64	10002_data03.o	47922	47924	3	0	0	2	0	0	[]	[]	"{""LOADBOOL"": 1, ""RETURN"": 2}"
1127	0.33.1075	2	0x13f8f53	0x13f9b36	3043	10002_data03.o	47926	48073	289	33	0	19	14	0	"[[""_template_data_0001"", 33], [""tgr_NormalAtkObj"", 22], [""TriggerGetUnitPosition"", 5], [""TriggerGetPropertyValue"", 5], [""TriggerDoAreaDamage"", 5], [""TriggerCheckSkillLV"", 4], [""Check_SkilleffNum_Bit"", 1], [""GetInt"", 1], [""TriggerAddEffectAndTimes"", 1], [""CheckSkillExist"", 1]]"	[]	"{""LOADK"": 63, ""EQ"": 14, ""JMP"": 24, ""GETGLOBAL"": 78, ""GETTABLE"": 41, ""CALL"": 23, ""SETTABLE"": 14, ""MUL"": 9, ""NEWTABLE"": 5, ""SETLIST"": 5, ""TEST"": 4, ""ADD"": 8, ""RETURN"": 1}"
1128	0.33.1076	2	0x13f9b36	0x13f9c56	288	10002_data03.o	48087	48095	18	8	0	3	0	0	"[[""CheckSkillExist"", 1], [""tgr_KEobj"", 1], [""_template_data_0001"", 1]]"	[]	"{""GETGLOBAL"": 3, ""GETTABLE"": 2, ""LOADK"": 1, ""CALL"": 1, ""EQ"": 1, ""JMP"": 2, ""LOADBOOL"": 3, ""RETURN"": 4, ""LT"": 1}"
1129	0.33.1077	2	0x13f9c56	0x13f9dc4	366	10002_data03.o	48097	48108	21	9	0	8	2	0	"[[""_template_data_0001"", 3], [""tgr_KEobj"", 2], [""TriggerAddSkillState"", 1]]"	[]	"{""LOADK"": 4, ""GETGLOBAL"": 6, ""GETTABLE"": 4, ""MUL"": 2, ""ADD"": 2, ""SETTABLE"": 1, ""CALL"": 1, ""RETURN"": 1}"
1130	0.33.1078	2	0x13f9dc4	0x13f9e90	204	10002_data03.o	48122	48127	12	5	0	3	0	0	"[[""CheckSkillExist"", 1], [""tgr_NormalAtkObj"", 1]]"	[]	"{""GETGLOBAL"": 2, ""GETTABLE"": 1, ""LOADK"": 1, ""CALL"": 1, ""EQ"": 1, ""JMP"": 1, ""LOADBOOL"": 2, ""RETURN"": 3}"
1131	0.33.1079	2	0x13f9e90	0x13fa7d5	2373	10002_data03.o	48129	48242	221	28	0	17	12	0	"[[""_template_data_0001"", 24], [""tgr_NormalAtkObj"", 16], [""TriggerCheckSkillLV"", 4], [""TriggerGetUnitPosition"", 4], [""TriggerDoAreaDamage"", 4], [""TriggerAddEffectAndTimes"", 4]]"	[]	"{""LOADK"": 56, ""EQ"": 8, ""JMP"": 16, ""GETGLOBAL"": 56, ""GETTABLE"": 32, ""CALL"": 16, ""TEST"": 4, ""MUL"": 8, ""ADD"": 8, ""SETTABLE"": 8, ""NEWTABLE"": 4, ""SETLIST"": 4, ""RETURN"": 1}"
1132	0.33.1080	2	0x13fa7d5	0x13fa89a	197	10002_data03.o	48256	48261	12	5	0	3	0	0	"[[""CheckSkillExist"", 1], [""tgr_KEobj"", 1]]"	[]	"{""GETGLOBAL"": 2, ""GETTABLE"": 1, ""LOADK"": 1, ""CALL"": 1, ""EQ"": 1, ""JMP"": 1, ""LOADBOOL"": 2, ""RETURN"": 3}"
1133	0.33.1081	2	0x13fa89a	0x13fa96d	211	10002_data03.o	48263	48271	11	3	0	5	2	0	"[[""_template_data_0001"", 2]]"	[]	"{""LOADK"": 2, ""GETGLOBAL"": 2, ""GETTABLE"": 1, ""MUL"": 2, ""ADD"": 2, ""SETTABLE"": 1, ""RETURN"": 1}"
1134	0.33.1082	2	0x13fa96d	0x13fa9ad	64	10002_data03.o	48285	48287	3	0	0	2	0	0	[]	[]	"{""LOADBOOL"": 1, ""RETURN"": 2}"
1135	0.33.1083	2	0x13fa9ad	0x13fac43	662	10002_data03.o	48289	48309	41	20	0	13	2	0	"[[""_template_data_0001"", 6], [""tgr_CSobj"", 3], [""TriggerGetUnitPosition"", 1], [""TriggerDoAreaDamage"", 1], [""TriggerAddEffectAndTimes"", 1]]"	[]	"{""LOADK"": 10, ""GETGLOBAL"": 12, ""GETTABLE"": 7, ""MUL"": 2, ""ADD"": 2, ""SETTABLE"": 2, ""CALL"": 3, ""NEWTABLE"": 1, ""SETLIST"": 1, ""RETURN"": 1}"
1136	0.33.1084	2	0x13fac43	0x13fb169	1318	10002_data03.o	48323	48331	138	15	0	3	0	0	"[[""tgr_cha"", 19], [""objGetAttr"", 18], [""Cha_InventoryTakeItem"", 18], [""objGetSubType"", 1]]"	[]	"{""GETGLOBAL"": 56, ""GETTABLE"": 18, ""CALL"": 19, ""EQ"": 19, ""JMP"": 19, ""LOADBOOL"": 3, ""RETURN"": 4}"
1137	0.33.1085	2	0x13fb169	0x13fb2fb	402	10002_data03.o	48333	48346	25	12	0	5	0	0	"[[""tgr_cha"", 5], [""tgr_RemoveItemFromCha"", 3], [""tgr_getNewItem"", 1], [""TriggerAddEffectAndTimes"", 1]]"	[]	"{""GETGLOBAL"": 10, ""LOADK"": 9, ""CALL"": 5, ""RETURN"": 1}"
1138	0.33.1086	2	0x13fb2fb	0x13fb620	805	10002_data03.o	48360	48368	75	14	0	3	0	0	"[[""tgr_cha"", 10], [""objGetAttr"", 9], [""Cha_InventoryTakeItem"", 9], [""objGetSubType"", 1]]"	[]	"{""GETGLOBAL"": 29, ""GETTABLE"": 9, ""CALL"": 10, ""EQ"": 10, ""JMP"": 10, ""LOADBOOL"": 3, ""RETURN"": 4}"
1139	0.33.1087	2	0x13fb620	0x13fb857	567	10002_data03.o	48370	48385	31	15	0	9	0	0	"[[""tgr_cha"", 5], [""tgr_RemoveItemFromCha"", 2], [""tgr_getNewItem"", 1], [""TriggerShowHint"", 1], [""TriggerAddEffectAndTimes"", 1]]"	[]	"{""GETGLOBAL"": 10, ""LOADK"": 15, ""CALL"": 5, ""RETURN"": 1}"
1140	0.33.1088	2	0x13fb857	0x13fbb7c	805	10002_data03.o	48399	48407	75	14	0	3	0	0	"[[""tgr_cha"", 10], [""objGetAttr"", 9], [""Cha_InventoryTakeItem"", 9], [""objGetSubType"", 1]]"	[]	"{""GETGLOBAL"": 29, ""GETTABLE"": 9, ""CALL"": 10, ""EQ"": 10, ""JMP"": 10, ""LOADBOOL"": 3, ""RETURN"": 4}"
1141	0.33.1089	2	0x13fbb7c	0x13fbdb3	567	10002_data03.o	48409	48424	31	15	0	9	0	0	"[[""tgr_cha"", 5], [""tgr_RemoveItemFromCha"", 2], [""tgr_getNewItem"", 1], [""TriggerShowHint"", 1], [""TriggerAddEffectAndTimes"", 1]]"	[]	"{""GETGLOBAL"": 10, ""LOADK"": 15, ""CALL"": 5, ""RETURN"": 1}"
1142	0.33.1090	2	0x13fbdb3	0x13fbdf3	64	10002_data03.o	48438	48440	3	0	0	2	0	0	[]	[]	"{""LOADBOOL"": 1, ""RETURN"": 2}"
1143	0.33.1091	2	0x13fbdf3	0x13fbf9a	423	10002_data03.o	48442	48453	25	12	0	8	0	0	"[[""_template_data_0001"", 5], [""tgr_cha"", 2], [""TriggerGetPropertyValue"", 1], [""TriggerStringConcat"", 1], [""TriggerSetDialogBubble"", 1]]"	[]	"{""GETGLOBAL"": 10, ""LOADK"": 6, ""CALL"": 3, ""SETTABLE"": 2, ""GETTABLE"": 3, ""RETURN"": 1}"
1144	0.33.1092	2	0x13fbf9a	0x13fc03b	161	10002_data03.o	48467	48472	10	3	0	2	0	0	"[[""objGetSubType"", 1], [""tgr_cha"", 1]]"	[]	"{""GETGLOBAL"": 2, ""CALL"": 1, ""EQ"": 1, ""JMP"": 1, ""LOADBOOL"": 2, ""RETURN"": 3}"
1145	0.33.1093	2	0x13fc03b	0x13fc1e7	428	10002_data03.o	48474	48489	26	10	0	11	2	0	"[[""_template_data_0001"", 3], [""tgr_cha"", 2], [""tgr_RemoveItemFromCha"", 1], [""TriggerShowHint"", 1]]"	[]	"{""GETGLOBAL"": 7, ""LOADK"": 9, ""CALL"": 2, ""GETTABLE"": 2, ""MUL"": 2, ""ADD"": 2, ""SETTABLE"": 1, ""RETURN"": 1}"
1146	0.33.1094	2	0x13fc1e7	0x13fc227	64	10002_data03.o	48503	48505	3	0	0	2	0	0	[]	[]	"{""LOADBOOL"": 1, ""RETURN"": 2}"
1147	0.33.1095	2	0x13fc227	0x13fc586	863	10002_data03.o	48507	48534	51	12	0	17	11	0	"[[""tgr_cha"", 4], [""GetPlayerUseHeroNum"", 1], [""GetPlayerUseHeroCha"", 1], [""TriggerCheckChatypeID"", 1], [""Check_SkilleffNum_Bit"", 1], [""TriggerAddSkillState"", 1]]"	"[[""tgr_cha"", 1]]"	"{""LOADK"": 14, ""FORPREP"": 2, ""GETGLOBAL"": 9, ""MOVE"": 4, ""CALL"": 5, ""SETGLOBAL"": 1, ""EQ"": 5, ""JMP"": 7, ""TEST"": 1, ""FORLOOP"": 2, ""RETURN"": 1}"
1148	0.33.1096	2	0x13fc586	0x13fc627	161	10002_data03.o	48548	48553	10	3	0	2	0	0	"[[""objGetSubType"", 1], [""tgr_cha"", 1]]"	[]	"{""GETGLOBAL"": 2, ""CALL"": 1, ""EQ"": 1, ""JMP"": 1, ""LOADBOOL"": 2, ""RETURN"": 3}"
1149	0.33.1097	2	0x13fc627	0x13fc6d1	170	10002_data03.o	48555	48559	8	5	0	6	0	0	"[[""tgr_cha"", 2], [""TriggerAddSkillState"", 1]]"	[]	"{""GETGLOBAL"": 3, ""LOADK"": 3, ""CALL"": 1, ""RETURN"": 1}"
1150	0.33.1098	2	0x13fc6d1	0x13fc772	161	10002_data03.o	48573	48578	10	3	0	2	0	0	"[[""objGetSubType"", 1], [""tgr_cha"", 1]]"	[]	"{""GETGLOBAL"": 2, ""CALL"": 1, ""EQ"": 1, ""JMP"": 1, ""LOADBOOL"": 2, ""RETURN"": 3}"
1151	0.33.1099	2	0x13fc772	0x13fc81c	170	10002_data03.o	48580	48584	8	5	0	6	0	0	"[[""tgr_cha"", 2], [""TriggerAddSkillState"", 1]]"	[]	"{""GETGLOBAL"": 3, ""LOADK"": 3, ""CALL"": 1, ""RETURN"": 1}"
1152	0.33.1100	2	0x13fc81c	0x13fc8ee	210	10002_data03.o	48598	48603	12	5	0	3	0	0	"[[""Check_SkilleffNum_Bit"", 1], [""tgr_NormalAtkObj"", 1]]"	[]	"{""GETGLOBAL"": 2, ""GETTABLE"": 1, ""LOADK"": 1, ""CALL"": 1, ""EQ"": 1, ""JMP"": 1, ""LOADBOOL"": 2, ""RETURN"": 3}"
1153	0.33.1101	2	0x13fc8ee	0x13fcb82	660	10002_data03.o	48605	48625	42	18	0	14	2	0	"[[""_template_data_0001"", 7], [""tgr_NormalAtkObj"", 3], [""TriggerGetPropertyValue"", 1], [""TriggerGetUnitPosition"", 1], [""TriggerDoAreaDamage"", 1]]"	[]	"{""GETGLOBAL"": 13, ""GETTABLE"": 7, ""LOADK"": 9, ""CALL"": 3, ""SETTABLE"": 3, ""MUL"": 2, ""ADD"": 2, ""NEWTABLE"": 1, ""SETLIST"": 1, ""RETURN"": 1}"
1154	0.33.1102	2	0x13fcb82	0x13fcc4e	204	10002_data03.o	48639	48644	12	5	0	3	0	0	"[[""CheckSkillExist"", 1], [""tgr_NormalAtkObj"", 1]]"	[]	"{""GETGLOBAL"": 2, ""GETTABLE"": 1, ""LOADK"": 1, ""CALL"": 1, ""EQ"": 1, ""JMP"": 1, ""LOADBOOL"": 2, ""RETURN"": 3}"
1155	0.33.1103	2	0x13fcc4e	0x13fd3a1	1875	10002_data03.o	48646	48731	181	26	0	15	4	0	"[[""tgr_NormalAtkObj"", 16], [""_template_data_0001"", 16], [""TriggerCheckSkillLV"", 4], [""TriggerGetUnitPosition"", 4], [""TriggerDoAreaDamage"", 4], [""TriggerAddEffectAndTimes"", 4]]"	[]	"{""LOADK"": 48, ""EQ"": 8, ""JMP"": 16, ""GETGLOBAL"": 48, ""GETTABLE"": 28, ""CALL"": 16, ""TEST"": 4, ""SETTABLE"": 4, ""NEWTABLE"": 4, ""SETLIST"": 4, ""RETURN"": 1}"
1156	0.33.1104	2	0x13fd3a1	0x13fd6d3	818	10002_data03.o	48745	48750	77	14	0	3	0	0	"[[""objGetAttr"", 9], [""tgr_NormalAtkObj"", 9], [""Cha_InventoryTakeItem"", 9]]"	[]	"{""GETGLOBAL"": 27, ""GETTABLE"": 18, ""CALL"": 9, ""EQ"": 9, ""JMP"": 9, ""LOADBOOL"": 2, ""RETURN"": 3}"
1157	0.33.1105	2	0x13fd6d3	0x13fd79d	202	10002_data03.o	48752	48756	10	6	0	6	0	0	"[[""tgr_NormalAtkObj"", 2], [""TriggerAddSkillState"", 1]]"	[]	"{""GETGLOBAL"": 3, ""GETTABLE"": 2, ""LOADK"": 3, ""CALL"": 1, ""RETURN"": 1}"
1158	0.33.1106	2	0x13fd79d	0x13fd83e	161	10002_data03.o	48770	48775	10	3	0	2	0	0	"[[""objGetSubType"", 1], [""tgr_cha"", 1]]"	[]	"{""GETGLOBAL"": 2, ""CALL"": 1, ""EQ"": 1, ""JMP"": 1, ""LOADBOOL"": 2, ""RETURN"": 3}"
1159	0.33.1107	2	0x13fd83e	0x13fdbcf	913	10002_data03.o	48777	48793	81	17	0	6	1	0	"[[""tgr_cha"", 11], [""objGetAttr"", 9], [""Cha_InventoryTakeItem"", 9], [""tgr_RemoveItemFromCha"", 1], [""tgr_getNewItem"", 1]]"	[]	"{""LOADK"": 6, ""EQ"": 11, ""JMP"": 12, ""GETGLOBAL"": 31, ""GETTABLE"": 9, ""CALL"": 11, ""RETURN"": 1}"
1160	0.33.1108	2	0x13fdbcf	0x13fdc70	161	10002_data03.o	48807	48812	10	3	0	2	0	0	"[[""objGetSubType"", 1], [""tgr_cha"", 1]]"	[]	"{""GETGLOBAL"": 2, ""CALL"": 1, ""EQ"": 1, ""JMP"": 1, ""LOADBOOL"": 2, ""RETURN"": 3}"
1161	0.33.1109	2	0x13fdc70	0x13fe001	913	10002_data03.o	48814	48830	81	17	0	6	1	0	"[[""tgr_cha"", 11], [""objGetAttr"", 9], [""Cha_InventoryTakeItem"", 9], [""tgr_RemoveItemFromCha"", 1], [""tgr_getNewItem"", 1]]"	[]	"{""LOADK"": 6, ""EQ"": 11, ""JMP"": 12, ""GETGLOBAL"": 31, ""GETTABLE"": 9, ""CALL"": 11, ""RETURN"": 1}"
1162	0.33.1110	2	0x13fe001	0x13fe0a2	161	10002_data03.o	48844	48849	10	3	0	2	0	0	"[[""objGetSubType"", 1], [""tgr_cha"", 1]]"	[]	"{""GETGLOBAL"": 2, ""CALL"": 1, ""EQ"": 1, ""JMP"": 1, ""LOADBOOL"": 2, ""RETURN"": 3}"
1163	0.33.1111	2	0x13fe0a2	0x13fe1e2	320	10002_data03.o	48851	48864	21	7	0	6	1	0	"[[""tgr_cha"", 2], [""TriggerCheckSkillLV"", 1], [""TriggerAddUnitAttr"", 1]]"	[]	"{""LOADK"": 7, ""EQ"": 2, ""JMP"": 4, ""GETGLOBAL"": 4, ""CALL"": 2, ""TEST"": 1, ""RETURN"": 1}"
1164	0.33.1112	2	0x13fe1e2	0x13fe283	161	10002_data03.o	48878	48883	10	3	0	2	0	0	"[[""objGetSubType"", 1], [""tgr_cha"", 1]]"	[]	"{""GETGLOBAL"": 2, ""CALL"": 1, ""EQ"": 1, ""JMP"": 1, ""LOADBOOL"": 2, ""RETURN"": 3}"
1165	0.33.1113	2	0x13fe283	0x13fe614	913	10002_data03.o	48885	48901	81	17	0	6	1	0	"[[""tgr_cha"", 11], [""objGetAttr"", 9], [""Cha_InventoryTakeItem"", 9], [""tgr_RemoveItemFromCha"", 1], [""tgr_getNewItem"", 1]]"	[]	"{""LOADK"": 6, ""EQ"": 11, ""JMP"": 12, ""GETGLOBAL"": 31, ""GETTABLE"": 9, ""CALL"": 11, ""RETURN"": 1}"
1166	0.33.1114	2	0x13fe614	0x13fe6b5	161	10002_data03.o	48915	48920	10	3	0	2	0	0	"[[""objGetSubType"", 1], [""tgr_cha"", 1]]"	[]	"{""GETGLOBAL"": 2, ""CALL"": 1, ""EQ"": 1, ""JMP"": 1, ""LOADBOOL"": 2, ""RETURN"": 3}"
1167	0.33.1115	2	0x13fe6b5	0x13fea46	913	10002_data03.o	48922	48938	81	17	0	6	1	0	"[[""tgr_cha"", 11], [""objGetAttr"", 9], [""Cha_InventoryTakeItem"", 9], [""tgr_RemoveItemFromCha"", 1], [""tgr_getNewItem"", 1]]"	[]	"{""LOADK"": 6, ""EQ"": 11, ""JMP"": 12, ""GETGLOBAL"": 31, ""GETTABLE"": 9, ""CALL"": 11, ""RETURN"": 1}"
1168	0.33.1116	2	0x13fea46	0x13feafa	180	10002_data03.o	48952	48957	11	4	0	3	0	0	"[[""CheckSkillExist"", 1], [""tgr_cha"", 1]]"	[]	"{""GETGLOBAL"": 2, ""LOADK"": 1, ""CALL"": 1, ""EQ"": 1, ""JMP"": 1, ""LOADBOOL"": 2, ""RETURN"": 3}"
1169	0.33.1117	2	0x13feafa	0x13feea5	939	10002_data03.o	48959	49008	85	14	0	10	4	0	"[[""tgr_cha"", 12], [""TriggerCheckSkillLV"", 4], [""TriggerAddSkillState"", 4]]"	[]	"{""LOADK"": 28, ""EQ"": 8, ""JMP"": 16, ""GETGLOBAL"": 20, ""CALL"": 8, ""TEST"": 4, ""RETURN"": 1}"
1170	0.33.1118	2	0x13feea5	0x13fef77	210	10002_data03.o	49023	49028	12	5	0	3	0	0	"[[""Check_SkilleffNum_Bit"", 1], [""tgr_NormalAtkObj"", 1]]"	[]	"{""GETGLOBAL"": 2, ""GETTABLE"": 1, ""LOADK"": 1, ""CALL"": 1, ""EQ"": 1, ""JMP"": 1, ""LOADBOOL"": 2, ""RETURN"": 3}"
1171	0.33.1119	2	0x13fef77	0x13ff4ef	1400	10002_data03.o	49030	49087	99	31	0	12	7	0	"[[""_template_data_0001"", 19], [""tgr_NormalAtkObj"", 5], [""TriggerGetUnitPosition"", 2], [""TriggerGetPropertyValue"", 1], [""TriggerDoAreaDamage"", 1], [""TriggerAddEffectAndTimes"", 1], [""TriggerGetPolarCoordinates"", 1], [""TriggerAddEffectAtPara"", 1]]"	[]	"{""LOADK"": 19, ""EQ"": 1, ""JMP"": 4, ""GETGLOBAL"": 31, ""GETTABLE"": 16, ""CALL"": 7, ""SETTABLE"": 8, ""NEWTABLE"": 1, ""SETLIST"": 1, ""LE"": 1, ""MUL"": 4, ""ADD"": 5, ""RETURN"": 1}"
1172	0.33.1120	2	0x13ff4ef	0x13ff5bb	204	10002_data03.o	49101	49106	12	5	0	3	0	0	"[[""CheckSkillExist"", 1], [""tgr_NormalAtkObj"", 1]]"	[]	"{""GETGLOBAL"": 2, ""GETTABLE"": 1, ""LOADK"": 1, ""CALL"": 1, ""EQ"": 1, ""JMP"": 1, ""LOADBOOL"": 2, ""RETURN"": 3}"
1173	0.33.1121	2	0x13ff5bb	0x13ffa9d	1250	10002_data03.o	49108	49173	117	18	0	10	4	0	"[[""tgr_NormalAtkObj"", 12], [""TriggerCheckSkillLV"", 4], [""GetRandomNumber"", 4], [""TriggerAddSkillState"", 4]]"	[]	"{""LOADK"": 32, ""EQ"": 8, ""JMP"": 20, ""GETGLOBAL"": 24, ""GETTABLE"": 12, ""CALL"": 12, ""TEST"": 4, ""LE"": 4, ""RETURN"": 1}"
1174	0.33.1122	2	0x13ffa9d	0x13ffb69	204	10002_data03.o	49187	49192	12	5	0	3	0	0	"[[""CheckSkillExist"", 1], [""tgr_NormalAtkObj"", 1]]"	[]	"{""GETGLOBAL"": 2, ""GETTABLE"": 1, ""LOADK"": 1, ""CALL"": 1, ""EQ"": 1, ""JMP"": 1, ""LOADBOOL"": 2, ""RETURN"": 3}"
1175	0.33.1123	2	0x13ffb69	0x140015b	1522	10002_data03.o	49194	49262	126	26	0	15	6	0	"[[""_template_data_0001"", 16], [""tgr_NormalAtkObj"", 9], [""TriggerGetUnitPosition"", 2], [""TriggerGetPropertyValue"", 2], [""TriggerDoAreaDamage"", 2], [""TriggerAddEffectAndTimes"", 2], [""Check_SkilleffNum_Bit"", 1], [""tgr_GetRandomNum"", 1]]"	[]	"{""LOADK"": 29, ""EQ"": 6, ""JMP"": 8, ""GETGLOBAL"": 35, ""GETTABLE"": 18, ""CALL"": 10, ""SETTABLE"": 7, ""MUL"": 4, ""ADD"": 4, ""NEWTABLE"": 2, ""SETLIST"": 2, ""RETURN"": 1}"
1176	0.33.1124	2	0x140015b	0x140019b	64	10002_data03.o	49276	49278	3	0	0	2	0	0	[]	[]	"{""LOADBOOL"": 1, ""RETURN"": 2}"
1177	0.33.1125	2	0x140019b	0x1400a47	2220	10002_data03.o	49280	49388	191	26	0	17	18	0	"[[""_template_data_0001"", 27], [""TriggerGetPropertyValue"", 5], [""sceGetAIChaNum"", 1], [""sceGetAICha"", 1], [""TriggerCheckChatypeID"", 1], [""tgr_RemoveUnit"", 1], [""Game_End"", 1]]"	[]	"{""GETGLOBAL"": 37, ""CALL"": 10, ""EQ"": 25, ""JMP"": 35, ""LOADK"": 28, ""SUB"": 1, ""FORPREP"": 1, ""MOVE"": 8, ""TEST"": 1, ""SETTABLE"": 8, ""GETTABLE"": 19, ""LT"": 3, ""LE"": 1, ""MUL"": 6, ""ADD"": 6, ""FORLOOP"": 1, ""RETURN"": 1}"
1178	0.33.1126	2	0x1400a47	0x1400bb3	364	10002_data03.o	49402	49413	27	7	0	3	0	0	"[[""tgr_cha"", 3], [""objGetSubType"", 1], [""CONTROL_PLAYER"", 1], [""objGetControl"", 1], [""cha_GetPType"", 1]]"	[]	"{""GETGLOBAL"": 7, ""CALL"": 3, ""EQ"": 3, ""JMP"": 3, ""LOADBOOL"": 4, ""RETURN"": 5, ""GETTABLE"": 2}"
1179	0.33.1127	2	0x1400bb3	0x1400ddf	556	10002_data03.o	49415	49435	40	15	0	7	1	0	"[[""_template_data_0001"", 3], [""GetInt"", 2], [""tgr_cha"", 2], [""TriggerAddEffect"", 1], [""tgr_getNewItem"", 1]]"	[]	"{""LOADK"": 10, ""EQ"": 5, ""JMP"": 6, ""GETGLOBAL"": 9, ""GETTABLE"": 3, ""MUL"": 1, ""CALL"": 4, ""ADD"": 1, ""RETURN"": 1}"
1180	0.33.1128	2	0x1400ddf	0x1400f4b	364	10002_data03.o	49449	49460	27	7	0	3	0	0	"[[""tgr_cha"", 3], [""objGetSubType"", 1], [""CONTROL_PLAYER"", 1], [""objGetControl"", 1], [""cha_GetPType"", 1]]"	[]	"{""GETGLOBAL"": 7, ""CALL"": 3, ""EQ"": 3, ""JMP"": 3, ""LOADBOOL"": 4, ""RETURN"": 5, ""GETTABLE"": 2}"
1181	0.33.1129	2	0x1400f4b	0x140122d	738	10002_data03.o	49462	49495	59	18	0	8	2	0	"[[""_template_data_0001"", 5], [""GetInt"", 2], [""TriggerAddEffect"", 2], [""tgr_cha"", 2]]"	[]	"{""LOADK"": 14, ""EQ"": 10, ""JMP"": 12, ""GETGLOBAL"": 11, ""GETTABLE"": 5, ""MUL"": 1, ""CALL"": 4, ""ADD"": 1, ""RETURN"": 1}"
1182	0.33.1130	2	0x140122d	0x140126d	64	10002_data03.o	49509	49511	3	0	0	2	0	0	[]	[]	"{""LOADBOOL"": 1, ""RETURN"": 2}"
1183	0.33.1131	2	0x140126d	0x1401e26	3001	10002_data03.o	49513	49543	271	52	0	14	11	0	"[[""tgr_cha"", 39], [""CheckSkillExist"", 36], [""objGetAttr"", 2], [""Mspd_basic"", 2], [""GetPlayerUseHeroNum"", 1], [""GetPlayerUseHeroCha"", 1], [""_template_data_0001"", 1], [""TriggerAllianceFailed"", 1], [""tgr_RemoveUnit"", 1]]"	"[[""tgr_cha"", 1]]"	"{""LOADK"": 47, ""FORPREP"": 2, ""GETGLOBAL"": 84, ""MOVE"": 4, ""CALL"": 42, ""SETGLOBAL"": 1, ""EQ"": 43, ""JMP"": 44, ""GETTABLE"": 1, ""FORLOOP"": 2, ""RETURN"": 1}"
1184	0.33.1132	2	0x1401e26	0x1401e66	64	10002_data03.o	49557	49559	3	0	0	2	0	0	[]	[]	"{""LOADBOOL"": 1, ""RETURN"": 2}"
1185	0.33.1133	2	0x1401e66	0x140205b	501	10002_data03.o	49561	49577	33	12	0	10	1	0	"[[""_template_data_0001"", 2], [""GetInt"", 2], [""TriggerAllianceFailed"", 1], [""TriggerShowHint"", 1], [""tgr_cha"", 1]]"	[]	"{""LOADK"": 10, ""EQ"": 2, ""JMP"": 4, ""GETGLOBAL"": 7, ""GETTABLE"": 2, ""MUL"": 1, ""CALL"": 4, ""ADD"": 1, ""LT"": 1, ""RETURN"": 1}"
1186	0.33.1134	2	0x140205b	0x140209b	64	10002_data03.o	49591	49593	3	0	0	2	0	0	[]	[]	"{""LOADBOOL"": 1, ""RETURN"": 2}"
1187	0.33.1135	2	0x140209b	0x14023a6	779	10002_data03.o	49595	49632	63	14	0	11	2	0	"[[""_template_data_0001"", 4], [""Game_End"", 2], [""TriggerShowHint"", 2], [""tgr_cha"", 2]]"	[]	"{""LOADK"": 22, ""EQ"": 8, ""JMP"": 12, ""GETGLOBAL"": 10, ""GETTABLE"": 4, ""LT"": 2, ""CALL"": 4, ""RETURN"": 1}"
1188	0.33.1136	2	0x14023a6	0x1402441	155	10002_data03.o	49646	49651	9	3	0	2	0	0	"[[""_template_data_0001"", 1]]"	[]	"{""GETGLOBAL"": 1, ""GETTABLE"": 1, ""EQ"": 1, ""JMP"": 1, ""LOADBOOL"": 2, ""RETURN"": 3}"
1189	0.33.1137	2	0x1402441	0x1404a0b	9674	10002_data03.o	49653	49669	1155	35	0	10	1	0	"[[""tgr_cha"", 163], [""objGetAttr"", 162], [""Cha_InventoryTakeItem"", 162], [""Game_End"", 1], [""TriggerShowHint"", 1]]"	[]	"{""LOADK"": 10, ""EQ"": 164, ""JMP"": 165, ""GETGLOBAL"": 489, ""GETTABLE"": 162, ""CALL"": 164, ""RETURN"": 1}"
1190	0.33.1138	2	0x1404a0b	0x1404baa	415	10002_data03.o	49683	49694	28	11	0	3	0	0	"[[""tgr_KEobj"", 2], [""objGetSubType"", 1], [""CONTROL_PLAYER"", 1], [""objGetControl"", 1], [""_template_data_0001"", 1]]"	[]	"{""GETGLOBAL"": 6, ""GETTABLE"": 5, ""CALL"": 2, ""EQ"": 2, ""JMP"": 3, ""LOADBOOL"": 4, ""RETURN"": 5, ""LT"": 1}"
1191	0.33.1139	2	0x1404baa	0x1404c86	220	10002_data03.o	49696	49704	11	4	0	5	2	0	"[[""_template_data_0001"", 2]]"	[]	"{""LOADK"": 2, ""GETGLOBAL"": 2, ""GETTABLE"": 1, ""MUL"": 2, ""ADD"": 2, ""SETTABLE"": 1, ""RETURN"": 1}"
1192	0.33.1140	2	0x1404c86	0x1404d52	204	10002_data03.o	49718	49723	12	5	0	3	0	0	"[[""CheckSkillExist"", 1], [""tgr_NormalAtkObj"", 1]]"	[]	"{""GETGLOBAL"": 2, ""GETTABLE"": 1, ""LOADK"": 1, ""CALL"": 1, ""EQ"": 1, ""JMP"": 1, ""LOADBOOL"": 2, ""RETURN"": 3}"
1193	0.33.1141	2	0x1404d52	0x14054b2	1888	10002_data03.o	49725	49809	176	26	0	18	6	0	"[[""_template_data_0001"", 16], [""tgr_NormalAtkObj"", 10], [""TriggerCheckSkillLV"", 4], [""GetRandomNumber"", 4], [""TriggerDoAreaDamage"", 4], [""TriggerGetPropertyValue"", 1], [""TriggerGetUnitPosition"", 1]]"	[]	"{""GETGLOBAL"": 40, ""GETTABLE"": 23, ""LOADK"": 47, ""CALL"": 14, ""SETTABLE"": 3, ""MUL"": 2, ""ADD"": 2, ""EQ"": 8, ""JMP"": 20, ""TEST"": 4, ""LE"": 4, ""NEWTABLE"": 4, ""SETLIST"": 4, ""RETURN"": 1}"
1194	0.33.1142	2	0x14054b2	0x140557e	204	10002_data03.o	49823	49828	12	5	0	3	0	0	"[[""CheckSkillExist"", 1], [""tgr_NormalAtkObj"", 1]]"	[]	"{""GETGLOBAL"": 2, ""GETTABLE"": 1, ""LOADK"": 1, ""CALL"": 1, ""EQ"": 1, ""JMP"": 1, ""LOADBOOL"": 2, ""RETURN"": 3}"
1195	0.33.1143	2	0x140557e	0x1405f8a	2572	10002_data03.o	49830	49959	249	23	0	17	12	0	"[[""_template_data_0001"", 28], [""tgr_NormalAtkObj"", 20], [""TriggerCheckSkillLV"", 4], [""TriggerGetPropertyValue"", 4], [""TriggerGetUnitPosition"", 4], [""TriggerDoAreaDamage"", 4], [""TriggerAddEffectAndTimes"", 4]]"	[]	"{""LOADK"": 60, ""EQ"": 8, ""JMP"": 16, ""GETGLOBAL"": 68, ""GETTABLE"": 36, ""CALL"": 20, ""TEST"": 4, ""SETTABLE"": 12, ""MUL"": 8, ""ADD"": 8, ""NEWTABLE"": 4, ""SETLIST"": 4, ""RETURN"": 1}"
1196	0.33.1144	2	0x1405f8a	0x1405fca	64	10002_data03.o	49973	49975	3	0	0	2	0	0	[]	[]	"{""LOADBOOL"": 1, ""RETURN"": 2}"
1197	0.33.1145	2	0x1405fca	0x14060a6	220	10002_data03.o	49977	49985	11	4	0	5	2	0	"[[""_template_data_0001"", 2]]"	[]	"{""LOADK"": 2, ""GETGLOBAL"": 2, ""GETTABLE"": 1, ""MUL"": 2, ""ADD"": 2, ""SETTABLE"": 1, ""RETURN"": 1}"
1198	0.33.1146	2	0x14060a6	0x1406147	161	10002_data03.o	49999	50004	10	3	0	2	0	0	"[[""objGetSubType"", 1], [""tgr_cha"", 1]]"	[]	"{""GETGLOBAL"": 2, ""CALL"": 1, ""EQ"": 1, ""JMP"": 1, ""LOADBOOL"": 2, ""RETURN"": 3}"
1199	0.33.1147	2	0x1406147	0x1406424	733	10002_data03.o	50006	50031	46	21	0	9	0	0	"[[""tgr_cha"", 7], [""TriggerAddEffectAndTimes"", 2], [""tgr_RemoveItemFromCha"", 1], [""TriggerDamageArmor"", 1], [""_template_data_0001"", 1], [""TriggerAddUnitAttr"", 1], [""tgr_getNewItem"", 1], [""TriggerShowHint"", 1]]"	[]	"{""GETGLOBAL"": 15, ""LOADK"": 22, ""CALL"": 7, ""GETTABLE"": 1, ""RETURN"": 1}"
1200	0.33.1148	2	0x1406424	0x1406653	559	10002_data03.o	50045	50062	44	12	0	3	0	0	"[[""tgr_KEobj"", 4], [""objGetSubType"", 2], [""CONTROL_PLAYER"", 1], [""objGetControl"", 1], [""cha_GetPType"", 1], [""_template_data_0001"", 1]]"	[]	"{""GETGLOBAL"": 10, ""GETTABLE"": 7, ""CALL"": 4, ""EQ"": 4, ""JMP"": 5, ""LOADBOOL"": 6, ""RETURN"": 7, ""LT"": 1}"
1201	0.33.1149	2	0x1406653	0x14068e4	657	10002_data03.o	50064	50088	40	15	0	12	3	0	"[[""_template_data_0001"", 3], [""TriggerAddEffect"", 1], [""tgr_KEobj"", 1], [""TriggerShowHint"", 1], [""tgr_cha"", 1]]"	[]	"{""LOADK"": 15, ""GETGLOBAL"": 7, ""GETTABLE"": 3, ""MUL"": 2, ""ADD"": 2, ""SETTABLE"": 1, ""EQ"": 3, ""JMP"": 4, ""CALL"": 2, ""RETURN"": 1}"
1202	0.33.1150	2	0x14068e4	0x14069a9	197	10002_data03.o	50102	50107	12	5	0	3	0	0	"[[""CheckSkillExist"", 1], [""tgr_CSobj"", 1]]"	[]	"{""GETGLOBAL"": 2, ""GETTABLE"": 1, ""LOADK"": 1, ""CALL"": 1, ""EQ"": 1, ""JMP"": 1, ""LOADBOOL"": 2, ""RETURN"": 3}"
1203	0.33.1151	2	0x14069a9	0x1406a71	200	10002_data03.o	50109	50118	10	6	0	2	0	0	"[[""GetRandomNumber"", 1], [""Skill_Refresh"", 1], [""tgr_CSobj"", 1]]"	[]	"{""GETGLOBAL"": 3, ""LOADK"": 1, ""CALL"": 2, ""LE"": 1, ""JMP"": 1, ""GETTABLE"": 1, ""RETURN"": 1}"
1204	0.33.1152	2	0x1406a71	0x1406ab1	64	10002_data03.o	50132	50134	3	0	0	2	0	0	[]	[]	"{""LOADBOOL"": 1, ""RETURN"": 2}"
1205	0.33.1153	2	0x1406ab1	0x1406b5f	174	10002_data03.o	50136	50141	8	5	0	5	0	0	"[[""TriggerAddEffectAndTimes"", 1], [""tgr_CSobj"", 1]]"	[]	"{""GETGLOBAL"": 2, ""GETTABLE"": 1, ""LOADK"": 3, ""CALL"": 1, ""RETURN"": 1}"
1206	0.33.1154	2	0x1406b5f	0x1406c24	197	10002_data03.o	50155	50160	12	5	0	3	0	0	"[[""CheckSkillExist"", 1], [""tgr_CSobj"", 1]]"	[]	"{""GETGLOBAL"": 2, ""GETTABLE"": 1, ""LOADK"": 1, ""CALL"": 1, ""EQ"": 1, ""JMP"": 1, ""LOADBOOL"": 2, ""RETURN"": 3}"
1207	0.33.1155	2	0x1406c24	0x1407044	1056	10002_data03.o	50162	50209	78	18	0	15	7	0	"[[""_template_data_0001"", 12], [""tgr_CSobj"", 4], [""TriggerGetUnitPosition"", 1], [""TriggerGetPropertyValue"", 1], [""TriggerDoAreaDamage"", 1], [""TriggerAddEffectAndTimes"", 1]]"	[]	"{""LOADK"": 16, ""GETGLOBAL"": 20, ""GETTABLE"": 11, ""MUL"": 6, ""ADD"": 6, ""SETTABLE"": 5, ""EQ"": 2, ""JMP"": 4, ""LT"": 1, ""CALL"": 4, ""NEWTABLE"": 1, ""SETLIST"": 1, ""RETURN"": 1}"
1208	0.33.1156	2	0x1407044	0x14070f5	177	10002_data03.o	50223	50228	11	3	0	3	0	0	"[[""TriggerCheckChatypeID"", 1], [""tgr_cha"", 1]]"	[]	"{""GETGLOBAL"": 2, ""LOADK"": 1, ""CALL"": 1, ""TEST"": 1, ""JMP"": 1, ""LOADBOOL"": 2, ""RETURN"": 3}"
1209	0.33.1157	2	0x14070f5	0x140747e	905	10002_data03.o	50230	50279	81	14	0	9	4	0	"[[""tgr_cha"", 8], [""TriggerCheckSkillLV"", 4], [""TriggerAddUnitAttr"", 4]]"	[]	"{""LOADK"": 28, ""EQ"": 8, ""JMP"": 16, ""GETGLOBAL"": 16, ""CALL"": 8, ""TEST"": 4, ""RETURN"": 1}"
1210	0.33.1158	2	0x140747e	0x14074be	64	10002_data03.o	50293	50295	3	0	0	2	0	0	[]	[]	"{""LOADBOOL"": 1, ""RETURN"": 2}"
1211	0.33.1159	2	0x14074be	0x1407c69	1963	10002_data03.o	50297	50384	187	25	0	10	7	0	"[[""tgr_NormalAtkObj"", 20], [""TriggerAddUnitAttr"", 10], [""CheckSkillExist"", 7], [""_template_data_0001"", 4], [""TriggerCheckChatypeID"", 2], [""TriggerGetPropertyValue"", 1]]"	[]	"{""LOADK"": 51, ""EQ"": 17, ""JMP"": 24, ""GETGLOBAL"": 44, ""GETTABLE"": 22, ""CALL"": 20, ""SETTABLE"": 2, ""MUL"": 2, ""ADD"": 2, ""TEST"": 2, ""RETURN"": 1}"
1212	0.33.1160	2	0x1407c69	0x1407ca9	64	10002_data03.o	50398	50400	3	0	0	2	0	0	[]	[]	"{""LOADBOOL"": 1, ""RETURN"": 2}"
1213	0.33.1161	2	0x1407ca9	0x1408165	1212	10002_data03.o	50402	50453	103	23	0	13	2	0	"[[""tgr_NormalAtkObj"", 10], [""_template_data_0001"", 10], [""CheckSkillExist"", 2], [""TriggerGetPropertyValue"", 2], [""TriggerGetUnitPosition"", 2], [""TriggerDoAreaDamage"", 2], [""TriggerAddEffectAndTimes"", 2]]"	[]	"{""LOADK"": 24, ""EQ"": 6, ""JMP"": 8, ""GETGLOBAL"": 30, ""GETTABLE"": 16, ""CALL"": 10, ""SETTABLE"": 4, ""NEWTABLE"": 2, ""SETLIST"": 2, ""RETURN"": 1}"
1214	0.33.1162	2	0x1408165	0x14081a5	64	10002_data03.o	50467	50469	3	0	0	2	0	0	[]	[]	"{""LOADBOOL"": 1, ""RETURN"": 2}"
1215	0.33.1163	2	0x14081a5	0x1408268	195	10002_data03.o	50471	50475	10	6	0	6	0	0	"[[""tgr_CSobj"", 2], [""TriggerAddSkillState"", 1]]"	[]	"{""GETGLOBAL"": 3, ""GETTABLE"": 2, ""LOADK"": 3, ""CALL"": 1, ""RETURN"": 1}"
1216	0.33.1164	2	0x1408268	0x1408334	204	10002_data03.o	50489	50494	12	5	0	3	0	0	"[[""CheckSkillExist"", 1], [""tgr_NormalAtkObj"", 1]]"	[]	"{""GETGLOBAL"": 2, ""GETTABLE"": 1, ""LOADK"": 1, ""CALL"": 1, ""EQ"": 1, ""JMP"": 1, ""LOADBOOL"": 2, ""RETURN"": 3}"
1217	0.33.1165	2	0x1408334	0x140859c	616	10002_data03.o	50496	50513	38	19	0	11	0	0	"[[""_template_data_0001"", 5], [""tgr_NormalAtkObj"", 4], [""TriggerGetPropertyValue"", 1], [""TriggerGetUnitPosition"", 1], [""TriggerDoAreaDamage"", 1], [""TriggerAddEffectAndTimes"", 1]]"	[]	"{""GETGLOBAL"": 13, ""GETTABLE"": 7, ""LOADK"": 9, ""CALL"": 4, ""SETTABLE"": 2, ""NEWTABLE"": 1, ""SETLIST"": 1, ""RETURN"": 1}"
1218	0.33.1166	2	0x140859c	0x1408668	204	10002_data03.o	50527	50532	12	5	0	3	0	0	"[[""CheckSkillExist"", 1], [""tgr_NormalAtkObj"", 1]]"	[]	"{""GETGLOBAL"": 2, ""GETTABLE"": 1, ""LOADK"": 1, ""CALL"": 1, ""EQ"": 1, ""JMP"": 1, ""LOADBOOL"": 2, ""RETURN"": 3}"
1219	0.33.1167	2	0x1408668	0x1408781	281	10002_data03.o	50534	50542	15	9	0	6	0	0	"[[""tgr_NormalAtkObj"", 2], [""GetRandomNumber"", 1], [""TriggerAddSkillState"", 1]]"	[]	"{""GETGLOBAL"": 4, ""LOADK"": 4, ""CALL"": 2, ""LE"": 1, ""JMP"": 1, ""GETTABLE"": 2, ""RETURN"": 1}"
1220	0.33.1168	2	0x1408781	0x1408822	161	10002_data03.o	50556	50561	10	3	0	2	0	0	"[[""objGetSubType"", 1], [""tgr_cha"", 1]]"	[]	"{""GETGLOBAL"": 2, ""CALL"": 1, ""EQ"": 1, ""JMP"": 1, ""LOADBOOL"": 2, ""RETURN"": 3}"
1221	0.33.1169	2	0x1408822	0x1408bb3	913	10002_data03.o	50563	50579	81	17	0	6	1	0	"[[""tgr_cha"", 11], [""objGetAttr"", 9], [""Cha_InventoryTakeItem"", 9], [""tgr_RemoveItemFromCha"", 1], [""tgr_getNewItem"", 1]]"	[]	"{""LOADK"": 6, ""EQ"": 11, ""JMP"": 12, ""GETGLOBAL"": 31, ""GETTABLE"": 9, ""CALL"": 11, ""RETURN"": 1}"
1222	0.33.1170	2	0x1408bb3	0x1408ee5	818	10002_data03.o	50593	50598	77	14	0	3	0	0	"[[""objGetAttr"", 9], [""tgr_NormalAtkObj"", 9], [""Cha_InventoryTakeItem"", 9]]"	[]	"{""GETGLOBAL"": 27, ""GETTABLE"": 18, ""CALL"": 9, ""EQ"": 9, ""JMP"": 9, ""LOADBOOL"": 2, ""RETURN"": 3}"
1223	0.33.1171	2	0x1408ee5	0x1408faf	202	10002_data03.o	50600	50604	10	6	0	6	0	0	"[[""tgr_NormalAtkObj"", 2], [""TriggerAddSkillState"", 1]]"	[]	"{""GETGLOBAL"": 3, ""GETTABLE"": 2, ""LOADK"": 3, ""CALL"": 1, ""RETURN"": 1}"
1224	0.33.1172	2	0x1408faf	0x1408fef	64	10002_data03.o	50618	50620	3	0	0	2	0	0	[]	[]	"{""LOADBOOL"": 1, ""RETURN"": 2}"
1225	0.33.1173	2	0x1408fef	0x14096d7	1768	10002_data03.o	50622	50687	187	18	0	5	1	0	"[[""CONTROL_PLAYER"", 16], [""tgr_PlayerGetResource"", 16], [""_template_data_0001"", 3], [""GetInt"", 2]]"	[]	"{""LOADK"": 51, ""EQ"": 21, ""JMP"": 22, ""GETGLOBAL"": 37, ""GETTABLE"": 35, ""MUL"": 1, ""CALL"": 18, ""ADD"": 1, ""RETURN"": 1}"
1226	0.33.1174	2	0x14096d7	0x1409a02	811	10002_data03.o	50701	50706	77	14	0	3	0	0	"[[""objGetAttr"", 9], [""tgr_CSobj"", 9], [""Cha_InventoryTakeItem"", 9]]"	[]	"{""GETGLOBAL"": 27, ""GETTABLE"": 18, ""CALL"": 9, ""EQ"": 9, ""JMP"": 9, ""LOADBOOL"": 2, ""RETURN"": 3}"
1227	0.33.1175	2	0x1409a02	0x1409bd9	471	10002_data03.o	50708	50729	32	12	0	7	1	0	"[[""tgr_CSobj"", 4], [""GetRandomNumber"", 1], [""objGetSubType"", 1], [""TriggerAddSkillState"", 1], [""Skill_Refresh"", 1]]"	[]	"{""GETGLOBAL"": 8, ""LOADK"": 6, ""CALL"": 4, ""LE"": 1, ""JMP"": 5, ""EQ"": 3, ""GETTABLE"": 4, ""RETURN"": 1}"
1228	0.33.1176	2	0x1409bd9	0x1409c93	186	10002_data03.o	50743	50748	11	4	0	3	0	0	"[[""Check_SkilleffNum_Bit"", 1], [""tgr_cha"", 1]]"	[]	"{""GETGLOBAL"": 2, ""LOADK"": 1, ""CALL"": 1, ""EQ"": 1, ""JMP"": 1, ""LOADBOOL"": 2, ""RETURN"": 3}"
1229	0.33.1177	2	0x1409c93	0x1409d0c	121	10002_data03.o	50750	50754	5	3	0	3	0	0	"[[""Rem_Cha_State"", 1], [""tgr_cha"", 1]]"	[]	"{""GETGLOBAL"": 2, ""LOADK"": 1, ""CALL"": 1, ""RETURN"": 1}"
1230	0.33.1178	2	0x1409d0c	0x1409dc6	186	10002_data03.o	50768	50773	11	4	0	3	0	0	"[[""Check_SkilleffNum_Bit"", 1], [""tgr_cha"", 1]]"	[]	"{""GETGLOBAL"": 2, ""LOADK"": 1, ""CALL"": 1, ""EQ"": 1, ""JMP"": 1, ""LOADBOOL"": 2, ""RETURN"": 3}"
1231	0.33.1179	2	0x1409dc6	0x1409e70	170	10002_data03.o	50775	50779	8	5	0	6	0	0	"[[""tgr_cha"", 2], [""TriggerAddSkillState"", 1]]"	[]	"{""GETGLOBAL"": 3, ""LOADK"": 3, ""CALL"": 1, ""RETURN"": 1}"
1232	0.33.1180	2	0x1409e70	0x140a14a	730	10002_data03.o	50793	50798	68	13	0	3	0	0	"[[""objGetAttr"", 9], [""tgr_cha"", 9], [""Cha_InventoryTakeItem"", 9]]"	[]	"{""GETGLOBAL"": 27, ""GETTABLE"": 9, ""CALL"": 9, ""EQ"": 9, ""JMP"": 9, ""LOADBOOL"": 2, ""RETURN"": 3}"
1233	0.33.1181	2	0x140a14a	0x140a1f4	170	10002_data03.o	50800	50804	8	5	0	6	0	0	"[[""tgr_cha"", 2], [""TriggerAddSkillState"", 1]]"	[]	"{""GETGLOBAL"": 3, ""LOADK"": 3, ""CALL"": 1, ""RETURN"": 1}"
1234	0.33.1182	2	0x140a1f4	0x140a433	575	10002_data03.o	50818	50829	46	14	0	4	0	0	"[[""_template_data_0001"", 3], [""TriggerCheckChatypeID"", 3], [""tgr_KEobj"", 3], [""GetInt"", 2]]"	[]	"{""GETGLOBAL"": 11, ""GETTABLE"": 6, ""EQ"": 2, ""JMP"": 5, ""LOADBOOL"": 4, ""RETURN"": 5, ""LOADK"": 3, ""CALL"": 5, ""TEST"": 3, ""MUL"": 1, ""ADD"": 1}"
1235	0.33.1183	2	0x140a433	0x140b2d0	3741	10002_data03.o	50831	50890	391	32	0	12	3	0	"[[""tgr_KEobj"", 46], [""objGetAttr"", 36], [""Cha_InventoryTakeItem"", 36], [""tgr_RemoveItemFromCha"", 4], [""TriggerCheckChatypeID"", 3], [""tgr_getNewItem"", 3], [""TriggerShowHint"", 1], [""tgr_cha"", 1]]"	[]	"{""LOADK"": 32, ""EQ"": 45, ""JMP"": 51, ""GETGLOBAL"": 130, ""GETTABLE"": 82, ""CALL"": 47, ""TEST"": 3, ""RETURN"": 1}"
1236	0.33.1184	2	0x140b2d0	0x140b3ef	287	10002_data03.o	50904	50912	20	7	0	3	0	0	"[[""tgr_KEobj"", 2], [""CheckSkillExist"", 1], [""objGetSubType"", 1]]"	[]	"{""GETGLOBAL"": 4, ""GETTABLE"": 2, ""LOADK"": 1, ""CALL"": 2, ""EQ"": 2, ""JMP"": 2, ""LOADBOOL"": 3, ""RETURN"": 4}"
1237	0.33.1185	2	0x140b3ef	0x140b4a0	177	10002_data03.o	50914	50918	8	6	0	5	0	0	"[[""TriggerAddUnitAttr"", 1], [""tgr_KEobj"", 1]]"	[]	"{""GETGLOBAL"": 2, ""GETTABLE"": 1, ""LOADK"": 3, ""CALL"": 1, ""RETURN"": 1}"
1238	0.33.1186	2	0x140b4a0	0x140b565	197	10002_data03.o	50932	50937	12	5	0	3	0	0	"[[""CheckSkillExist"", 1], [""tgr_CSobj"", 1]]"	[]	"{""GETGLOBAL"": 2, ""GETTABLE"": 1, ""LOADK"": 1, ""CALL"": 1, ""EQ"": 1, ""JMP"": 1, ""LOADBOOL"": 2, ""RETURN"": 3}"
1239	0.33.1187	2	0x140b565	0x140b987	1058	10002_data03.o	50939	51008	97	16	0	8	4	0	"[[""tgr_CSobj"", 8], [""TriggerCheckSkillLV"", 4], [""GetRandomNumber"", 4], [""Skill_Refresh"", 4]]"	[]	"{""LOADK"": 20, ""EQ"": 8, ""JMP"": 20, ""GETGLOBAL"": 20, ""GETTABLE"": 8, ""CALL"": 12, ""TEST"": 4, ""LE"": 4, ""RETURN"": 1}"
1240	0.33.1188	2	0x140b987	0x140bcac	805	10002_data03.o	51022	51030	75	14	0	3	0	0	"[[""tgr_cha"", 10], [""objGetAttr"", 9], [""Cha_InventoryTakeItem"", 9], [""objGetSubType"", 1]]"	[]	"{""GETGLOBAL"": 29, ""GETTABLE"": 9, ""CALL"": 10, ""EQ"": 10, ""JMP"": 10, ""LOADBOOL"": 3, ""RETURN"": 4}"
1241	0.33.1189	2	0x140bcac	0x140bee1	565	10002_data03.o	51032	51047	31	15	0	9	0	0	"[[""tgr_cha"", 5], [""tgr_RemoveItemFromCha"", 2], [""tgr_getNewItem"", 1], [""TriggerShowHint"", 1], [""TriggerAddEffectAndTimes"", 1]]"	[]	"{""GETGLOBAL"": 10, ""LOADK"": 15, ""CALL"": 5, ""RETURN"": 1}"
1242	0.33.1190	2	0x140bee1	0x140c206	805	10002_data03.o	51061	51069	75	14	0	3	0	0	"[[""tgr_cha"", 10], [""objGetAttr"", 9], [""Cha_InventoryTakeItem"", 9], [""objGetSubType"", 1]]"	[]	"{""GETGLOBAL"": 29, ""GETTABLE"": 9, ""CALL"": 10, ""EQ"": 10, ""JMP"": 10, ""LOADBOOL"": 3, ""RETURN"": 4}"
1243	0.33.1191	2	0x140c206	0x140c43b	565	10002_data03.o	51071	51086	31	15	0	9	0	0	"[[""tgr_cha"", 5], [""tgr_RemoveItemFromCha"", 2], [""tgr_getNewItem"", 1], [""TriggerShowHint"", 1], [""TriggerAddEffectAndTimes"", 1]]"	[]	"{""GETGLOBAL"": 10, ""LOADK"": 15, ""CALL"": 5, ""RETURN"": 1}"
1244	0.33.1192	2	0x140c43b	0x140c47b	64	10002_data03.o	51100	51102	3	0	0	2	0	0	[]	[]	"{""LOADBOOL"": 1, ""RETURN"": 2}"
1245	0.33.1193	2	0x140c47b	0x140c6fc	641	10002_data03.o	51104	51126	38	10	0	10	7	0	"[[""sceGetAIChaNum"", 1], [""sceGetAICha"", 1], [""TriggerCheckChatypeID"", 1], [""objGetAttr"", 1], [""CREAT_SUMMERUNIT"", 1], [""tgr_RemoveUnit"", 1]]"	[]	"{""GETGLOBAL"": 6, ""CALL"": 5, ""EQ"": 5, ""JMP"": 6, ""LOADK"": 7, ""SUB"": 1, ""FORPREP"": 1, ""MOVE"": 4, ""TEST"": 1, ""FORLOOP"": 1, ""RETURN"": 1}"
1246	0.33.1194	2	0x140c6fc	0x140c7c8	204	10002_data03.o	51140	51145	12	5	0	3	0	0	"[[""CheckSkillExist"", 1], [""tgr_NormalAtkObj"", 1]]"	[]	"{""GETGLOBAL"": 2, ""GETTABLE"": 1, ""LOADK"": 1, ""CALL"": 1, ""EQ"": 1, ""JMP"": 1, ""LOADBOOL"": 2, ""RETURN"": 3}"
1247	0.33.1195	2	0x140c7c8	0x140d201	2617	10002_data03.o	51147	51276	249	28	0	17	12	0	"[[""_template_data_0001"", 28], [""tgr_NormalAtkObj"", 20], [""TriggerCheckSkillLV"", 4], [""TriggerGetPropertyValue"", 4], [""TriggerGetUnitPosition"", 4], [""TriggerDoAreaDamage"", 4], [""TriggerAddEffectAndTimes"", 4]]"	[]	"{""LOADK"": 60, ""EQ"": 8, ""JMP"": 16, ""GETGLOBAL"": 68, ""GETTABLE"": 36, ""CALL"": 20, ""TEST"": 4, ""SETTABLE"": 12, ""MUL"": 8, ""ADD"": 8, ""NEWTABLE"": 4, ""SETLIST"": 4, ""RETURN"": 1}"
1248	0.33.1196	2	0x140d201	0x140d241	64	10002_data03.o	51290	51292	3	0	0	2	0	0	[]	[]	"{""LOADBOOL"": 1, ""RETURN"": 2}"
1249	0.33.1197	2	0x140d241	0x140dbbb	2426	10002_data03.o	51294	51374	214	40	0	14	9	0	"[[""_template_data_0001"", 40], [""type"", 10], [""tgr_CSobj"", 5], [""GetInt"", 2], [""TriggerAddEffectAtPara"", 2], [""TriggerAddSkillState"", 1], [""TriggerGetPropertyValue"", 1], [""TriggerGetUnitPosition"", 1], [""TriggerDoAreaDamage"", 1]]"	[]	"{""GETGLOBAL"": 63, ""GETTABLE"": 41, ""LOADK"": 28, ""CALL"": 18, ""SETTABLE"": 12, ""MUL"": 6, ""NEWTABLE"": 1, ""SETLIST"": 1, ""EQ"": 11, ""JMP"": 20, ""TEST"": 4, ""LE"": 2, ""ADD"": 6, ""RETURN"": 1}"
1250	0.33.1198	2	0x140dbbb	0x140dc8d	210	10002_data03.o	51388	51393	12	5	0	3	0	0	"[[""Check_SkilleffNum_Bit"", 1], [""tgr_NormalAtkObj"", 1]]"	[]	"{""GETGLOBAL"": 2, ""GETTABLE"": 1, ""LOADK"": 1, ""CALL"": 1, ""EQ"": 1, ""JMP"": 1, ""LOADBOOL"": 2, ""RETURN"": 3}"
1251	0.33.1199	2	0x140dc8d	0x140e610	2435	10002_data03.o	51395	51479	215	37	0	16	11	0	"[[""_template_data_0001"", 42], [""type"", 10], [""tgr_NormalAtkObj"", 3], [""GetInt"", 2], [""TriggerAddEffectAtPara"", 2], [""TriggerGetPropertyValue"", 1], [""TriggerGetUnitPosition"", 1], [""TriggerDoAreaDamage"", 1]]"	[]	"{""GETGLOBAL"": 62, ""GETTABLE"": 40, ""LOADK"": 27, ""CALL"": 17, ""SETTABLE"": 13, ""MUL"": 8, ""ADD"": 8, ""NEWTABLE"": 1, ""SETLIST"": 1, ""EQ"": 11, ""JMP"": 20, ""TEST"": 4, ""LE"": 2, ""RETURN"": 1}"
1252	0.33.1200	2	0x140e610	0x140e6d5	197	10002_data03.o	51493	51498	12	5	0	3	0	0	"[[""CheckSkillExist"", 1], [""tgr_KEobj"", 1]]"	[]	"{""GETGLOBAL"": 2, ""GETTABLE"": 1, ""LOADK"": 1, ""CALL"": 1, ""EQ"": 1, ""JMP"": 1, ""LOADBOOL"": 2, ""RETURN"": 3}"
1253	0.33.1201	2	0x140e6d5	0x140ee3e	1897	10002_data03.o	51500	51592	175	20	0	10	12	0	"[[""_template_data_0001"", 13], [""tgr_KEobj"", 10], [""TriggerCheckSkillLV"", 4], [""objGetSubType"", 4], [""TriggerAddSkillState"", 1]]"	[]	"{""LOADK"": 34, ""EQ"": 20, ""JMP"": 32, ""GETGLOBAL"": 32, ""GETTABLE"": 19, ""CALL"": 9, ""TEST"": 4, ""LT"": 4, ""MUL"": 8, ""ADD"": 8, ""SETTABLE"": 4, ""RETURN"": 1}"
1254	0.33.1202	2	0x140ee3e	0x140ef0a	204	10002_data03.o	51606	51611	12	5	0	3	0	0	"[[""CheckSkillExist"", 1], [""tgr_NormalAtkObj"", 1]]"	[]	"{""GETGLOBAL"": 2, ""GETTABLE"": 1, ""LOADK"": 1, ""CALL"": 1, ""EQ"": 1, ""JMP"": 1, ""LOADBOOL"": 2, ""RETURN"": 3}"
1255	0.33.1203	2	0x140ef0a	0x140f517	1549	10002_data03.o	51613	51686	124	25	0	15	12	0	"[[""_template_data_0001"", 12], [""tgr_NormalAtkObj"", 6], [""TriggerCheckSkillLV"", 4], [""TriggerGetUnitPosition"", 1], [""TriggerDoAreaDamage"", 1]]"	[]	"{""LOADK"": 29, ""EQ"": 8, ""JMP"": 16, ""GETGLOBAL"": 24, ""GETTABLE"": 13, ""CALL"": 6, ""TEST"": 4, ""MUL"": 8, ""ADD"": 8, ""SETTABLE"": 5, ""NEWTABLE"": 1, ""SETLIST"": 1, ""RETURN"": 1}"
1256	0.33.1204	2	0x140f517	0x140f5dc	197	10002_data03.o	51700	51705	12	5	0	3	0	0	"[[""CheckSkillExist"", 1], [""tgr_KEobj"", 1]]"	[]	"{""GETGLOBAL"": 2, ""GETTABLE"": 1, ""LOADK"": 1, ""CALL"": 1, ""EQ"": 1, ""JMP"": 1, ""LOADBOOL"": 2, ""RETURN"": 3}"
1257	0.33.1205	2	0x140f5dc	0x140f6af	211	10002_data03.o	51707	51715	11	3	0	5	2	0	"[[""_template_data_0001"", 2]]"	[]	"{""LOADK"": 2, ""GETGLOBAL"": 2, ""GETTABLE"": 1, ""MUL"": 2, ""ADD"": 2, ""SETTABLE"": 1, ""RETURN"": 1}"
1258	0.33.1206	2	0x140f6af	0x140f774	197	10002_data03.o	51729	51734	12	5	0	3	0	0	"[[""CheckSkillExist"", 1], [""tgr_CSobj"", 1]]"	[]	"{""GETGLOBAL"": 2, ""GETTABLE"": 1, ""LOADK"": 1, ""CALL"": 1, ""EQ"": 1, ""JMP"": 1, ""LOADBOOL"": 2, ""RETURN"": 3}"
1259	0.33.1207	2	0x140f774	0x140f837	195	10002_data03.o	51736	51740	10	6	0	6	0	0	"[[""tgr_CSobj"", 2], [""TriggerAddSkillState"", 1]]"	[]	"{""GETGLOBAL"": 3, ""GETTABLE"": 2, ""LOADK"": 3, ""CALL"": 1, ""RETURN"": 1}"
1260	0.33.1208	2	0x140f837	0x140f8fc	197	10002_data03.o	51754	51759	12	5	0	3	0	0	"[[""CheckSkillExist"", 1], [""tgr_KEobj"", 1]]"	[]	"{""GETGLOBAL"": 2, ""GETTABLE"": 1, ""LOADK"": 1, ""CALL"": 1, ""EQ"": 1, ""JMP"": 1, ""LOADBOOL"": 2, ""RETURN"": 3}"
1261	0.33.1209	2	0x140f8fc	0x140fd2d	1073	10002_data03.o	51761	51814	96	17	0	9	4	0	"[[""tgr_KEobj"", 9], [""TriggerCheckSkillLV"", 4], [""TriggerAddUnitAttr"", 4], [""TriggerAddEffectAndTimes"", 1]]"	[]	"{""LOADK"": 31, ""EQ"": 8, ""JMP"": 16, ""GETGLOBAL"": 18, ""GETTABLE"": 9, ""CALL"": 9, ""TEST"": 4, ""RETURN"": 1}"
1262	0.33.1210	2	0x140fd2d	0x140fdce	161	10002_data03.o	51828	51833	10	3	0	2	0	0	"[[""objGetSubType"", 1], [""tgr_cha"", 1]]"	[]	"{""GETGLOBAL"": 2, ""CALL"": 1, ""EQ"": 1, ""JMP"": 1, ""LOADBOOL"": 2, ""RETURN"": 3}"
1263	0.33.1211	2	0x140fdce	0x14101c3	1013	10002_data03.o	51835	51874	77	22	0	11	4	0	"[[""_template_data_0001"", 9], [""tgr_cha"", 3], [""GetInt"", 2], [""TriggerSetLable"", 1], [""TriggerAddUnitAttr"", 1], [""TriggerShowHint"", 1]]"	[]	"{""LOADK"": 21, ""EQ"": 8, ""JMP"": 10, ""GETGLOBAL"": 17, ""GETTABLE"": 8, ""MUL"": 3, ""CALL"": 5, ""ADD"": 3, ""SETTABLE"": 1, ""RETURN"": 1}"
1264	0.33.1212	2	0x14101c3	0x14102e5	290	10002_data03.o	51888	51896	20	6	0	3	0	0	"[[""tgr_cha"", 2], [""objGetSubType"", 1], [""CONTROL_PLAYER"", 1], [""objGetControl"", 1]]"	[]	"{""GETGLOBAL"": 5, ""CALL"": 2, ""EQ"": 2, ""JMP"": 2, ""LOADBOOL"": 3, ""RETURN"": 4, ""GETTABLE"": 2}"
1265	0.33.1213	2	0x14102e5	0x14104d8	499	10002_data03.o	51898	51918	31	13	0	10	1	0	"[[""_template_data_0001"", 2], [""tgr_cha"", 2], [""TriggerGetPropertyValue"", 1], [""Game_End"", 1], [""TriggerShowHint"", 1]]"	[]	"{""GETGLOBAL"": 7, ""LOADK"": 11, ""CALL"": 3, ""SETTABLE"": 1, ""EQ"": 2, ""JMP"": 4, ""GETTABLE"": 1, ""LT"": 1, ""RETURN"": 1}"
1266	0.33.1214	2	0x14104d8	0x1410579	161	10002_data03.o	51932	51937	10	3	0	2	0	0	"[[""objGetSubType"", 1], [""tgr_cha"", 1]]"	[]	"{""GETGLOBAL"": 2, ""CALL"": 1, ""EQ"": 1, ""JMP"": 1, ""LOADBOOL"": 2, ""RETURN"": 3}"
1267	0.33.1215	2	0x1410579	0x141090a	913	10002_data03.o	51939	51955	81	17	0	6	1	0	"[[""tgr_cha"", 11], [""objGetAttr"", 9], [""Cha_InventoryTakeItem"", 9], [""tgr_RemoveItemFromCha"", 1], [""tgr_getNewItem"", 1]]"	[]	"{""LOADK"": 6, ""EQ"": 11, ""JMP"": 12, ""GETGLOBAL"": 31, ""GETTABLE"": 9, ""CALL"": 11, ""RETURN"": 1}"
1268	0.33.1216	2	0x141090a	0x14109ab	161	10002_data03.o	51969	51974	10	3	0	2	0	0	"[[""objGetSubType"", 1], [""tgr_cha"", 1]]"	[]	"{""GETGLOBAL"": 2, ""CALL"": 1, ""EQ"": 1, ""JMP"": 1, ""LOADBOOL"": 2, ""RETURN"": 3}"
1269	0.33.1217	2	0x14109ab	0x1410d3c	913	10002_data03.o	51976	51992	81	17	0	6	1	0	"[[""tgr_cha"", 11], [""objGetAttr"", 9], [""Cha_InventoryTakeItem"", 9], [""tgr_RemoveItemFromCha"", 1], [""tgr_getNewItem"", 1]]"	[]	"{""LOADK"": 6, ""EQ"": 11, ""JMP"": 12, ""GETGLOBAL"": 31, ""GETTABLE"": 9, ""CALL"": 11, ""RETURN"": 1}"
1270	0.33.1218	2	0x1410d3c	0x1410e5e	290	10002_data03.o	52006	52014	20	6	0	3	0	0	"[[""tgr_cha"", 2], [""CONTROL_PLAYER"", 1], [""objGetControl"", 1], [""objGetSubType"", 1]]"	[]	"{""GETGLOBAL"": 5, ""CALL"": 2, ""GETTABLE"": 2, ""EQ"": 2, ""JMP"": 2, ""LOADBOOL"": 3, ""RETURN"": 4}"
1271	0.33.1219	2	0x1410e5e	0x1410f43	229	10002_data03.o	52016	52024	11	5	0	5	2	0	"[[""_template_data_0001"", 2]]"	[]	"{""LOADK"": 2, ""GETGLOBAL"": 2, ""GETTABLE"": 1, ""MUL"": 2, ""ADD"": 2, ""SETTABLE"": 1, ""RETURN"": 1}"
1272	0.33.1220	2	0x1410f43	0x1411065	290	10002_data03.o	52038	52046	20	6	0	3	0	0	"[[""tgr_cha"", 2], [""CONTROL_PLAYER"", 1], [""objGetControl"", 1], [""objGetSubType"", 1]]"	[]	"{""GETGLOBAL"": 5, ""CALL"": 2, ""GETTABLE"": 2, ""EQ"": 2, ""JMP"": 2, ""LOADBOOL"": 3, ""RETURN"": 4}"
1273	0.33.1221	2	0x1411065	0x141114a	229	10002_data03.o	52048	52056	11	5	0	5	2	0	"[[""_template_data_0001"", 2]]"	[]	"{""LOADK"": 2, ""GETGLOBAL"": 2, ""GETTABLE"": 1, ""MUL"": 2, ""ADD"": 2, ""SETTABLE"": 1, ""RETURN"": 1}"
1274	0.33.1222	2	0x141114a	0x141118a	64	10002_data03.o	52070	52072	3	0	0	2	0	0	[]	[]	"{""LOADBOOL"": 1, ""RETURN"": 2}"
1275	0.33.1223	2	0x141118a	0x14127e8	5726	10002_data03.o	52074	52252	529	56	0	27	42	0	"[[""tgr_cha"", 42], [""_template_data_0001"", 33], [""objGetAttr"", 27], [""Cha_InventoryTakeItem"", 27], [""CheckSkillExist"", 8], [""GetInt"", 7], [""TriggerCheckChatypeID"", 4], [""GetPlayerUseHeroNum"", 1], [""GetPlayerUseHeroCha"", 1], [""CONTROL_PLAYER"", 1], [""objGetControl"", 1], [""objGetSubType"", 1], [""TriggerSetLable"", 1]]"	"[[""tgr_cha"", 1]]"	"{""LOADK"": 64, ""FORPREP"": 2, ""GETGLOBAL"": 154, ""MOVE"": 7, ""CALL"": 51, ""SETGLOBAL"": 1, ""EQ"": 56, ""JMP"": 69, ""GETTABLE"": 50, ""MUL"": 26, ""ADD"": 29, ""SETTABLE"": 12, ""TEST"": 4, ""LT"": 1, ""FORLOOP"": 2, ""RETURN"": 1}"
1276	0.33.1224	2	0x14127e8	0x1412828	64	10002_data03.o	52266	52268	3	0	0	2	0	0	[]	[]	"{""LOADBOOL"": 1, ""RETURN"": 2}"
1277	0.33.1225	2	0x1412828	0x14128c8	160	10002_data03.o	52270	52274	7	5	0	5	0	0	"[[""TriggerAddUnitAttr"", 1], [""tgr_cha"", 1]]"	[]	"{""GETGLOBAL"": 2, ""LOADK"": 3, ""CALL"": 1, ""RETURN"": 1}"
1278	0.33.1226	2	0x14128c8	0x1412908	64	10002_data03.o	52288	52290	3	0	0	2	0	0	[]	[]	"{""LOADBOOL"": 1, ""RETURN"": 2}"
1279	0.33.1227	2	0x1412908	0x141335f	2647	10002_data03.o	52292	52414	255	25	0	18	13	0	"[[""_template_data_0001"", 28], [""tgr_NormalAtkObj"", 17], [""TriggerCheckSkillLV"", 4], [""TriggerGetUnitPosition"", 4], [""TriggerDoAreaDamage"", 4], [""GetInt"", 4], [""TriggerAddEffectAndTimes"", 4], [""CheckSkillExist"", 1]]"	[]	"{""LOADK"": 59, ""EQ"": 11, ""JMP"": 20, ""GETGLOBAL"": 66, ""GETTABLE"": 37, ""CALL"": 21, ""TEST"": 4, ""SETTABLE"": 8, ""MUL"": 12, ""ADD"": 8, ""NEWTABLE"": 4, ""SETLIST"": 4, ""RETURN"": 1}"
1280	0.33.1228	2	0x141335f	0x1413424	197	10002_data03.o	52428	52433	12	5	0	3	0	0	"[[""CheckSkillExist"", 1], [""tgr_KEobj"", 1]]"	[]	"{""GETGLOBAL"": 2, ""GETTABLE"": 1, ""LOADK"": 1, ""CALL"": 1, ""EQ"": 1, ""JMP"": 1, ""LOADBOOL"": 2, ""RETURN"": 3}"
1281	0.33.1229	2	0x1413424	0x1413e29	2565	10002_data03.o	52435	52577	265	23	0	10	9	0	"[[""tgr_KEobj"", 24], [""TriggerAddUnitAttr"", 15], [""_template_data_0001"", 5], [""objGetSubType"", 5], [""TriggerCheckSkillLV"", 4], [""tgr_GetRandomNum"", 1]]"	[]	"{""GETGLOBAL"": 54, ""LOADK"": 77, ""CALL"": 25, ""SETTABLE"": 1, ""EQ"": 27, ""JMP"": 44, ""GETTABLE"": 28, ""TEST"": 4, ""LE"": 4, ""RETURN"": 1}"
1282	0.33.1230	2	0x1413e29	0x1413ef5	204	10002_data03.o	52591	52596	12	5	0	3	0	0	"[[""CheckSkillExist"", 1], [""tgr_NormalAtkObj"", 1]]"	[]	"{""GETGLOBAL"": 2, ""GETTABLE"": 1, ""LOADK"": 1, ""CALL"": 1, ""EQ"": 1, ""JMP"": 1, ""LOADBOOL"": 2, ""RETURN"": 3}"
1283	0.33.1231	2	0x1413ef5	0x14149c5	2768	10002_data03.o	52598	52715	289	29	0	15	4	0	"[[""_template_data_0001"", 36], [""tgr_NormalAtkObj"", 24], [""TriggerGetPropertyValue"", 12], [""GetInt"", 12], [""TriggerCheckSkillLV"", 4], [""TriggerGetUnitPosition"", 4], [""TriggerDoAreaDamage"", 4]]"	[]	"{""LOADK"": 48, ""EQ"": 8, ""JMP"": 16, ""GETGLOBAL"": 96, ""GETTABLE"": 44, ""CALL"": 36, ""TEST"": 4, ""SETTABLE"": 16, ""ADD"": 8, ""MUL"": 4, ""NEWTABLE"": 4, ""SETLIST"": 4, ""RETURN"": 1}"
1284	0.33.1232	2	0x14149c5	0x1414a66	161	10002_data03.o	52729	52734	10	3	0	2	0	0	"[[""objGetSubType"", 1], [""tgr_cha"", 1]]"	[]	"{""GETGLOBAL"": 2, ""CALL"": 1, ""EQ"": 1, ""JMP"": 1, ""LOADBOOL"": 2, ""RETURN"": 3}"
1285	0.33.1233	2	0x1414a66	0x1415512	2732	10002_data03.o	52736	52769	257	32	0	14	11	0	"[[""tgr_cha"", 30], [""objGetAttr"", 28], [""Cha_InventoryTakeItem"", 27], [""_template_data_0001"", 3], [""GetPlayerUseHeroNum"", 1], [""GetPlayerUseHeroCha"", 1], [""cha_Active_atkarea"", 1], [""CONTROL_PLAYER"", 1], [""objGetControl"", 1], [""tgr_RemoveUnit"", 1], [""Game_End"", 1]]"	"[[""tgr_cha"", 1]]"	"{""LOADK"": 12, ""FORPREP"": 2, ""GETGLOBAL"": 95, ""MOVE"": 4, ""CALL"": 33, ""SETGLOBAL"": 1, ""EQ"": 35, ""JMP"": 38, ""GETTABLE"": 32, ""LT"": 2, ""FORLOOP"": 2, ""RETURN"": 1}"
1286	0.33.1234	2	0x1415512	0x14155d7	197	10002_data03.o	52783	52788	12	5	0	3	0	0	"[[""CheckSkillExist"", 1], [""tgr_KEobj"", 1]]"	[]	"{""GETGLOBAL"": 2, ""GETTABLE"": 1, ""LOADK"": 1, ""CALL"": 1, ""EQ"": 1, ""JMP"": 1, ""LOADBOOL"": 2, ""RETURN"": 3}"
1287	0.33.1235	2	0x14155d7	0x14156ce	247	10002_data03.o	52790	52798	13	8	0	5	0	0	"[[""GetRandomNumber"", 1], [""TriggerAddUnitAttr"", 1], [""tgr_KEobj"", 1]]"	[]	"{""GETGLOBAL"": 3, ""LOADK"": 4, ""CALL"": 2, ""LE"": 1, ""JMP"": 1, ""GETTABLE"": 1, ""RETURN"": 1}"
1288	0.33.1236	2	0x14156ce	0x141579a	204	10002_data03.o	52812	52817	12	5	0	3	0	0	"[[""CheckSkillExist"", 1], [""tgr_NormalAtkObj"", 1]]"	[]	"{""GETGLOBAL"": 2, ""GETTABLE"": 1, ""LOADK"": 1, ""CALL"": 1, ""EQ"": 1, ""JMP"": 1, ""LOADBOOL"": 2, ""RETURN"": 3}"
1289	0.33.1237	2	0x141579a	0x141608e	2292	10002_data03.o	52819	52952	222	25	0	11	9	0	"[[""tgr_NormalAtkObj"", 23], [""_template_data_0001"", 10], [""TriggerGetPropertyValue"", 5], [""TriggerAddUnitAttr"", 5], [""TriggerCheckSkillLV"", 4], [""GetRandomNumber"", 4], [""TriggerAddSkillState"", 4], [""Check_SkilleffNum_Bit"", 1]]"	[]	"{""LOADK"": 54, ""EQ"": 15, ""JMP"": 32, ""GETGLOBAL"": 56, ""GETTABLE"": 28, ""CALL"": 23, ""TEST"": 4, ""LE"": 4, ""SETTABLE"": 5, ""RETURN"": 1}"
1290	0.33.1238	2	0x141608e	0x14160ce	64	10002_data03.o	52966	52968	3	0	0	2	0	0	[]	[]	"{""LOADBOOL"": 1, ""RETURN"": 2}"
1291	0.33.1239	2	0x14160ce	0x1416a6f	2465	10002_data03.o	52970	53092	235	23	0	18	13	0	"[[""_template_data_0001"", 28], [""tgr_NormalAtkObj"", 17], [""TriggerCheckSkillLV"", 4], [""TriggerGetPropertyValue"", 4], [""TriggerGetUnitPosition"", 4], [""TriggerDoAreaDamage"", 4], [""CheckSkillExist"", 1]]"	[]	"{""LOADK"": 51, ""EQ"": 11, ""JMP"": 20, ""GETGLOBAL"": 62, ""GETTABLE"": 33, ""CALL"": 17, ""TEST"": 4, ""SETTABLE"": 12, ""MUL"": 8, ""ADD"": 8, ""NEWTABLE"": 4, ""SETLIST"": 4, ""RETURN"": 1}"
1292	0.33.1240	2	0x1416a6f	0x1416b8e	287	10002_data03.o	53106	53114	20	7	0	3	0	0	"[[""tgr_KEobj"", 2], [""CheckSkillExist"", 1], [""objGetSubType"", 1]]"	[]	"{""GETGLOBAL"": 4, ""GETTABLE"": 2, ""LOADK"": 1, ""CALL"": 2, ""EQ"": 2, ""JMP"": 2, ""LOADBOOL"": 3, ""RETURN"": 4}"
1293	0.33.1241	2	0x1416b8e	0x1416d6b	477	10002_data03.o	53116	53136	32	10	0	9	3	0	"[[""_template_data_0001"", 4], [""tgr_KEobj"", 2], [""TriggerAddSkillState"", 1]]"	[]	"{""LOADK"": 6, ""EQ"": 2, ""JMP"": 4, ""GETGLOBAL"": 7, ""GETTABLE"": 5, ""LT"": 1, ""MUL"": 2, ""ADD"": 2, ""SETTABLE"": 1, ""CALL"": 1, ""RETURN"": 1}"
1294	0.33.1242	2	0x1416d6b	0x1416e30	197	10002_data03.o	53150	53155	12	5	0	3	0	0	"[[""CheckSkillExist"", 1], [""tgr_KEobj"", 1]]"	[]	"{""GETGLOBAL"": 2, ""GETTABLE"": 1, ""LOADK"": 1, ""CALL"": 1, ""EQ"": 1, ""JMP"": 1, ""LOADBOOL"": 2, ""RETURN"": 3}"
1295	0.33.1243	2	0x1416e30	0x1416f03	211	10002_data03.o	53157	53165	11	3	0	5	2	0	"[[""_template_data_0001"", 2]]"	[]	"{""LOADK"": 2, ""GETGLOBAL"": 2, ""GETTABLE"": 1, ""MUL"": 2, ""ADD"": 2, ""SETTABLE"": 1, ""RETURN"": 1}"
1296	0.33.1244	2	0x1416f03	0x1416f43	64	10002_data03.o	53179	53181	3	0	0	2	0	0	[]	[]	"{""LOADBOOL"": 1, ""RETURN"": 2}"
1297	0.33.1245	2	0x1416f43	0x1417498	1365	10002_data03.o	53183	53230	115	29	0	13	2	0	"[[""_template_data_0001"", 12], [""tgr_NormalAtkObj"", 9], [""GetInt"", 5], [""CheckSkillExist"", 2], [""TriggerGetUnitPosition"", 2], [""TriggerGetPropertyValue"", 2], [""TriggerDoAreaDamage"", 2], [""TriggerAddEffectAndTimes"", 1]]"	[]	"{""LOADK"": 21, ""EQ"": 6, ""JMP"": 8, ""GETGLOBAL"": 35, ""GETTABLE"": 17, ""CALL"": 14, ""SETTABLE"": 4, ""MUL"": 5, ""NEWTABLE"": 2, ""SETLIST"": 2, ""RETURN"": 1}"
1298	0.33.1246	2	0x1417498	0x1417539	161	10002_data03.o	53244	53249	10	3	0	2	0	0	"[[""objGetSubType"", 1], [""tgr_cha"", 1]]"	[]	"{""GETGLOBAL"": 2, ""CALL"": 1, ""EQ"": 1, ""JMP"": 1, ""LOADBOOL"": 2, ""RETURN"": 3}"
1299	0.33.1247	2	0x1417539	0x14178ca	913	10002_data03.o	53251	53267	81	17	0	6	1	0	"[[""tgr_cha"", 11], [""objGetAttr"", 9], [""Cha_InventoryTakeItem"", 9], [""tgr_RemoveItemFromCha"", 1], [""tgr_getNewItem"", 1]]"	[]	"{""LOADK"": 6, ""EQ"": 11, ""JMP"": 12, ""GETGLOBAL"": 31, ""GETTABLE"": 9, ""CALL"": 11, ""RETURN"": 1}"
1300	0.33.1248	2	0x14178ca	0x1417983	185	10002_data03.o	53281	53286	11	4	0	2	0	0	"[[""objGetSubType"", 1], [""tgr_NormalAtkObj"", 1]]"	[]	"{""GETGLOBAL"": 2, ""GETTABLE"": 1, ""CALL"": 1, ""EQ"": 1, ""JMP"": 1, ""LOADBOOL"": 2, ""RETURN"": 3}"
1301	0.33.1249	2	0x1417983	0x1417f69	1510	10002_data03.o	53288	53318	137	28	0	12	1	0	"[[""tgr_NormalAtkObj"", 14], [""objGetAttr"", 9], [""Cha_InventoryTakeItem"", 9], [""_template_data_0001"", 9], [""TriggerGetPropertyValue"", 3], [""GetInt"", 3], [""TriggerGetUnitPosition"", 1], [""TriggerDoAreaDamage"", 1]]"	[]	"{""LOADK"": 10, ""EQ"": 11, ""JMP"": 12, ""GETGLOBAL"": 49, ""GETTABLE"": 28, ""CALL"": 17, ""SETTABLE"": 4, ""ADD"": 2, ""MUL"": 1, ""NEWTABLE"": 1, ""SETLIST"": 1, ""RETURN"": 1}"
1302	0.33.1250	2	0x1417f69	0x1417fa9	64	10002_data03.o	53332	53334	3	0	0	2	0	0	[]	[]	"{""LOADBOOL"": 1, ""RETURN"": 2}"
1303	0.33.1251	2	0x1417fa9	0x1418049	160	10002_data03.o	53336	53340	7	5	0	5	0	0	"[[""TriggerAddUnitAttr"", 1], [""tgr_cha"", 1]]"	[]	"{""GETGLOBAL"": 2, ""LOADK"": 3, ""CALL"": 1, ""RETURN"": 1}"
1304	0.33.1252	2	0x1418049	0x141816b	290	10002_data03.o	53354	53362	20	6	0	3	0	0	"[[""tgr_cha"", 2], [""CONTROL_PLAYER"", 1], [""objGetControl"", 1], [""objGetSubType"", 1]]"	[]	"{""GETGLOBAL"": 5, ""CALL"": 2, ""GETTABLE"": 2, ""EQ"": 2, ""JMP"": 2, ""LOADBOOL"": 3, ""RETURN"": 4}"
1305	0.33.1253	2	0x141816b	0x1418250	229	10002_data03.o	53364	53372	11	5	0	5	2	0	"[[""_template_data_0001"", 2]]"	[]	"{""LOADK"": 2, ""GETGLOBAL"": 2, ""GETTABLE"": 1, ""MUL"": 2, ""ADD"": 2, ""SETTABLE"": 1, ""RETURN"": 1}"
1306	0.33.1254	2	0x1418250	0x1418372	290	10002_data03.o	53386	53394	20	6	0	3	0	0	"[[""tgr_cha"", 2], [""CONTROL_PLAYER"", 1], [""objGetControl"", 1], [""objGetSubType"", 1]]"	[]	"{""GETGLOBAL"": 5, ""CALL"": 2, ""GETTABLE"": 2, ""EQ"": 2, ""JMP"": 2, ""LOADBOOL"": 3, ""RETURN"": 4}"
1307	0.33.1255	2	0x1418372	0x1418457	229	10002_data03.o	53396	53404	11	5	0	5	2	0	"[[""_template_data_0001"", 2]]"	[]	"{""LOADK"": 2, ""GETGLOBAL"": 2, ""GETTABLE"": 1, ""MUL"": 2, ""ADD"": 2, ""SETTABLE"": 1, ""RETURN"": 1}"
1308	0.33.1256	2	0x1418457	0x141851c	197	10002_data03.o	53418	53423	12	5	0	3	0	0	"[[""CheckSkillExist"", 1], [""tgr_CSobj"", 1]]"	[]	"{""GETGLOBAL"": 2, ""GETTABLE"": 1, ""LOADK"": 1, ""CALL"": 1, ""EQ"": 1, ""JMP"": 1, ""LOADBOOL"": 2, ""RETURN"": 3}"
1309	0.33.1257	2	0x141851c	0x14185df	195	10002_data03.o	53425	53429	10	6	0	6	0	0	"[[""tgr_CSobj"", 2], [""TriggerAddSkillState"", 1]]"	[]	"{""GETGLOBAL"": 3, ""GETTABLE"": 2, ""LOADK"": 3, ""CALL"": 1, ""RETURN"": 1}"
1310	0.33.1258	2	0x14185df	0x1418707	296	10002_data03.o	53443	53451	20	8	0	3	0	0	"[[""tgr_KEobj"", 2], [""CheckSkillExist"", 1], [""objGetSubType"", 1]]"	[]	"{""GETGLOBAL"": 4, ""GETTABLE"": 2, ""LOADK"": 1, ""CALL"": 2, ""EQ"": 2, ""JMP"": 2, ""LOADBOOL"": 3, ""RETURN"": 4}"
1311	0.33.1259	2	0x1418707	0x1418b97	1168	10002_data03.o	53453	53518	109	17	0	9	4	0	"[[""tgr_KEobj"", 8], [""TriggerCheckSkillLV"", 4], [""GetRandomNumber"", 4], [""TriggerAddUnitAttr"", 4]]"	[]	"{""LOADK"": 32, ""EQ"": 8, ""JMP"": 20, ""GETGLOBAL"": 20, ""GETTABLE"": 8, ""CALL"": 12, ""TEST"": 4, ""LE"": 4, ""RETURN"": 1}"
1312	0.33.1260	2	0x1418b97	0x1418cb6	287	10002_data03.o	53532	53540	20	7	0	3	0	0	"[[""tgr_KEobj"", 2], [""CheckSkillExist"", 1], [""objGetSubType"", 1]]"	[]	"{""GETGLOBAL"": 4, ""GETTABLE"": 2, ""LOADK"": 1, ""CALL"": 2, ""EQ"": 2, ""JMP"": 2, ""LOADBOOL"": 3, ""RETURN"": 4}"
1313	0.33.1261	2	0x1418cb6	0x1419115	1119	10002_data03.o	53542	53603	104	16	0	9	4	0	"[[""tgr_KEobj"", 8], [""TriggerCheckSkillLV"", 4], [""TriggerAddUnitAttr"", 4], [""GetRandomNumber"", 3]]"	[]	"{""LOADK"": 31, ""EQ"": 8, ""JMP"": 19, ""GETGLOBAL"": 19, ""GETTABLE"": 8, ""CALL"": 11, ""TEST"": 4, ""LE"": 3, ""RETURN"": 1}"
1314	0.33.1262	2	0x1419115	0x14191d7	194	10002_data03.o	53617	53622	12	4	0	3	0	0	"[[""TriggerCheckChatypeID"", 1], [""tgr_KEobj"", 1]]"	[]	"{""GETGLOBAL"": 2, ""LOADK"": 1, ""GETTABLE"": 1, ""CALL"": 1, ""TEST"": 1, ""JMP"": 1, ""LOADBOOL"": 2, ""RETURN"": 3}"
1315	0.33.1263	2	0x14191d7	0x14193ac	469	10002_data03.o	53624	53632	23	16	0	11	2	0	"[[""AddCha"", 1], [""tab_item"", 1], [""TriggerShowHint"", 1], [""tgr_cha"", 1]]"	[]	"{""LOADK"": 11, ""GETGLOBAL"": 4, ""GETTABLE"": 3, ""MOVE"": 2, ""CALL"": 2, ""RETURN"": 1}"
1316	0.33.1264	2	0x14193ac	0x1419465	185	10002_data03.o	53646	53651	11	4	0	2	0	0	"[[""objGetSubType"", 1], [""tgr_NormalAtkObj"", 1]]"	[]	"{""GETGLOBAL"": 2, ""GETTABLE"": 1, ""CALL"": 1, ""EQ"": 1, ""JMP"": 1, ""LOADBOOL"": 2, ""RETURN"": 3}"
1317	0.33.1265	2	0x1419465	0x1419c69	2052	10002_data03.o	53653	53694	206	25	0	7	2	0	"[[""tgr_NormalAtkObj"", 24], [""objGetAttr"", 18], [""Cha_InventoryTakeItem"", 18], [""_template_data_0001"", 4], [""TriggerGetPropertyValue"", 2], [""TriggerAddUnitAttr"", 2], [""TriggerAddEffectAndTimes"", 2], [""GetInt"", 1]]"	[]	"{""LOADK"": 16, ""EQ"": 22, ""JMP"": 24, ""GETGLOBAL"": 71, ""GETTABLE"": 44, ""CALL"": 25, ""SETTABLE"": 2, ""MUL"": 1, ""RETURN"": 1}"
1318	0.33.1266	2	0x1419c69	0x1419ca9	64	10002_data03.o	53708	53710	3	0	0	2	0	0	[]	[]	"{""LOADBOOL"": 1, ""RETURN"": 2}"
1319	0.33.1267	2	0x1419ca9	0x1419d62	185	10002_data03.o	53712	53719	9	6	0	7	1	0	"[[""AddCha"", 1]]"	[]	"{""GETGLOBAL"": 1, ""LOADK"": 5, ""CALL"": 1, ""MOVE"": 1, ""RETURN"": 1}"
1320	0.33.1268	2	0x1419d62	0x1419da2	64	10002_data03.o	53733	53735	3	0	0	2	0	0	[]	[]	"{""LOADBOOL"": 1, ""RETURN"": 2}"
1321	0.33.1269	2	0x1419da2	0x1419f68	454	10002_data03.o	53737	53759	34	10	0	6	2	0	"[[""_template_data_0001"", 3], [""GetInt"", 2], [""Game_End"", 1]]"	[]	"{""LOADK"": 5, ""EQ"": 6, ""JMP"": 8, ""GETGLOBAL"": 6, ""GETTABLE"": 3, ""MUL"": 1, ""CALL"": 3, ""ADD"": 1, ""RETURN"": 1}"
1322	0.33.1270	2	0x1419f68	0x141a003	155	10002_data03.o	53773	53778	9	3	0	2	0	0	"[[""_template_data_0001"", 1]]"	[]	"{""GETGLOBAL"": 1, ""GETTABLE"": 1, ""EQ"": 1, ""JMP"": 1, ""LOADBOOL"": 2, ""RETURN"": 3}"
1323	0.33.1271	2	0x141a003	0x141a54f	1356	10002_data03.o	53780	53813	113	29	0	10	3	0	"[[""tgr_SendSignal"", 8], [""tgr_getNewItem"", 2], [""_template_data_0001"", 2], [""AddCha"", 1], [""TriggerShowHint"", 1], [""tgr_cha"", 1]]"	[]	"{""GETGLOBAL"": 15, ""LOADK"": 76, ""CALL"": 12, ""MOVE"": 3, ""GETTABLE"": 1, ""MUL"": 2, ""ADD"": 2, ""SETTABLE"": 1, ""RETURN"": 1}"
1324	0.33.1272	2	0x141a54f	0x141a611	194	10002_data03.o	53827	53832	12	4	0	3	0	0	"[[""TriggerCheckChatypeID"", 1], [""tgr_KEobj"", 1]]"	[]	"{""GETGLOBAL"": 2, ""LOADK"": 1, ""GETTABLE"": 1, ""CALL"": 1, ""TEST"": 1, ""JMP"": 1, ""LOADBOOL"": 2, ""RETURN"": 3}"
1325	0.33.1273	2	0x141a611	0x141b0d3	2754	10002_data03.o	53834	53892	252	42	0	13	10	0	"[[""tgr_SendSignal"", 21], [""_template_data_0001"", 2], [""TriggerCheckChatypeID"", 2], [""AddCha"", 1], [""TriggerShowHint"", 1], [""tgr_cha"", 1], [""sceGetAIChaNum"", 1], [""sceGetAICha"", 1], [""tgr_RemoveUnit"", 1]]"	[]	"{""GETGLOBAL"": 31, ""LOADK"": 168, ""CALL"": 28, ""MOVE"": 5, ""GETTABLE"": 1, ""MUL"": 2, ""ADD"": 2, ""SETTABLE"": 1, ""EQ"": 3, ""JMP"": 5, ""SUB"": 1, ""FORPREP"": 1, ""TEST"": 2, ""FORLOOP"": 1, ""RETURN"": 1}"
1326	0.33.1274	2	0x141b0d3	0x141b113	64	10002_data03.o	53906	53908	3	0	0	2	0	0	[]	[]	"{""LOADBOOL"": 1, ""RETURN"": 2}"
1327	0.33.1275	2	0x141b113	0x141c963	6224	10002_data03.o	53910	54052	691	48	0	13	8	0	"[[""tgr_SendSignal"", 63], [""AddCha"", 4], [""TriggerCheckChatypeID"", 3], [""tgr_KEobj"", 3], [""_template_data_0001"", 3], [""TriggerShowHint"", 2], [""tgr_cha"", 2]]"	[]	"{""LOADK"": 488, ""EQ"": 12, ""JMP"": 20, ""GETGLOBAL"": 80, ""GETTABLE"": 6, ""CALL"": 72, ""TEST"": 3, ""LOADNIL"": 4, ""MOVE"": 4, ""LT"": 1, ""RETURN"": 1}"
1328	0.33.1276	2	0x141c963	0x141ca6d	266	10002_data03.o	54066	54071	19	5	0	3	0	0	"[[""TriggerCheckChatypeID"", 2], [""tgr_NormalAtkObj"", 2]]"	[]	"{""GETGLOBAL"": 4, ""LOADK"": 2, ""GETTABLE"": 2, ""CALL"": 2, ""TEST"": 2, ""JMP"": 2, ""LOADBOOL"": 2, ""RETURN"": 3}"
1329	0.33.1277	2	0x141ca6d	0x141cc56	489	10002_data03.o	54073	54089	30	12	0	10	1	0	"[[""tgr_NormalAtkObj"", 2], [""IsChaInRegion"", 1], [""tgr_RemoveUnit"", 1], [""TriggerShowHint"", 1], [""tgr_cha"", 1]]"	[]	"{""LOADK"": 11, ""EQ"": 3, ""JMP"": 4, ""GETGLOBAL"": 6, ""GETTABLE"": 2, ""CALL"": 3, ""RETURN"": 1}"
1330	0.33.1278	2	0x141cc56	0x141ccf7	161	10002_data03.o	54103	54108	10	3	0	2	0	0	"[[""objGetSubType"", 1], [""tgr_cha"", 1]]"	[]	"{""GETGLOBAL"": 2, ""CALL"": 1, ""EQ"": 1, ""JMP"": 1, ""LOADBOOL"": 2, ""RETURN"": 3}"
1331	0.33.1279	2	0x141ccf7	0x141d088	913	10002_data03.o	54110	54126	81	17	0	6	1	0	"[[""tgr_cha"", 11], [""objGetAttr"", 9], [""Cha_InventoryTakeItem"", 9], [""tgr_RemoveItemFromCha"", 1], [""tgr_getNewItem"", 1]]"	[]	"{""LOADK"": 6, ""EQ"": 11, ""JMP"": 12, ""GETGLOBAL"": 31, ""GETTABLE"": 9, ""CALL"": 11, ""RETURN"": 1}"
1332	0.33.1280	2	0x141d088	0x141d129	161	10002_data03.o	54140	54145	10	3	0	2	0	0	"[[""objGetSubType"", 1], [""tgr_cha"", 1]]"	[]	"{""GETGLOBAL"": 2, ""CALL"": 1, ""EQ"": 1, ""JMP"": 1, ""LOADBOOL"": 2, ""RETURN"": 3}"
1333	0.33.1281	2	0x141d129	0x141d4ba	913	10002_data03.o	54147	54163	81	17	0	6	1	0	"[[""tgr_cha"", 11], [""objGetAttr"", 9], [""Cha_InventoryTakeItem"", 9], [""tgr_RemoveItemFromCha"", 1], [""tgr_getNewItem"", 1]]"	[]	"{""LOADK"": 6, ""EQ"": 11, ""JMP"": 12, ""GETGLOBAL"": 31, ""GETTABLE"": 9, ""CALL"": 11, ""RETURN"": 1}"
1334	0.33.1282	2	0x141d4ba	0x141d55b	161	10002_data03.o	54177	54182	10	3	0	2	0	0	"[[""objGetSubType"", 1], [""tgr_cha"", 1]]"	[]	"{""GETGLOBAL"": 2, ""CALL"": 1, ""EQ"": 1, ""JMP"": 1, ""LOADBOOL"": 2, ""RETURN"": 3}"
1335	0.33.1283	2	0x141d55b	0x141d8ec	913	10002_data03.o	54184	54200	81	17	0	6	1	0	"[[""tgr_cha"", 11], [""objGetAttr"", 9], [""Cha_InventoryTakeItem"", 9], [""tgr_RemoveItemFromCha"", 1], [""tgr_getNewItem"", 1]]"	[]	"{""LOADK"": 6, ""EQ"": 11, ""JMP"": 12, ""GETGLOBAL"": 31, ""GETTABLE"": 9, ""CALL"": 11, ""RETURN"": 1}"
1336	0.33.1284	2	0x141d8ec	0x141d9a0	180	10002_data03.o	54214	54219	11	4	0	3	0	0	"[[""CheckSkillExist"", 1], [""tgr_cha"", 1]]"	[]	"{""GETGLOBAL"": 2, ""LOADK"": 1, ""CALL"": 1, ""EQ"": 1, ""JMP"": 1, ""LOADBOOL"": 2, ""RETURN"": 3}"
1337	0.33.1285	2	0x141d9a0	0x141db4a	426	10002_data03.o	54221	54243	27	11	0	6	1	0	"[[""tgr_cha"", 3], [""GetRandomNumber"", 1], [""objGetSubType"", 1], [""Skill_Refresh"", 1], [""TriggerAddEffectAndTimes"", 1]]"	[]	"{""GETGLOBAL"": 7, ""LOADK"": 6, ""CALL"": 4, ""LE"": 1, ""JMP"": 5, ""EQ"": 3, ""RETURN"": 1}"
1338	0.33.1286	2	0x141db4a	0x141db8a	64	10002_data03.o	54257	54259	3	0	0	2	0	0	[]	[]	"{""LOADBOOL"": 1, ""RETURN"": 2}"
1339	0.33.1287	2	0x141db8a	0x141dcbd	307	10002_data03.o	54261	54265	11	6	0	9	0	0	"[[""TriggerShowHint"", 1], [""tgr_cha"", 1]]"	[]	"{""GETGLOBAL"": 2, ""LOADK"": 7, ""CALL"": 1, ""RETURN"": 1}"
51	0.33	1	0x12dd3ce	0x143482a	1406044	10002_data03.o	0	0	23235	1535	1288	9	4	0	"[[""_template_data_0000"", 3214], [""_template_data_0001"", 1083], [""TgrRegisterEventGetItem"", 90], [""TgrRegisterEventAddEff"", 84], [""TgrRegisterEventNormalAtk"", 70], [""TgrRegisterEventTimer"", 59], [""TgrRegisterEventUnitKill"", 52], [""Dmg_Account"", 49], [""TgrRegisterEventAddUnit"", 49], [""TgrRegisterEventUnitDie"", 37], [""TgrRegisterEventArea"", 37], [""TgrRegisterEventCastSkill"", 35], [""TgrRegisterEventGamePoint"", 31], [""TgrRegisterEventUseItem"", 26], [""TgrRegisterEventUnitReborn"", 15], [""TgrRegisterEventUseSkPoint"", 13], [""TgrRegisterEventCastSkillNoId"", 12], [""TgrRegisterEventLostItem"", 11], [""TgrRegisterEventDissEff"", 8], [""TgrRegisterEventPlayerLeave"", 8], [""BirthPoint_X"", 6], [""BirthPoint_Y"", 6], [""TgrRegisterEventCastSkillUIKey"", 6], [""Player_Pop"", 1], [""CanNotCastSingleSkill"", 1], [""MA_routs"", 1], [""TgrRegisterEventHeroLevelUp"", 1], [""TgrRegisterEventGetInput"", 1]]"	"[[""MAPTABVERSION"", 1], [""BGM"", 1], [""MoveSpdLim_Max"", 1], [""MoveSpdLim_Min"", 1], [""GetAspdLimtDtrl"", 1], [""GetStrToHpAdd"", 1], [""GetHpres"", 1], [""GetIntToSpAdd"", 1], [""GetSpres"", 1], [""GetAgiToMsAdd"", 1], [""GetAgiToDefAdd"", 1], [""AttrRecheckType"", 1], [""ExpByHeroLv"", 1], [""AgiToAttSpeed"", 1], [""AttrToAtk"", 1], [""HP_limit"", 1], [""ItemDiscountDefault"", 1], [""ATK_COMBO_OPEN"", 1], [""Range_exp"", 1], [""ItemIsGetWoodBySell"", 1], [""USEBAGSYS"", 1], [""BirthPoint_X"", 1], [""BirthPoint_Y"", 1], [""sNpc_exp"", 1], [""nNpc_exp"", 1], [""dNpc_exp"", 1], [""HERO_AI"", 1], [""NORMAL_AI"", 1], [""WILD_AI"", 1], [""BUILDING_AI"", 1]]"	"{""LOADK"": 8664, ""SETGLOBAL"": 39, ""GETGLOBAL"": 5006, ""SETTABLE"": 3790, ""NEWTABLE"": 760, ""SETLIST"": 5, ""CLOSURE"": 1288, ""GETTABLE"": 3035, ""FORPREP"": 1, ""FORLOOP"": 1, ""CALL"": 645, ""RETURN"": 1}"
0	0	0	0xc	0x1434836	21186602	=(luac)	0	0	69	0	34	1	0	0	[]	[]	"{""CLOSURE"": 34, ""CALL"": 34, ""RETURN"": 1}"
